borrower_id,age,state,annual_income,employment_status,housing_status,dti_ratio,years_at_current_residence,credit_history_years,fico_score,fico_band
BOR100000,19,MO,54000.0,Full-time,Rent,44.1,1.2,1,672,Fair (620-679)
BOR100001,42,VA,68200.0,Full-time,Own,40.1,3.2,25,587,Poor (<620)
BOR100002,28,AZ,62700.0,Full-time,Rent,32.2,2.7,6,655,Fair (620-679)
BOR100003,49,CO,47300.0,Full-time,Rent,44.3,14.0,32,657,Fair (620-679)
BOR100004,38,TN,71300.0,Full-time,Rent,13.9,2.2,20,735,Good (680-739)
BOR100005,65,AZ,28000.0,Part-time,Own,42.1,10.0,48,651,Fair (620-679)
BOR100006,38,AZ,105700.0,Part-time,Own,28.9,2.0,20,668,Fair (620-679)
BOR100007,46,GA,32900.0,Part-time,Own,38.3,4.3,28,652,Fair (620-679)
BOR100008,38,CA,34600.0,Full-time,Mortgage,42.1,0.7,19,589,Poor (<620)
BOR100009,22,NJ,36000.0,Self-employed,Rent,33.9,7.1,5,638,Fair (620-679)
BOR100010,39,IL,34800.0,Full-time,Rent,32.7,6.1,18,655,Fair (620-679)
BOR100011,50,NJ,42800.0,Full-time,Rent,28.1,5.7,32,685,Good (680-739)
BOR100012,48,NV,42000.0,Full-time,Mortgage,48.9,2.9,30,716,Good (680-739)
BOR100013,37,IL,49400.0,Self-employed,Rent,35.4,11.7,19,665,Fair (620-679)
BOR100014,24,TX,32300.0,Full-time,Rent,34.2,2.6,1,664,Fair (620-679)
BOR100015,49,GA,50300.0,Self-employed,Rent,47.1,2.3,29,568,Poor (<620)
BOR100016,46,GA,28500.0,Full-time,Rent,27.0,0.5,24,715,Good (680-739)
BOR100017,51,IN,64800.0,Self-employed,Mortgage,29.5,3.2,32,635,Fair (620-679)
BOR100018,38,AZ,64500.0,Full-time,Rent,41.4,3.8,16,729,Good (680-739)
BOR100019,21,MN,46500.0,Full-time,Rent,49.7,5.1,3,766,Very Good (740-799)
BOR100020,47,IN,34800.0,Full-time,Rent,32.4,0.2,27,668,Fair (620-679)
BOR100021,41,NJ,53600.0,Full-time,Rent,35.9,3.1,25,613,Poor (<620)
BOR100022,58,NV,31300.0,Full-time,Mortgage,16.1,4.9,40,679,Fair (620-679)
BOR100023,41,PA,47400.0,Full-time,Mortgage,44.8,5.2,21,703,Good (680-739)
BOR100024,40,CA,43600.0,Full-time,Mortgage,21.2,5.8,21,659,Fair (620-679)
BOR100025,46,FL,152300.0,Full-time,Mortgage,26.6,5.1,24,643,Fair (620-679)
BOR100026,34,MD,26800.0,Full-time,Mortgage,33.9,1.4,14,717,Good (680-739)
BOR100027,33,VA,18000.0,Full-time,Rent,25.5,1.6,13,712,Good (680-739)
BOR100028,40,PA,35000.0,Full-time,Mortgage,12.6,9.9,23,657,Fair (620-679)
BOR100029,30,WA,21500.0,Retired,Mortgage,19.6,6.6,10,572,Poor (<620)
BOR100030,38,NY,33600.0,Full-time,Rent,33.0,0.2,22,710,Good (680-739)
BOR100031,64,MD,26000.0,Part-time,Mortgage,47.0,8.2,45,630,Fair (620-679)
BOR100032,54,NJ,31000.0,Full-time,Own,46.2,3.5,38,694,Good (680-739)
BOR100033,45,MI,28900.0,Part-time,Rent,35.8,1.8,25,690,Good (680-739)
BOR100034,60,GA,71900.0,Full-time,Mortgage,33.6,0.3,39,557,Poor (<620)
BOR100035,31,TN,45600.0,Full-time,Mortgage,40.0,2.0,10,685,Good (680-739)
BOR100036,71,NC,75700.0,Full-time,Rent,45.3,4.7,48,713,Good (680-739)
BOR100037,35,FL,47500.0,Full-time,Own,33.2,1.0,17,721,Good (680-739)
BOR100038,65,FL,70800.0,Full-time,Mortgage,33.5,2.6,44,688,Good (680-739)
BOR100039,65,UT,40700.0,Full-time,Rent,34.0,0.3,42,551,Poor (<620)
BOR100040,20,MS,95600.0,Retired,Other,42.1,1.6,1,763,Very Good (740-799)
BOR100041,59,MD,57600.0,Part-time,Mortgage,18.3,2.7,43,707,Good (680-739)
BOR100042,38,OH,32800.0,Full-time,Mortgage,32.2,10.4,16,602,Poor (<620)
BOR100043,34,UT,61600.0,Full-time,Rent,36.0,1.2,16,629,Fair (620-679)
BOR100044,47,MN,47200.0,Full-time,Rent,13.1,2.7,31,695,Good (680-739)
BOR100045,29,MD,42600.0,Self-employed,Rent,41.2,5.1,6,724,Good (680-739)
BOR100046,47,NJ,48700.0,Self-employed,Rent,42.8,3.0,28,648,Fair (620-679)
BOR100047,30,OH,65400.0,Full-time,Rent,12.5,4.2,8,734,Good (680-739)
BOR100048,43,FL,18000.0,Retired,Mortgage,27.9,0.8,25,563,Poor (<620)
BOR100049,57,MS,39800.0,Full-time,Rent,28.2,0.9,41,612,Poor (<620)
BOR100050,46,NJ,63400.0,Full-time,Mortgage,23.1,8.6,26,546,Poor (<620)
BOR100051,37,PA,52100.0,Full-time,Rent,24.5,5.6,19,622,Fair (620-679)
BOR100052,47,GA,28100.0,Full-time,Rent,26.8,6.7,26,778,Very Good (740-799)
BOR100053,24,MA,18000.0,Full-time,Rent,38.1,0.3,3,814,Exceptional (800+)
BOR100054,31,PA,100200.0,Full-time,Mortgage,44.5,5.2,9,695,Good (680-739)
BOR100055,36,LA,42900.0,Full-time,Rent,37.5,1.3,16,639,Fair (620-679)
BOR100056,50,CO,92200.0,Full-time,Mortgage,22.9,1.4,29,666,Fair (620-679)
BOR100057,46,MD,66700.0,Retired,Mortgage,39.9,1.2,23,711,Good (680-739)
BOR100058,47,NJ,32600.0,Part-time,Rent,38.0,0.5,24,578,Poor (<620)
BOR100059,41,TN,18000.0,Part-time,Mortgage,5.0,2.5,19,643,Fair (620-679)
BOR100060,32,MA,37900.0,Self-employed,Mortgage,44.4,0.9,11,773,Very Good (740-799)
BOR100061,59,IN,45900.0,Part-time,Mortgage,33.3,1.8,38,612,Poor (<620)
BOR100062,33,TX,57100.0,Full-time,Rent,33.7,0.3,11,631,Fair (620-679)
BOR100063,46,NJ,28300.0,Retired,Mortgage,14.6,2.0,26,681,Good (680-739)
BOR100064,40,TX,50500.0,Full-time,Rent,48.1,0.3,20,698,Good (680-739)
BOR100065,48,WA,50500.0,Full-time,Other,35.4,4.9,25,639,Fair (620-679)
BOR100066,34,NC,72700.0,Self-employed,Own,39.8,7.1,12,685,Good (680-739)
BOR100067,54,NY,40600.0,Full-time,Mortgage,18.8,2.5,34,720,Good (680-739)
BOR100068,58,FL,56900.0,Full-time,Rent,37.1,7.2,38,807,Exceptional (800+)
BOR100069,53,MA,53100.0,Self-employed,Rent,37.3,1.0,37,672,Fair (620-679)
BOR100070,43,PA,69100.0,Full-time,Mortgage,30.4,4.3,24,677,Fair (620-679)
BOR100071,36,MS,32200.0,Full-time,Own,19.1,0.8,15,779,Very Good (740-799)
BOR100072,75,MA,18000.0,Retired,Rent,31.4,0.3,55,644,Fair (620-679)
BOR100073,29,NC,41900.0,Self-employed,Rent,22.4,4.2,9,594,Poor (<620)
BOR100074,52,MA,42000.0,Self-employed,Mortgage,25.0,6.4,33,696,Good (680-739)
BOR100075,45,CA,27700.0,Full-time,Rent,43.6,3.5,23,750,Very Good (740-799)
BOR100076,40,UT,23700.0,Self-employed,Mortgage,32.9,3.2,22,703,Good (680-739)
BOR100077,43,VA,36000.0,Full-time,Mortgage,31.2,10.1,24,674,Fair (620-679)
BOR100078,35,MN,44300.0,Part-time,Own,20.2,5.6,18,586,Poor (<620)
BOR100079,46,TX,48700.0,Full-time,Rent,31.5,0.5,29,676,Fair (620-679)
BOR100080,45,WA,18000.0,Full-time,Rent,30.5,6.3,25,760,Very Good (740-799)
BOR100081,73,WA,21200.0,Full-time,Own,22.2,0.2,52,600,Poor (<620)
BOR100082,54,MS,77500.0,Retired,Rent,42.9,5.8,34,664,Fair (620-679)
BOR100083,47,MA,42800.0,Full-time,Mortgage,42.4,1.9,24,655,Fair (620-679)
BOR100084,48,VA,46600.0,Full-time,Mortgage,24.3,0.2,27,635,Fair (620-679)
BOR100085,63,OH,25600.0,Full-time,Own,36.0,7.3,47,696,Good (680-739)
BOR100086,29,NC,46500.0,Full-time,Rent,13.5,4.2,9,709,Good (680-739)
BOR100087,39,WA,39400.0,Full-time,Other,35.2,4.0,22,708,Good (680-739)
BOR100088,19,NJ,35300.0,Self-employed,Own,39.8,0.1,3,617,Poor (<620)
BOR100089,48,CA,24200.0,Full-time,Mortgage,20.8,0.7,31,573,Poor (<620)
BOR100090,51,NV,31500.0,Full-time,Mortgage,32.2,2.0,29,697,Good (680-739)
BOR100091,29,LA,113300.0,Full-time,Rent,33.3,0.5,12,647,Fair (620-679)
BOR100092,58,NY,39800.0,Full-time,Mortgage,60.9,0.0,35,799,Very Good (740-799)
BOR100093,32,AZ,66500.0,Full-time,Other,57.8,1.7,12,802,Exceptional (800+)
BOR100094,37,FL,42700.0,Full-time,Rent,35.2,0.5,19,809,Exceptional (800+)
BOR100095,42,MO,40500.0,Full-time,Rent,25.4,11.7,26,619,Poor (<620)
BOR100096,60,GA,35000.0,Full-time,Own,34.4,4.8,42,717,Good (680-739)
BOR100097,31,IN,85400.0,Full-time,Mortgage,43.3,5.1,8,737,Good (680-739)
BOR100098,44,MD,55200.0,Full-time,Rent,15.3,2.9,25,729,Good (680-739)
BOR100099,50,MN,32700.0,Full-time,Rent,11.1,3.3,33,657,Fair (620-679)
BOR100100,48,FL,39100.0,Full-time,Rent,20.5,2.6,25,763,Very Good (740-799)
BOR100101,48,MS,75700.0,Full-time,Rent,39.6,0.4,32,680,Good (680-739)
BOR100102,50,IL,18000.0,Full-time,Rent,40.2,7.6,31,688,Good (680-739)
BOR100103,34,CA,53600.0,Full-time,Mortgage,36.4,3.5,16,580,Poor (<620)
BOR100104,61,AZ,59400.0,Full-time,Rent,43.1,2.3,42,722,Good (680-739)
BOR100105,40,NC,33300.0,Self-employed,Mortgage,30.2,3.7,21,663,Fair (620-679)
BOR100106,38,NV,50000.0,Full-time,Rent,29.3,2.5,19,710,Good (680-739)
BOR100107,57,NV,58500.0,Retired,Rent,35.9,6.7,35,695,Good (680-739)
BOR100108,33,GA,26800.0,Full-time,Mortgage,49.1,1.5,17,692,Good (680-739)
BOR100109,45,UT,68100.0,Part-time,Own,36.1,0.5,25,677,Fair (620-679)
BOR100110,32,GA,53300.0,Unemployed,Mortgage,31.0,2.3,12,731,Good (680-739)
BOR100111,71,WA,43500.0,Full-time,Mortgage,36.0,1.8,48,667,Fair (620-679)
BOR100112,69,OH,48900.0,Full-time,Mortgage,46.2,15.9,46,585,Poor (<620)
BOR100113,40,MS,64100.0,Full-time,Own,28.4,3.8,21,717,Good (680-739)
BOR100114,47,PA,132200.0,Full-time,Mortgage,27.5,2.6,27,627,Fair (620-679)
BOR100115,41,TX,61400.0,Self-employed,Mortgage,27.3,1.9,25,594,Poor (<620)
BOR100116,37,NJ,67200.0,Full-time,Own,40.2,7.7,15,614,Poor (<620)
BOR100117,42,NH,50900.0,Self-employed,Rent,24.2,4.9,19,698,Good (680-739)
BOR100118,41,LA,109700.0,Self-employed,Mortgage,38.4,0.8,19,674,Fair (620-679)
BOR100119,23,CO,24100.0,Full-time,Rent,17.3,0.8,3,541,Poor (<620)
BOR100120,44,LA,21300.0,Full-time,Rent,29.4,1.3,22,655,Fair (620-679)
BOR100121,40,LA,50000.0,Self-employed,Rent,31.4,1.5,20,756,Very Good (740-799)
BOR100122,45,WA,62800.0,Full-time,Rent,49.9,6.1,28,651,Fair (620-679)
BOR100123,40,GA,18000.0,Part-time,Mortgage,41.7,4.7,21,669,Fair (620-679)
BOR100124,37,MN,46600.0,Full-time,Rent,28.4,3.2,21,748,Very Good (740-799)
BOR100125,51,IN,43000.0,Full-time,Mortgage,26.8,4.6,34,732,Good (680-739)
BOR100126,47,MI,65200.0,Full-time,Mortgage,25.3,4.7,28,746,Very Good (740-799)
BOR100127,58,FL,56600.0,Full-time,Own,20.8,4.6,40,500,Poor (<620)
BOR100128,47,WI,20700.0,Full-time,Rent,48.2,9.9,31,793,Very Good (740-799)
BOR100129,39,OH,28700.0,Part-time,Own,24.4,1.0,21,721,Good (680-739)
BOR100130,48,MS,32400.0,Full-time,Mortgage,49.2,0.0,29,840,Exceptional (800+)
BOR100131,19,OH,65000.0,Retired,Own,33.0,2.0,1,629,Fair (620-679)
BOR100132,66,NY,55200.0,Part-time,Own,31.2,2.0,47,565,Poor (<620)
BOR100133,44,NV,35300.0,Self-employed,Own,33.0,8.8,26,680,Good (680-739)
BOR100134,67,PA,49800.0,Self-employed,Mortgage,44.1,10.8,48,662,Fair (620-679)
BOR100135,31,PA,29000.0,Self-employed,Rent,23.5,1.9,11,722,Good (680-739)
BOR100136,28,TN,117300.0,Full-time,Rent,37.1,4.8,11,750,Very Good (740-799)
BOR100137,45,LA,60400.0,Full-time,Rent,31.6,0.9,23,674,Fair (620-679)
BOR100138,45,PA,66400.0,Full-time,Rent,36.0,0.8,27,664,Fair (620-679)
BOR100139,45,GA,86600.0,Full-time,Rent,30.0,0.4,22,714,Good (680-739)
BOR100140,43,MN,73700.0,Self-employed,Mortgage,28.4,3.7,25,663,Fair (620-679)
BOR100141,33,UT,47300.0,Full-time,Rent,37.3,8.1,17,658,Fair (620-679)
BOR100142,23,WA,42900.0,Self-employed,Mortgage,18.2,1.5,3,747,Very Good (740-799)
BOR100143,44,NY,83300.0,Full-time,Rent,45.9,4.9,21,762,Very Good (740-799)
BOR100144,26,CA,47200.0,Self-employed,Own,33.1,8.7,6,750,Very Good (740-799)
BOR100145,24,IL,33300.0,Full-time,Mortgage,26.5,3.8,6,669,Fair (620-679)
BOR100146,36,NY,113000.0,Full-time,Mortgage,35.7,1.8,14,541,Poor (<620)
BOR100147,46,MO,30600.0,Self-employed,Mortgage,25.1,4.7,26,670,Fair (620-679)
BOR100148,65,NY,21400.0,Full-time,Rent,32.8,0.1,46,631,Fair (620-679)
BOR100149,53,WA,72900.0,Part-time,Rent,32.9,2.0,37,672,Fair (620-679)
BOR100150,58,MD,33600.0,Full-time,Rent,44.6,5.0,37,636,Fair (620-679)
BOR100151,49,MA,56700.0,Self-employed,Rent,34.8,7.1,32,679,Fair (620-679)
BOR100152,45,PA,105600.0,Full-time,Rent,20.8,3.3,24,612,Poor (<620)
BOR100153,71,NV,25100.0,Self-employed,Rent,37.8,6.1,49,597,Poor (<620)
BOR100154,25,MD,45800.0,Full-time,Rent,39.2,0.4,5,759,Very Good (740-799)
BOR100155,36,WI,90900.0,Full-time,Rent,15.9,3.3,16,617,Poor (<620)
BOR100156,37,NY,63400.0,Full-time,Mortgage,20.1,3.7,14,680,Good (680-739)
BOR100157,52,NY,43000.0,Full-time,Other,52.1,0.4,35,742,Very Good (740-799)
BOR100158,29,MS,136700.0,Part-time,Rent,28.7,16.9,13,739,Good (680-739)
BOR100159,50,MI,44700.0,Full-time,Mortgage,28.9,13.7,27,732,Good (680-739)
BOR100160,48,GA,55700.0,Part-time,Mortgage,31.7,0.0,30,700,Good (680-739)
BOR100161,51,WA,97900.0,Full-time,Rent,25.6,10.9,29,727,Good (680-739)
BOR100162,51,IN,72500.0,Full-time,Rent,14.3,4.1,34,769,Very Good (740-799)
BOR100163,59,UT,84500.0,Full-time,Own,20.8,0.2,40,708,Good (680-739)
BOR100164,40,GA,31100.0,Full-time,Mortgage,25.6,8.7,18,561,Poor (<620)
BOR100165,47,MS,81000.0,Part-time,Rent,27.0,1.3,30,646,Fair (620-679)
BOR100166,32,CA,50300.0,Unemployed,Rent,24.3,4.1,15,725,Good (680-739)
BOR100167,29,AZ,33300.0,Full-time,Mortgage,17.1,4.2,11,639,Fair (620-679)
BOR100168,62,TN,51500.0,Unemployed,Rent,26.5,12.6,41,785,Very Good (740-799)
BOR100169,31,FL,50800.0,Full-time,Rent,43.2,10.1,10,676,Fair (620-679)
BOR100170,49,NY,108100.0,Full-time,Mortgage,25.3,0.9,28,686,Good (680-739)
BOR100171,47,NJ,55400.0,Full-time,Mortgage,30.2,1.3,29,753,Very Good (740-799)
BOR100172,55,UT,32800.0,Full-time,Mortgage,46.4,11.8,33,668,Fair (620-679)
BOR100173,21,TN,29600.0,Retired,Rent,25.1,1.1,2,691,Good (680-739)
BOR100174,52,MS,45600.0,Full-time,Other,62.6,20.2,33,738,Good (680-739)
BOR100175,40,NV,25400.0,Full-time,Other,40.9,1.9,17,584,Poor (<620)
BOR100176,34,VA,33800.0,Full-time,Rent,32.8,3.9,11,661,Fair (620-679)
BOR100177,38,MN,41800.0,Full-time,Mortgage,29.5,0.5,15,734,Good (680-739)
BOR100178,53,CA,38600.0,Full-time,Own,45.4,8.3,33,684,Good (680-739)
BOR100179,50,FL,64700.0,Full-time,Rent,25.1,0.3,31,775,Very Good (740-799)
BOR100180,39,NV,33500.0,Self-employed,Mortgage,27.7,0.9,23,578,Poor (<620)
BOR100181,27,MN,18000.0,Full-time,Rent,48.1,0.4,4,570,Poor (<620)
BOR100182,28,IL,21800.0,Full-time,Other,28.2,3.9,10,730,Good (680-739)
BOR100183,50,AZ,46300.0,Full-time,Own,27.3,0.5,31,736,Good (680-739)
BOR100184,26,TN,35800.0,Retired,Mortgage,25.4,1.6,8,667,Fair (620-679)
BOR100185,40,LA,26700.0,Retired,Rent,12.7,6.8,21,706,Good (680-739)
BOR100186,73,TN,112600.0,Retired,Mortgage,42.1,3.4,55,728,Good (680-739)
BOR100187,47,NJ,67700.0,Full-time,Own,31.6,1.7,30,627,Fair (620-679)
BOR100188,50,MI,45400.0,Full-time,Rent,42.7,11.1,32,634,Fair (620-679)
BOR100189,28,NJ,51800.0,Self-employed,Own,30.3,2.0,11,692,Good (680-739)
BOR100190,26,IN,41400.0,Full-time,Mortgage,27.8,5.9,4,739,Good (680-739)
BOR100191,51,LA,26500.0,Full-time,Other,25.4,1.9,30,604,Poor (<620)
BOR100192,38,NJ,74100.0,Retired,Mortgage,38.8,2.2,22,667,Fair (620-679)
BOR100193,55,OH,68400.0,Full-time,Own,24.0,3.6,33,664,Fair (620-679)
BOR100194,43,IL,19200.0,Full-time,Rent,35.8,4.3,22,707,Good (680-739)
BOR100195,78,WI,51600.0,Full-time,Own,32.4,1.5,55,679,Fair (620-679)
BOR100196,35,NV,54300.0,Full-time,Mortgage,21.6,6.2,16,645,Fair (620-679)
BOR100197,46,FL,40300.0,Unemployed,Other,27.5,4.6,25,761,Very Good (740-799)
BOR100198,31,TX,119800.0,Full-time,Rent,32.1,0.0,15,645,Fair (620-679)
BOR100199,55,TN,114100.0,Full-time,Mortgage,28.9,5.9,37,661,Fair (620-679)
BOR100200,47,NY,39300.0,Full-time,Rent,51.0,6.6,27,577,Poor (<620)
BOR100201,31,NV,42200.0,Full-time,Mortgage,34.4,3.1,8,634,Fair (620-679)
BOR100202,38,GA,40000.0,Part-time,Rent,30.0,4.3,21,714,Good (680-739)
BOR100203,59,NY,35400.0,Full-time,Rent,28.4,2.5,38,701,Good (680-739)
BOR100204,57,MS,30800.0,Full-time,Rent,29.7,4.2,34,719,Good (680-739)
BOR100205,25,PA,58600.0,Full-time,Own,25.9,13.5,3,716,Good (680-739)
BOR100206,37,GA,112700.0,Full-time,Mortgage,23.8,5.3,16,816,Exceptional (800+)
BOR100207,64,PA,93700.0,Full-time,Own,38.0,2.6,42,631,Fair (620-679)
BOR100208,40,FL,66500.0,Self-employed,Rent,47.4,0.0,19,575,Poor (<620)
BOR100209,44,CA,18000.0,Self-employed,Rent,27.5,0.8,25,612,Poor (<620)
BOR100210,55,TX,20100.0,Full-time,Mortgage,36.3,17.1,32,634,Fair (620-679)
BOR100211,26,PA,75300.0,Self-employed,Mortgage,25.4,2.5,5,617,Poor (<620)
BOR100212,31,TX,96600.0,Self-employed,Mortgage,33.0,2.3,8,686,Good (680-739)
BOR100213,38,MA,59800.0,Self-employed,Own,18.9,9.3,21,761,Very Good (740-799)
BOR100214,57,MO,40600.0,Self-employed,Rent,23.5,14.9,41,780,Very Good (740-799)
BOR100215,54,MI,85700.0,Unemployed,Rent,23.1,0.5,36,713,Good (680-739)
BOR100216,51,GA,65500.0,Full-time,Rent,30.5,0.5,34,819,Exceptional (800+)
BOR100217,41,WA,77800.0,Full-time,Rent,20.3,6.0,21,657,Fair (620-679)
BOR100218,56,LA,20200.0,Retired,Rent,9.6,6.8,34,574,Poor (<620)
BOR100219,40,NV,54400.0,Full-time,Mortgage,18.3,4.4,23,748,Very Good (740-799)
BOR100220,49,TX,103600.0,Part-time,Rent,30.3,1.1,27,560,Poor (<620)
BOR100221,53,PA,59100.0,Full-time,Own,24.1,2.2,31,631,Fair (620-679)
BOR100222,63,IL,71400.0,Full-time,Mortgage,26.2,0.4,47,714,Good (680-739)
BOR100223,42,OH,47400.0,Unemployed,Rent,34.6,1.5,23,673,Fair (620-679)
BOR100224,38,MA,48900.0,Full-time,Own,23.8,3.9,19,668,Fair (620-679)
BOR100225,58,NJ,87700.0,Full-time,Rent,31.2,4.8,35,603,Poor (<620)
BOR100226,59,TX,34500.0,Full-time,Own,53.4,2.4,39,679,Fair (620-679)
BOR100227,36,MI,33000.0,Retired,Mortgage,28.2,6.4,14,745,Very Good (740-799)
BOR100228,29,WA,37600.0,Full-time,Mortgage,29.9,0.3,10,681,Good (680-739)
BOR100229,57,FL,47100.0,Retired,Own,35.8,0.6,39,626,Fair (620-679)
BOR100230,22,NV,22600.0,Full-time,Mortgage,23.8,8.1,1,599,Poor (<620)
BOR100231,22,TX,64800.0,Retired,Mortgage,26.1,6.3,6,627,Fair (620-679)
BOR100232,39,MS,43300.0,Full-time,Own,31.0,1.6,20,706,Good (680-739)
BOR100233,42,FL,68500.0,Self-employed,Mortgage,33.9,18.4,26,702,Good (680-739)
BOR100234,28,NV,18000.0,Full-time,Own,22.7,6.3,12,628,Fair (620-679)
BOR100235,44,MS,68600.0,Full-time,Rent,37.6,3.1,28,536,Poor (<620)
BOR100236,44,NH,85100.0,Full-time,Rent,47.5,1.5,27,707,Good (680-739)
BOR100237,35,MN,56800.0,Part-time,Rent,12.9,1.0,17,622,Fair (620-679)
BOR100238,65,MN,47300.0,Full-time,Mortgage,35.9,23.9,42,725,Good (680-739)
BOR100239,46,IN,68800.0,Full-time,Rent,31.1,4.6,30,631,Fair (620-679)
BOR100240,55,MN,82600.0,Full-time,Other,29.0,3.0,32,616,Poor (<620)
BOR100241,24,NY,59000.0,Self-employed,Mortgage,35.3,3.9,5,690,Good (680-739)
BOR100242,23,AZ,61000.0,Full-time,Rent,45.8,6.9,1,833,Exceptional (800+)
BOR100243,47,WA,98300.0,Part-time,Rent,34.6,1.7,27,729,Good (680-739)
BOR100244,63,LA,65700.0,Full-time,Own,41.6,9.2,42,689,Good (680-739)
BOR100245,29,VA,32500.0,Full-time,Mortgage,31.6,0.8,7,703,Good (680-739)
BOR100246,43,MI,82500.0,Full-time,Rent,35.7,1.7,22,566,Poor (<620)
BOR100247,26,IN,44100.0,Full-time,Own,26.6,1.8,3,607,Poor (<620)
BOR100248,32,OH,47300.0,Retired,Own,32.4,0.5,9,517,Poor (<620)
BOR100249,43,NY,48900.0,Full-time,Mortgage,29.3,3.7,27,792,Very Good (740-799)
BOR100250,35,VA,72100.0,Full-time,Own,33.1,4.9,18,779,Very Good (740-799)
BOR100251,25,NJ,102400.0,Full-time,Own,15.4,4.6,2,706,Good (680-739)
BOR100252,25,IL,47100.0,Full-time,Mortgage,20.8,10.9,3,689,Good (680-739)
BOR100253,19,NC,101600.0,Part-time,Rent,43.9,3.9,1,579,Poor (<620)
BOR100254,47,NC,50200.0,Full-time,Mortgage,45.9,0.7,28,666,Fair (620-679)
BOR100255,48,NC,87600.0,Self-employed,Rent,14.7,3.4,27,797,Very Good (740-799)
BOR100256,48,MI,51000.0,Full-time,Other,26.3,6.5,27,689,Good (680-739)
BOR100257,30,MD,37400.0,Self-employed,Mortgage,24.5,2.3,13,643,Fair (620-679)
BOR100258,53,GA,110700.0,Retired,Other,34.5,3.3,31,566,Poor (<620)
BOR100259,49,NM,35800.0,Unemployed,Rent,31.2,4.3,30,770,Very Good (740-799)
BOR100260,41,MS,34700.0,Full-time,Own,38.8,3.7,19,675,Fair (620-679)
BOR100261,39,VA,26500.0,Full-time,Own,18.5,3.5,21,566,Poor (<620)
BOR100262,33,NC,82500.0,Retired,Rent,35.5,2.4,11,620,Fair (620-679)
BOR100263,43,AZ,91700.0,Part-time,Rent,28.7,4.0,24,597,Poor (<620)
BOR100264,60,NV,55200.0,Full-time,Own,24.6,7.9,41,671,Fair (620-679)
BOR100265,55,IN,29900.0,Self-employed,Rent,36.4,0.0,37,693,Good (680-739)
BOR100266,38,NV,46500.0,Self-employed,Rent,29.5,2.2,18,647,Fair (620-679)
BOR100267,47,AZ,40700.0,Self-employed,Other,31.0,2.3,30,731,Good (680-739)
BOR100268,28,TN,29300.0,Full-time,Rent,45.4,0.8,11,685,Good (680-739)
BOR100269,50,GA,37400.0,Full-time,Own,32.7,1.3,32,749,Very Good (740-799)
BOR100270,31,WI,58500.0,Part-time,Own,51.4,13.7,10,657,Fair (620-679)
BOR100271,49,PA,35500.0,Full-time,Mortgage,8.7,2.4,28,850,Exceptional (800+)
BOR100272,77,MD,53200.0,Self-employed,Mortgage,31.9,6.6,55,643,Fair (620-679)
BOR100273,34,LA,21000.0,Full-time,Rent,20.9,11.1,16,621,Fair (620-679)
BOR100274,76,NY,99300.0,Full-time,Rent,22.7,1.9,55,613,Poor (<620)
BOR100275,47,TN,39100.0,Self-employed,Rent,25.4,0.9,26,666,Fair (620-679)
BOR100276,32,FL,69000.0,Full-time,Mortgage,41.2,4.6,11,568,Poor (<620)
BOR100277,31,MD,50800.0,Full-time,Mortgage,27.9,3.2,12,699,Good (680-739)
BOR100278,69,TX,55900.0,Self-employed,Mortgage,20.6,2.8,50,556,Poor (<620)
BOR100279,47,MS,28000.0,Self-employed,Mortgage,38.6,1.0,24,691,Good (680-739)
BOR100280,34,NY,33100.0,Self-employed,Rent,20.2,0.6,13,592,Poor (<620)
BOR100281,39,UT,33500.0,Full-time,Rent,48.7,0.1,21,655,Fair (620-679)
BOR100282,46,MN,47200.0,Full-time,Rent,19.1,0.9,28,719,Good (680-739)
BOR100283,41,TN,84700.0,Full-time,Rent,29.1,0.7,18,830,Exceptional (800+)
BOR100284,45,MN,56700.0,Full-time,Own,51.2,6.1,26,610,Poor (<620)
BOR100285,62,MN,31100.0,Full-time,Mortgage,28.8,6.1,46,670,Fair (620-679)
BOR100286,27,NM,48500.0,Full-time,Rent,36.2,1.4,10,633,Fair (620-679)
BOR100287,49,OH,45000.0,Full-time,Mortgage,30.9,0.7,33,623,Fair (620-679)
BOR100288,40,MA,39800.0,Full-time,Own,32.0,3.7,24,634,Fair (620-679)
BOR100289,35,FL,46300.0,Self-employed,Own,23.8,0.4,17,734,Good (680-739)
BOR100290,54,TN,65800.0,Retired,Rent,36.5,0.2,35,648,Fair (620-679)
BOR100291,23,PA,33700.0,Full-time,Rent,45.3,5.2,1,826,Exceptional (800+)
BOR100292,19,AZ,39900.0,Self-employed,Mortgage,12.6,3.0,1,707,Good (680-739)
BOR100293,44,MA,72500.0,Full-time,Rent,22.8,4.4,23,614,Poor (<620)
BOR100294,39,VA,57600.0,Full-time,Own,26.5,4.1,16,656,Fair (620-679)
BOR100295,25,WA,82900.0,Full-time,Own,23.1,6.6,7,628,Fair (620-679)
BOR100296,20,CO,89000.0,Part-time,Mortgage,38.4,0.7,1,732,Good (680-739)
BOR100297,64,MN,25300.0,Full-time,Mortgage,25.9,1.8,48,573,Poor (<620)
BOR100298,47,WA,53100.0,Full-time,Other,32.8,1.5,31,593,Poor (<620)
BOR100299,41,TN,37100.0,Full-time,Own,46.9,2.6,19,642,Fair (620-679)
BOR100300,67,MS,27200.0,Full-time,Rent,14.1,1.1,48,724,Good (680-739)
BOR100301,53,FL,32700.0,Full-time,Rent,35.2,2.5,31,760,Very Good (740-799)
BOR100302,62,FL,40700.0,Full-time,Own,30.8,3.7,45,770,Very Good (740-799)
BOR100303,27,FL,40800.0,Part-time,Rent,30.8,6.0,9,714,Good (680-739)
BOR100304,26,IN,35500.0,Full-time,Mortgage,22.9,5.3,4,675,Fair (620-679)
BOR100305,48,NJ,46300.0,Full-time,Mortgage,28.2,5.0,32,732,Good (680-739)
BOR100306,46,MN,140200.0,Self-employed,Mortgage,31.9,1.8,23,606,Poor (<620)
BOR100307,56,MO,21500.0,Full-time,Rent,30.2,16.6,33,560,Poor (<620)
BOR100308,21,NC,77800.0,Part-time,Mortgage,39.0,0.8,3,708,Good (680-739)
BOR100309,49,LA,46200.0,Full-time,Own,21.1,19.3,31,615,Poor (<620)
BOR100310,53,CO,38300.0,Full-time,Mortgage,18.0,6.9,36,676,Fair (620-679)
BOR100311,52,OH,18800.0,Self-employed,Rent,11.9,5.7,35,688,Good (680-739)
BOR100312,36,NC,65700.0,Retired,Rent,33.4,4.5,14,696,Good (680-739)
BOR100313,47,GA,24400.0,Full-time,Other,39.6,3.1,24,741,Very Good (740-799)
BOR100314,32,PA,67700.0,Full-time,Rent,20.3,0.2,11,734,Good (680-739)
BOR100315,37,NY,102100.0,Part-time,Own,19.4,4.7,16,693,Good (680-739)
BOR100316,28,MS,26200.0,Full-time,Own,50.9,1.6,12,651,Fair (620-679)
BOR100317,32,NJ,78900.0,Self-employed,Mortgage,44.8,0.2,15,687,Good (680-739)
BOR100318,38,MI,47200.0,Full-time,Mortgage,45.3,0.2,20,641,Fair (620-679)
BOR100319,35,MD,18200.0,Full-time,Rent,35.5,0.3,16,667,Fair (620-679)
BOR100320,32,AZ,27100.0,Full-time,Rent,39.1,0.4,15,850,Exceptional (800+)
BOR100321,25,MS,50500.0,Full-time,Mortgage,29.1,1.4,6,692,Good (680-739)
BOR100322,65,MN,55900.0,Self-employed,Other,17.8,4.2,45,709,Good (680-739)
BOR100323,35,VA,22900.0,Full-time,Mortgage,18.3,2.8,16,634,Fair (620-679)
BOR100324,45,MI,47300.0,Full-time,Rent,32.0,4.2,24,746,Very Good (740-799)
BOR100325,20,NH,67500.0,Full-time,Mortgage,41.3,6.5,1,729,Good (680-739)
BOR100326,57,MD,73100.0,Full-time,Rent,30.3,7.1,38,730,Good (680-739)
BOR100327,43,UT,38700.0,Full-time,Other,38.1,0.1,26,694,Good (680-739)
BOR100328,36,FL,56800.0,Full-time,Own,31.1,1.4,13,747,Very Good (740-799)
BOR100329,36,NV,75600.0,Full-time,Mortgage,35.0,5.1,17,763,Very Good (740-799)
BOR100330,51,TN,68400.0,Part-time,Rent,39.7,2.9,32,698,Good (680-739)
BOR100331,19,NY,69600.0,Full-time,Rent,45.3,2.2,1,673,Fair (620-679)
BOR100332,31,MA,49100.0,Unemployed,Rent,34.9,7.9,10,738,Good (680-739)
BOR100333,40,MD,44700.0,Full-time,Mortgage,51.4,4.7,20,621,Fair (620-679)
BOR100334,39,CA,52700.0,Full-time,Rent,29.7,2.1,17,633,Fair (620-679)
BOR100335,71,NJ,33100.0,Full-time,Rent,45.2,11.3,54,677,Fair (620-679)
BOR100336,37,NV,76900.0,Retired,Own,37.8,9.6,16,567,Poor (<620)
BOR100337,53,GA,23400.0,Full-time,Rent,13.7,0.9,31,734,Good (680-739)
BOR100338,63,NJ,37200.0,Full-time,Rent,46.1,5.4,42,617,Poor (<620)
BOR100339,49,NJ,45900.0,Full-time,Mortgage,22.8,8.4,29,649,Fair (620-679)
BOR100340,33,GA,57600.0,Full-time,Mortgage,29.5,2.7,15,666,Fair (620-679)
BOR100341,26,MS,62700.0,Full-time,Rent,40.7,6.9,3,683,Good (680-739)
BOR100342,50,MN,91100.0,Part-time,Own,24.6,2.1,29,658,Fair (620-679)
BOR100343,61,FL,48300.0,Full-time,Mortgage,31.3,5.4,43,676,Fair (620-679)
BOR100344,48,NH,33800.0,Part-time,Rent,38.6,4.7,25,676,Fair (620-679)
BOR100345,56,LA,43700.0,Self-employed,Mortgage,23.8,4.6,33,651,Fair (620-679)
BOR100346,72,GA,40400.0,Full-time,Own,29.6,0.1,53,630,Fair (620-679)
BOR100347,51,NV,58900.0,Full-time,Other,28.5,1.7,35,750,Very Good (740-799)
BOR100348,28,FL,28800.0,Unemployed,Rent,41.6,1.6,11,543,Poor (<620)
BOR100349,42,NH,43100.0,Full-time,Mortgage,47.7,10.2,19,667,Fair (620-679)
BOR100350,57,IN,96800.0,Full-time,Own,21.0,2.2,34,650,Fair (620-679)
BOR100351,38,IN,50600.0,Full-time,Own,32.8,10.8,16,707,Good (680-739)
BOR100352,59,FL,29000.0,Full-time,Rent,26.8,3.6,42,585,Poor (<620)
BOR100353,40,LA,40000.0,Part-time,Mortgage,32.3,0.3,21,648,Fair (620-679)
BOR100354,45,CA,18000.0,Part-time,Mortgage,49.7,2.4,25,673,Fair (620-679)
BOR100355,37,OH,45400.0,Full-time,Rent,35.8,4.0,21,750,Very Good (740-799)
BOR100356,43,NY,97900.0,Full-time,Rent,26.4,0.3,23,702,Good (680-739)
BOR100357,44,MN,27300.0,Full-time,Rent,18.3,1.1,22,603,Poor (<620)
BOR100358,22,PA,24200.0,Full-time,Rent,42.0,0.0,1,648,Fair (620-679)
BOR100359,36,MS,34800.0,Full-time,Rent,27.4,4.0,17,738,Good (680-739)
BOR100360,26,IN,70600.0,Full-time,Mortgage,24.2,7.7,5,602,Poor (<620)
BOR100361,36,CA,100400.0,Self-employed,Own,35.0,5.9,15,675,Fair (620-679)
BOR100362,31,CA,57100.0,Full-time,Own,37.8,1.2,12,679,Fair (620-679)
BOR100363,53,TX,26100.0,Full-time,Own,28.3,4.2,34,655,Fair (620-679)
BOR100364,53,TN,46200.0,Self-employed,Rent,22.5,2.6,31,850,Exceptional (800+)
BOR100365,48,MN,104300.0,Full-time,Rent,45.7,5.4,31,653,Fair (620-679)
BOR100366,26,OH,40500.0,Full-time,Own,38.8,0.0,4,709,Good (680-739)
BOR100367,40,NV,49700.0,Retired,Own,41.9,4.1,24,630,Fair (620-679)
BOR100368,25,TX,52000.0,Full-time,Rent,28.4,2.0,8,714,Good (680-739)
BOR100369,39,MN,23300.0,Full-time,Mortgage,23.7,1.7,16,737,Good (680-739)
BOR100370,49,MS,73100.0,Self-employed,Rent,26.7,0.5,28,642,Fair (620-679)
BOR100371,53,MN,68500.0,Full-time,Rent,16.8,4.9,35,676,Fair (620-679)
BOR100372,47,MD,19000.0,Full-time,Rent,28.7,1.2,31,622,Fair (620-679)
BOR100373,56,NV,25600.0,Full-time,Mortgage,25.2,5.5,37,606,Poor (<620)
BOR100374,44,TX,30100.0,Full-time,Rent,31.2,3.7,21,747,Very Good (740-799)
BOR100375,38,PA,65300.0,Full-time,Rent,32.5,1.6,18,644,Fair (620-679)
BOR100376,51,NY,33300.0,Part-time,Rent,32.9,15.1,35,523,Poor (<620)
BOR100377,52,WA,55900.0,Full-time,Mortgage,26.1,0.1,30,795,Very Good (740-799)
BOR100378,35,WI,43000.0,Full-time,Rent,20.1,14.7,16,628,Fair (620-679)
BOR100379,46,TN,48100.0,Part-time,Rent,17.6,1.3,28,664,Fair (620-679)
BOR100380,37,NV,58300.0,Full-time,Mortgage,34.0,6.3,17,787,Very Good (740-799)
BOR100381,19,PA,52700.0,Self-employed,Mortgage,33.4,5.6,1,671,Fair (620-679)
BOR100382,46,WI,46200.0,Part-time,Own,18.1,11.2,24,669,Fair (620-679)
BOR100383,25,PA,54000.0,Full-time,Rent,46.3,2.4,8,600,Poor (<620)
BOR100384,45,OH,51400.0,Full-time,Own,40.3,2.5,28,574,Poor (<620)
BOR100385,23,MD,42400.0,Full-time,Mortgage,21.8,1.1,1,669,Fair (620-679)
BOR100386,32,NH,38400.0,Full-time,Mortgage,34.7,2.7,14,704,Good (680-739)
BOR100387,36,TN,108700.0,Full-time,Mortgage,30.6,1.6,13,700,Good (680-739)
BOR100388,55,TX,38200.0,Full-time,Rent,34.6,0.6,38,649,Fair (620-679)
BOR100389,35,TN,86300.0,Full-time,Mortgage,33.7,6.2,12,681,Good (680-739)
BOR100390,28,TX,34300.0,Full-time,Rent,38.7,3.2,9,561,Poor (<620)
BOR100391,45,LA,67100.0,Full-time,Own,46.8,6.0,29,710,Good (680-739)
BOR100392,38,MD,104100.0,Full-time,Mortgage,35.0,1.2,22,690,Good (680-739)
BOR100393,50,PA,40100.0,Full-time,Rent,37.3,3.6,31,808,Exceptional (800+)
BOR100394,29,FL,34500.0,Part-time,Rent,46.6,3.3,13,680,Good (680-739)
BOR100395,44,PA,38400.0,Full-time,Mortgage,26.6,2.3,21,619,Poor (<620)
BOR100396,71,NH,46200.0,Full-time,Mortgage,22.7,7.2,55,677,Fair (620-679)
BOR100397,38,NJ,53900.0,Self-employed,Mortgage,38.7,11.0,16,659,Fair (620-679)
BOR100398,43,MN,45800.0,Full-time,Own,19.8,1.1,21,708,Good (680-739)
BOR100399,21,TN,38600.0,Full-time,Mortgage,23.9,0.9,1,682,Good (680-739)
BOR100400,31,MA,112400.0,Full-time,Rent,47.0,0.9,14,598,Poor (<620)
BOR100401,47,NY,42600.0,Full-time,Mortgage,14.8,1.2,26,574,Poor (<620)
BOR100402,37,NM,35300.0,Full-time,Mortgage,35.0,2.9,16,697,Good (680-739)
BOR100403,48,GA,67800.0,Unemployed,Other,17.6,3.7,26,770,Very Good (740-799)
BOR100404,46,MA,68200.0,Full-time,Rent,36.1,13.0,24,685,Good (680-739)
BOR100405,25,MD,88000.0,Full-time,Mortgage,50.3,3.1,9,733,Good (680-739)
BOR100406,53,IN,111000.0,Full-time,Rent,21.9,0.3,32,746,Very Good (740-799)
BOR100407,26,NM,54500.0,Self-employed,Rent,11.0,6.8,9,697,Good (680-739)
BOR100408,32,NY,41000.0,Full-time,Rent,35.6,12.3,16,627,Fair (620-679)
BOR100409,44,WA,19800.0,Self-employed,Own,25.7,0.8,23,693,Good (680-739)
BOR100410,60,NJ,30600.0,Full-time,Rent,30.2,2.3,41,758,Very Good (740-799)
BOR100411,29,VA,51200.0,Self-employed,Rent,35.6,3.2,7,714,Good (680-739)
BOR100412,43,FL,27400.0,Self-employed,Other,37.6,11.3,22,729,Good (680-739)
BOR100413,43,NY,22800.0,Full-time,Rent,37.7,13.5,26,650,Fair (620-679)
BOR100414,49,OH,48000.0,Unemployed,Own,31.7,4.3,31,667,Fair (620-679)
BOR100415,55,GA,66100.0,Retired,Other,36.4,1.5,33,672,Fair (620-679)
BOR100416,36,NJ,41700.0,Full-time,Mortgage,30.1,1.7,16,677,Fair (620-679)
BOR100417,53,TN,69800.0,Full-time,Mortgage,28.7,2.5,36,756,Very Good (740-799)
BOR100418,57,TN,61500.0,Full-time,Mortgage,31.8,1.3,36,527,Poor (<620)
BOR100419,62,NJ,78200.0,Self-employed,Rent,37.8,9.0,41,682,Good (680-739)
BOR100420,47,NJ,124000.0,Full-time,Rent,25.5,0.4,24,675,Fair (620-679)
BOR100421,43,IL,151200.0,Part-time,Other,34.1,4.4,23,591,Poor (<620)
BOR100422,35,MA,64800.0,Full-time,Rent,27.4,6.3,13,724,Good (680-739)
BOR100423,23,GA,37900.0,Self-employed,Mortgage,24.6,3.5,1,633,Fair (620-679)
BOR100424,38,CA,47900.0,Full-time,Rent,42.5,2.2,21,657,Fair (620-679)
BOR100425,42,NJ,94700.0,Full-time,Own,35.7,3.0,23,800,Exceptional (800+)
BOR100426,40,VA,31200.0,Full-time,Mortgage,35.8,0.2,21,746,Very Good (740-799)
BOR100427,48,IL,89500.0,Part-time,Rent,22.5,1.9,31,717,Good (680-739)
BOR100428,24,MA,43200.0,Self-employed,Other,29.5,1.1,4,705,Good (680-739)
BOR100429,39,AZ,51600.0,Full-time,Rent,38.0,0.9,17,669,Fair (620-679)
BOR100430,65,MD,32400.0,Self-employed,Mortgage,35.7,1.2,49,810,Exceptional (800+)
BOR100431,53,IN,25700.0,Self-employed,Rent,57.6,0.9,30,732,Good (680-739)
BOR100432,48,IN,41100.0,Full-time,Rent,34.2,7.0,26,631,Fair (620-679)
BOR100433,46,GA,83800.0,Full-time,Mortgage,25.4,1.4,26,589,Poor (<620)
BOR100434,37,MN,34000.0,Full-time,Mortgage,27.6,2.4,15,717,Good (680-739)
BOR100435,20,AZ,96300.0,Full-time,Mortgage,23.4,0.8,1,676,Fair (620-679)
BOR100436,46,NJ,36000.0,Self-employed,Mortgage,25.5,6.8,23,587,Poor (<620)
BOR100437,19,TN,28800.0,Full-time,Rent,33.0,0.6,3,708,Good (680-739)
BOR100438,37,NC,52300.0,Full-time,Own,27.4,4.1,14,663,Fair (620-679)
BOR100439,41,WA,63300.0,Full-time,Rent,45.4,1.1,21,714,Good (680-739)
BOR100440,36,WI,50700.0,Full-time,Rent,40.8,0.7,14,709,Good (680-739)
BOR100441,67,LA,49900.0,Full-time,Mortgage,40.6,4.5,48,640,Fair (620-679)
BOR100442,63,MS,95900.0,Full-time,Rent,29.5,3.2,44,721,Good (680-739)
BOR100443,53,WA,48700.0,Self-employed,Rent,41.1,10.1,32,648,Fair (620-679)
BOR100444,30,WA,37700.0,Full-time,Rent,42.2,1.1,11,652,Fair (620-679)
BOR100445,64,MN,28000.0,Full-time,Rent,48.0,1.3,46,645,Fair (620-679)
BOR100446,48,GA,82700.0,Part-time,Mortgage,26.6,8.7,31,754,Very Good (740-799)
BOR100447,30,NV,38500.0,Full-time,Rent,32.1,10.3,14,662,Fair (620-679)
BOR100448,41,WA,40200.0,Part-time,Own,24.5,12.9,18,769,Very Good (740-799)
BOR100449,53,FL,74900.0,Full-time,Other,58.4,3.3,34,796,Very Good (740-799)
BOR100450,34,TX,117500.0,Part-time,Rent,30.0,11.5,16,632,Fair (620-679)
BOR100451,43,NV,52200.0,Full-time,Rent,44.8,9.7,23,500,Poor (<620)
BOR100452,45,TX,43800.0,Self-employed,Mortgage,33.6,13.6,22,748,Very Good (740-799)
BOR100453,28,GA,46500.0,Full-time,Own,40.8,3.8,7,658,Fair (620-679)
BOR100454,38,NC,38000.0,Full-time,Own,31.9,2.3,18,624,Fair (620-679)
BOR100455,29,PA,39700.0,Full-time,Own,41.2,3.5,7,642,Fair (620-679)
BOR100456,51,GA,39800.0,Full-time,Mortgage,34.8,2.2,35,653,Fair (620-679)
BOR100457,30,WI,70300.0,Full-time,Mortgage,49.1,7.1,7,764,Very Good (740-799)
BOR100458,45,CA,44800.0,Full-time,Rent,35.1,8.5,24,690,Good (680-739)
BOR100459,24,NV,86000.0,Full-time,Rent,24.8,4.0,2,763,Very Good (740-799)
BOR100460,27,LA,44300.0,Full-time,Rent,37.2,0.4,10,712,Good (680-739)
BOR100461,27,MI,39500.0,Full-time,Rent,32.1,1.8,9,660,Fair (620-679)
BOR100462,38,PA,82900.0,Self-employed,Rent,22.1,2.7,17,655,Fair (620-679)
BOR100463,43,TN,47100.0,Retired,Rent,35.8,6.4,20,717,Good (680-739)
BOR100464,45,FL,44100.0,Full-time,Rent,25.8,6.0,28,733,Good (680-739)
BOR100465,20,NC,47300.0,Full-time,Rent,29.6,7.8,1,745,Very Good (740-799)
BOR100466,39,UT,90200.0,Full-time,Mortgage,32.4,2.0,21,663,Fair (620-679)
BOR100467,32,NH,53500.0,Self-employed,Rent,11.7,2.3,9,691,Good (680-739)
BOR100468,47,MN,81800.0,Retired,Rent,27.7,6.5,27,718,Good (680-739)
BOR100469,38,GA,42000.0,Full-time,Own,41.2,1.3,19,655,Fair (620-679)
BOR100470,40,MD,76100.0,Full-time,Own,30.1,3.5,17,606,Poor (<620)
BOR100471,32,MD,51900.0,Full-time,Rent,13.0,3.9,15,628,Fair (620-679)
BOR100472,62,MI,69400.0,Full-time,Other,31.2,0.0,43,664,Fair (620-679)
BOR100473,26,IN,72000.0,Full-time,Rent,36.8,9.6,5,723,Good (680-739)
BOR100474,36,CA,30500.0,Part-time,Own,29.0,11.1,17,762,Very Good (740-799)
BOR100475,42,IL,48200.0,Full-time,Mortgage,29.3,6.5,25,592,Poor (<620)
BOR100476,38,WA,71700.0,Full-time,Own,27.5,3.4,20,641,Fair (620-679)
BOR100477,32,PA,77100.0,Part-time,Rent,38.2,0.6,10,657,Fair (620-679)
BOR100478,19,PA,82000.0,Self-employed,Own,23.8,1.3,2,732,Good (680-739)
BOR100479,33,NV,48900.0,Full-time,Mortgage,37.5,11.8,12,646,Fair (620-679)
BOR100480,29,NH,93300.0,Part-time,Rent,29.3,0.4,12,652,Fair (620-679)
BOR100481,61,AZ,34700.0,Full-time,Rent,44.5,6.4,42,588,Poor (<620)
BOR100482,68,NV,23800.0,Full-time,Rent,27.1,6.1,49,711,Good (680-739)
BOR100483,40,NH,41200.0,Full-time,Mortgage,20.9,2.3,23,670,Fair (620-679)
BOR100484,24,NY,79900.0,Full-time,Mortgage,38.2,1.5,2,637,Fair (620-679)
BOR100485,50,NJ,28600.0,Full-time,Own,36.9,3.8,32,663,Fair (620-679)
BOR100486,29,MI,24100.0,Full-time,Rent,36.1,3.3,9,753,Very Good (740-799)
BOR100487,34,TX,21500.0,Self-employed,Own,40.5,1.2,16,615,Poor (<620)
BOR100488,33,CO,64900.0,Full-time,Rent,22.0,0.3,14,625,Fair (620-679)
BOR100489,35,NJ,24300.0,Full-time,Mortgage,24.1,4.1,19,761,Very Good (740-799)
BOR100490,37,VA,59700.0,Full-time,Mortgage,45.2,1.9,20,685,Good (680-739)
BOR100491,25,NY,40200.0,Full-time,Mortgage,36.4,0.4,8,724,Good (680-739)
BOR100492,33,PA,33000.0,Self-employed,Rent,27.4,0.9,12,706,Good (680-739)
BOR100493,53,MS,29700.0,Full-time,Rent,14.4,28.1,33,678,Fair (620-679)
BOR100494,41,TX,51200.0,Full-time,Rent,19.6,0.1,24,657,Fair (620-679)
BOR100495,43,IL,33200.0,Full-time,Mortgage,22.4,2.7,27,734,Good (680-739)
BOR100496,19,GA,46500.0,Self-employed,Mortgage,26.4,2.1,1,756,Very Good (740-799)
BOR100497,52,WA,55900.0,Full-time,Mortgage,35.1,1.8,33,750,Very Good (740-799)
BOR100498,33,MA,61400.0,Full-time,Rent,18.3,9.3,17,603,Poor (<620)
BOR100499,54,WA,71000.0,Full-time,Mortgage,26.7,0.2,34,765,Very Good (740-799)
BOR100500,43,TX,50200.0,Full-time,Own,19.4,0.7,24,657,Fair (620-679)
BOR100501,34,OH,29100.0,Full-time,Rent,27.8,1.1,17,631,Fair (620-679)
BOR100502,21,NV,57500.0,Full-time,Rent,55.8,4.2,2,669,Fair (620-679)
BOR100503,67,IN,62600.0,Full-time,Own,43.9,3.1,44,734,Good (680-739)
BOR100504,51,IN,43000.0,Full-time,Own,37.7,7.0,28,715,Good (680-739)
BOR100505,51,MO,41000.0,Full-time,Mortgage,26.8,1.3,32,663,Fair (620-679)
BOR100506,63,CO,142000.0,Full-time,Rent,21.2,4.5,40,734,Good (680-739)
BOR100507,44,TX,26100.0,Retired,Rent,31.1,4.0,22,689,Good (680-739)
BOR100508,57,NC,58200.0,Self-employed,Own,16.5,4.8,39,643,Fair (620-679)
BOR100509,35,AZ,74700.0,Full-time,Mortgage,38.5,9.3,18,634,Fair (620-679)
BOR100510,50,NC,40000.0,Full-time,Mortgage,30.0,6.8,34,707,Good (680-739)
BOR100511,33,NV,43200.0,Full-time,Mortgage,31.7,11.2,17,675,Fair (620-679)
BOR100512,35,VA,38900.0,Retired,Rent,15.4,7.1,16,591,Poor (<620)
BOR100513,42,MN,46600.0,Full-time,Own,32.5,1.6,26,735,Good (680-739)
BOR100514,26,NV,69900.0,Full-time,Rent,29.6,3.9,5,649,Fair (620-679)
BOR100515,45,WA,42700.0,Part-time,Mortgage,22.4,8.4,27,783,Very Good (740-799)
BOR100516,37,MS,189000.0,Full-time,Rent,34.2,6.8,20,589,Poor (<620)
BOR100517,19,MA,38000.0,Full-time,Rent,28.0,3.7,1,668,Fair (620-679)
BOR100518,36,NV,86700.0,Full-time,Rent,34.9,0.2,16,635,Fair (620-679)
BOR100519,37,NC,59600.0,Full-time,Rent,38.2,0.9,20,617,Poor (<620)
BOR100520,51,WA,49000.0,Full-time,Rent,21.2,4.0,33,648,Fair (620-679)
BOR100521,44,AZ,90400.0,Retired,Rent,33.1,1.4,26,795,Very Good (740-799)
BOR100522,58,FL,22700.0,Full-time,Rent,32.9,2.4,35,689,Good (680-739)
BOR100523,47,MI,56500.0,Self-employed,Rent,44.4,1.4,31,629,Fair (620-679)
BOR100524,34,MS,33800.0,Full-time,Own,40.4,6.3,17,561,Poor (<620)
BOR100525,40,TN,38300.0,Self-employed,Rent,28.5,4.5,17,568,Poor (<620)
BOR100526,37,PA,37500.0,Full-time,Rent,27.7,3.5,16,645,Fair (620-679)
BOR100527,47,NC,30200.0,Full-time,Rent,33.5,0.7,29,639,Fair (620-679)
BOR100528,42,PA,22200.0,Self-employed,Rent,20.8,0.4,26,665,Fair (620-679)
BOR100529,33,CA,55500.0,Full-time,Other,22.3,1.8,12,532,Poor (<620)
BOR100530,41,MS,45300.0,Full-time,Own,27.3,4.8,20,674,Fair (620-679)
BOR100531,47,NJ,40700.0,Self-employed,Rent,8.2,0.1,24,747,Very Good (740-799)
BOR100532,29,GA,65600.0,Full-time,Rent,22.1,5.0,13,785,Very Good (740-799)
BOR100533,45,TN,57100.0,Full-time,Own,28.7,1.8,22,557,Poor (<620)
BOR100534,22,CA,41400.0,Unemployed,Own,59.6,7.2,2,628,Fair (620-679)
BOR100535,54,OH,184000.0,Self-employed,Mortgage,25.6,4.9,34,624,Fair (620-679)
BOR100536,47,MD,73700.0,Full-time,Rent,38.6,1.4,25,689,Good (680-739)
BOR100537,61,TN,140100.0,Self-employed,Other,30.0,2.2,43,601,Poor (<620)
BOR100538,28,NH,38700.0,Self-employed,Rent,36.4,3.7,8,789,Very Good (740-799)
BOR100539,55,TN,52200.0,Full-time,Mortgage,21.2,13.9,32,683,Good (680-739)
BOR100540,52,VA,26700.0,Full-time,Rent,16.5,3.4,32,672,Fair (620-679)
BOR100541,39,CO,40200.0,Full-time,Own,45.8,0.8,16,784,Very Good (740-799)
BOR100542,36,MS,35900.0,Full-time,Other,18.7,2.9,20,679,Fair (620-679)
BOR100543,28,MD,179500.0,Full-time,Rent,46.8,2.5,6,706,Good (680-739)
BOR100544,25,UT,34100.0,Retired,Rent,28.3,6.0,2,631,Fair (620-679)
BOR100545,32,MN,42000.0,Part-time,Own,23.7,1.6,12,591,Poor (<620)
BOR100546,26,LA,24200.0,Self-employed,Rent,26.8,2.2,10,640,Fair (620-679)
BOR100547,60,FL,59300.0,Full-time,Rent,48.0,7.6,43,822,Exceptional (800+)
BOR100548,23,MD,31100.0,Full-time,Other,25.0,5.6,5,721,Good (680-739)
BOR100549,43,NJ,70500.0,Full-time,Rent,28.2,13.6,22,698,Good (680-739)
BOR100550,46,AZ,20900.0,Part-time,Mortgage,41.8,0.8,24,617,Poor (<620)
BOR100551,45,IN,44100.0,Full-time,Mortgage,36.7,0.0,28,739,Good (680-739)
BOR100552,46,UT,20300.0,Full-time,Mortgage,52.8,7.6,29,592,Poor (<620)
BOR100553,52,NH,37400.0,Self-employed,Rent,43.7,0.4,35,578,Poor (<620)
BOR100554,36,GA,41000.0,Full-time,Own,25.0,9.2,19,644,Fair (620-679)
BOR100555,42,WI,35600.0,Full-time,Rent,45.0,0.9,23,807,Exceptional (800+)
BOR100556,37,CO,37200.0,Full-time,Rent,12.8,4.0,15,803,Exceptional (800+)
BOR100557,57,NC,72200.0,Unemployed,Mortgage,39.7,5.3,38,651,Fair (620-679)
BOR100558,66,NY,124100.0,Full-time,Rent,25.5,1.1,44,636,Fair (620-679)
BOR100559,27,TX,54300.0,Full-time,Rent,38.0,2.8,7,573,Poor (<620)
BOR100560,19,MN,31700.0,Unemployed,Rent,51.6,2.8,1,685,Good (680-739)
BOR100561,48,WA,48000.0,Retired,Rent,15.3,3.3,29,691,Good (680-739)
BOR100562,54,NH,39800.0,Full-time,Rent,41.2,6.2,32,731,Good (680-739)
BOR100563,64,VA,69600.0,Self-employed,Own,40.4,0.6,48,739,Good (680-739)
BOR100564,50,NH,53100.0,Retired,Rent,38.6,1.8,31,667,Fair (620-679)
BOR100565,58,NJ,22900.0,Full-time,Rent,22.2,0.2,39,716,Good (680-739)
BOR100566,61,MN,76400.0,Part-time,Own,31.1,1.8,39,634,Fair (620-679)
BOR100567,59,TX,72000.0,Full-time,Own,22.4,5.3,41,715,Good (680-739)
BOR100568,52,AZ,91400.0,Self-employed,Own,36.3,3.9,35,647,Fair (620-679)
BOR100569,26,MN,37000.0,Full-time,Rent,19.0,2.2,6,710,Good (680-739)
BOR100570,41,MS,53400.0,Part-time,Mortgage,27.6,4.0,21,705,Good (680-739)
BOR100571,45,NV,27400.0,Self-employed,Mortgage,38.3,0.3,26,684,Good (680-739)
BOR100572,40,CA,45600.0,Full-time,Rent,24.7,1.5,20,732,Good (680-739)
BOR100573,41,MI,55800.0,Part-time,Rent,28.0,3.5,22,578,Poor (<620)
BOR100574,60,TX,35000.0,Full-time,Rent,22.9,2.3,43,611,Poor (<620)
BOR100575,32,FL,54400.0,Full-time,Rent,34.6,0.4,10,662,Fair (620-679)
BOR100576,51,MO,50300.0,Retired,Mortgage,30.6,1.1,34,586,Poor (<620)
BOR100577,45,MD,38100.0,Retired,Rent,24.7,6.5,24,654,Fair (620-679)
BOR100578,31,MN,87500.0,Part-time,Rent,25.7,0.8,14,656,Fair (620-679)
BOR100579,28,LA,42000.0,Self-employed,Mortgage,33.6,0.1,6,765,Very Good (740-799)
BOR100580,21,WI,49500.0,Full-time,Mortgage,21.4,2.6,4,689,Good (680-739)
BOR100581,47,MN,24100.0,Full-time,Rent,31.6,4.5,26,747,Very Good (740-799)
BOR100582,40,TX,58900.0,Self-employed,Rent,32.3,6.6,17,700,Good (680-739)
BOR100583,31,IL,37600.0,Self-employed,Rent,33.6,6.1,8,645,Fair (620-679)
BOR100584,19,TN,71700.0,Full-time,Rent,26.7,3.0,2,689,Good (680-739)
BOR100585,46,LA,25800.0,Full-time,Rent,38.1,0.7,25,727,Good (680-739)
BOR100586,39,CA,56600.0,Part-time,Mortgage,41.6,2.6,21,758,Very Good (740-799)
BOR100587,32,WA,18000.0,Full-time,Rent,38.5,14.3,16,671,Fair (620-679)
BOR100588,29,MO,61500.0,Self-employed,Mortgage,34.1,1.3,6,573,Poor (<620)
BOR100589,38,CA,43100.0,Full-time,Own,17.7,5.5,18,568,Poor (<620)
BOR100590,47,NJ,55800.0,Full-time,Rent,48.8,3.3,28,659,Fair (620-679)
BOR100591,37,LA,35600.0,Full-time,Mortgage,32.6,4.6,17,528,Poor (<620)
BOR100592,27,MO,30400.0,Part-time,Own,35.1,10.9,10,797,Very Good (740-799)
BOR100593,40,IL,38300.0,Retired,Mortgage,24.9,1.0,17,719,Good (680-739)
BOR100594,54,NV,50800.0,Full-time,Other,29.9,2.4,35,639,Fair (620-679)
BOR100595,41,NC,60400.0,Retired,Rent,43.8,1.1,21,608,Poor (<620)
BOR100596,42,NV,53500.0,Full-time,Other,39.8,6.2,19,747,Very Good (740-799)
BOR100597,37,GA,30600.0,Full-time,Own,28.9,2.4,20,608,Poor (<620)
BOR100598,30,MA,106600.0,Self-employed,Own,47.3,1.4,7,614,Poor (<620)
BOR100599,30,MI,54200.0,Full-time,Mortgage,21.9,3.1,11,630,Fair (620-679)
BOR100600,21,OH,35200.0,Full-time,Rent,15.2,2.8,5,687,Good (680-739)
BOR100601,55,LA,56400.0,Part-time,Other,12.7,2.9,36,720,Good (680-739)
BOR100602,47,PA,52300.0,Full-time,Mortgage,39.9,4.1,28,758,Very Good (740-799)
BOR100603,42,TX,43100.0,Self-employed,Rent,25.0,6.0,22,748,Very Good (740-799)
BOR100604,45,NC,40900.0,Full-time,Own,30.6,3.1,25,680,Good (680-739)
BOR100605,45,MD,72600.0,Full-time,Rent,42.9,1.5,27,746,Very Good (740-799)
BOR100606,32,NV,101500.0,Full-time,Rent,35.3,0.7,9,636,Fair (620-679)
BOR100607,37,NH,18700.0,Full-time,Rent,20.1,2.0,19,562,Poor (<620)
BOR100608,35,GA,81100.0,Part-time,Rent,48.2,4.5,14,636,Fair (620-679)
BOR100609,71,NJ,47100.0,Full-time,Mortgage,29.1,5.9,48,628,Fair (620-679)
BOR100610,53,NY,51900.0,Self-employed,Mortgage,31.4,1.2,36,639,Fair (620-679)
BOR100611,43,MA,85700.0,Full-time,Mortgage,24.9,1.2,24,618,Poor (<620)
BOR100612,57,NH,18000.0,Full-time,Rent,20.8,2.5,41,650,Fair (620-679)
BOR100613,56,MD,67300.0,Full-time,Rent,34.3,7.7,34,720,Good (680-739)
BOR100614,24,TN,83000.0,Full-time,Mortgage,17.6,2.6,2,791,Very Good (740-799)
BOR100615,38,MI,34200.0,Full-time,Rent,31.2,9.0,15,568,Poor (<620)
BOR100616,41,MS,24900.0,Full-time,Own,47.9,1.2,18,596,Poor (<620)
BOR100617,48,WA,97500.0,Full-time,Own,39.5,1.2,26,629,Fair (620-679)
BOR100618,38,NY,21200.0,Full-time,Own,34.0,3.9,20,730,Good (680-739)
BOR100619,40,NC,56300.0,Retired,Rent,21.0,0.7,21,667,Fair (620-679)
BOR100620,35,TX,73900.0,Full-time,Mortgage,31.4,0.9,19,633,Fair (620-679)
BOR100621,54,PA,55700.0,Full-time,Other,24.0,4.3,37,727,Good (680-739)
BOR100622,24,CA,60100.0,Full-time,Mortgage,46.4,7.2,5,742,Very Good (740-799)
BOR100623,36,NJ,41400.0,Self-employed,Mortgage,27.3,7.2,14,679,Fair (620-679)
BOR100624,19,TN,57400.0,Full-time,Rent,24.1,8.3,1,627,Fair (620-679)
BOR100625,29,NC,33900.0,Full-time,Mortgage,29.8,0.9,9,698,Good (680-739)
BOR100626,45,NJ,35900.0,Full-time,Rent,24.2,1.3,28,665,Fair (620-679)
BOR100627,45,UT,47400.0,Full-time,Rent,34.4,8.1,27,664,Fair (620-679)
BOR100628,37,CO,23300.0,Full-time,Own,50.2,7.5,20,647,Fair (620-679)
BOR100629,54,AZ,60500.0,Self-employed,Other,32.1,6.4,32,740,Very Good (740-799)
BOR100630,57,GA,18000.0,Full-time,Mortgage,22.8,0.1,35,696,Good (680-739)
BOR100631,40,LA,54900.0,Retired,Mortgage,30.4,4.0,20,747,Very Good (740-799)
BOR100632,44,IL,57300.0,Self-employed,Rent,19.3,5.3,26,767,Very Good (740-799)
BOR100633,36,NC,32600.0,Part-time,Mortgage,60.7,2.9,14,710,Good (680-739)
BOR100634,49,MS,26800.0,Part-time,Rent,50.0,1.8,27,647,Fair (620-679)
BOR100635,27,AZ,38800.0,Full-time,Own,44.5,5.5,7,748,Very Good (740-799)
BOR100636,63,WI,62200.0,Self-employed,Rent,39.5,1.5,41,710,Good (680-739)
BOR100637,55,MA,54500.0,Full-time,Mortgage,30.3,0.5,35,849,Exceptional (800+)
BOR100638,27,IN,28300.0,Self-employed,Own,30.6,18.2,4,700,Good (680-739)
BOR100639,32,GA,48900.0,Full-time,Other,29.8,14.7,14,725,Good (680-739)
BOR100640,46,OH,52500.0,Self-employed,Rent,55.8,0.7,29,699,Good (680-739)
BOR100641,37,NC,51500.0,Full-time,Rent,30.1,6.7,19,674,Fair (620-679)
BOR100642,48,PA,29900.0,Full-time,Rent,26.4,1.1,31,663,Fair (620-679)
BOR100643,37,LA,50000.0,Full-time,Rent,31.0,0.7,16,699,Good (680-739)
BOR100644,59,GA,70500.0,Full-time,Mortgage,37.2,1.7,42,714,Good (680-739)
BOR100645,41,AZ,59400.0,Full-time,Rent,5.0,1.7,22,755,Very Good (740-799)
BOR100646,70,MN,56100.0,Part-time,Mortgage,35.9,0.4,54,700,Good (680-739)
BOR100647,48,MN,97700.0,Full-time,Mortgage,6.6,4.7,29,650,Fair (620-679)
BOR100648,25,NJ,50300.0,Retired,Own,46.7,1.1,4,659,Fair (620-679)
BOR100649,66,VA,31900.0,Self-employed,Rent,14.8,7.7,48,594,Poor (<620)
BOR100650,54,NH,32000.0,Self-employed,Mortgage,24.0,11.4,32,788,Very Good (740-799)
BOR100651,46,MO,50500.0,Retired,Mortgage,12.8,2.8,24,645,Fair (620-679)
BOR100652,49,NV,24400.0,Full-time,Rent,50.0,3.8,33,743,Very Good (740-799)
BOR100653,27,MS,40500.0,Self-employed,Own,31.9,7.4,5,698,Good (680-739)
BOR100654,19,MN,57500.0,Full-time,Mortgage,54.3,8.6,1,700,Good (680-739)
BOR100655,40,PA,79000.0,Full-time,Mortgage,51.9,16.6,23,672,Fair (620-679)
BOR100656,58,AZ,23300.0,Full-time,Own,44.5,0.5,37,629,Fair (620-679)
BOR100657,46,FL,48800.0,Full-time,Rent,18.0,2.8,25,617,Poor (<620)
BOR100658,62,IN,45200.0,Full-time,Rent,33.7,10.4,45,792,Very Good (740-799)
BOR100659,57,UT,47400.0,Full-time,Mortgage,45.7,6.0,40,687,Good (680-739)
BOR100660,41,WA,49700.0,Unemployed,Own,35.9,2.4,22,753,Very Good (740-799)
BOR100661,55,NJ,46000.0,Full-time,Rent,28.3,5.2,38,770,Very Good (740-799)
BOR100662,59,CA,87200.0,Retired,Mortgage,35.5,13.9,39,653,Fair (620-679)
BOR100663,40,UT,81600.0,Self-employed,Own,36.5,0.3,23,708,Good (680-739)
BOR100664,38,FL,122300.0,Self-employed,Rent,17.2,5.4,16,683,Good (680-739)
BOR100665,43,TX,46400.0,Self-employed,Rent,26.3,2.3,26,605,Poor (<620)
BOR100666,19,OH,38800.0,Unemployed,Own,38.5,2.5,3,668,Fair (620-679)
BOR100667,44,TX,30200.0,Full-time,Own,40.7,0.0,25,718,Good (680-739)
BOR100668,50,NJ,36900.0,Full-time,Rent,34.4,3.3,33,648,Fair (620-679)
BOR100669,43,WA,64300.0,Full-time,Mortgage,27.9,2.6,25,659,Fair (620-679)
BOR100670,45,GA,68900.0,Full-time,Own,30.1,0.1,26,669,Fair (620-679)
BOR100671,40,TX,63200.0,Full-time,Other,24.5,0.8,23,817,Exceptional (800+)
BOR100672,19,FL,34600.0,Full-time,Own,31.0,0.3,3,561,Poor (<620)
BOR100673,61,MI,34700.0,Unemployed,Rent,40.5,1.0,40,713,Good (680-739)
BOR100674,37,TX,112500.0,Full-time,Rent,56.3,7.9,16,664,Fair (620-679)
BOR100675,34,MD,32100.0,Retired,Mortgage,20.0,3.3,12,638,Fair (620-679)
BOR100676,57,IL,88200.0,Full-time,Mortgage,44.7,4.2,37,662,Fair (620-679)
BOR100677,53,GA,55900.0,Full-time,Rent,35.8,4.2,34,723,Good (680-739)
BOR100678,44,MI,33500.0,Full-time,Mortgage,16.0,1.2,27,727,Good (680-739)
BOR100679,50,NJ,27400.0,Retired,Mortgage,31.0,6.6,34,692,Good (680-739)
BOR100680,27,CA,34200.0,Full-time,Other,30.2,0.4,11,751,Very Good (740-799)
BOR100681,40,FL,56300.0,Full-time,Mortgage,32.0,3.6,20,762,Very Good (740-799)
BOR100682,57,LA,31000.0,Retired,Rent,42.5,2.4,38,733,Good (680-739)
BOR100683,33,CA,93900.0,Full-time,Rent,51.7,2.0,11,644,Fair (620-679)
BOR100684,29,WA,42500.0,Retired,Rent,45.0,1.4,6,712,Good (680-739)
BOR100685,42,WA,63900.0,Full-time,Mortgage,34.1,1.7,22,712,Good (680-739)
BOR100686,42,NC,61600.0,Full-time,Rent,35.2,1.8,25,627,Fair (620-679)
BOR100687,49,NJ,96700.0,Full-time,Rent,52.8,1.1,27,578,Poor (<620)
BOR100688,24,MN,38300.0,Part-time,Mortgage,21.4,0.7,2,549,Poor (<620)
BOR100689,19,NV,48900.0,Self-employed,Rent,44.4,7.3,3,685,Good (680-739)
BOR100690,52,OH,24800.0,Full-time,Rent,20.5,3.0,30,699,Good (680-739)
BOR100691,28,NC,48800.0,Full-time,Mortgage,16.7,1.6,11,603,Poor (<620)
BOR100692,34,OH,77900.0,Full-time,Own,38.3,2.6,16,748,Very Good (740-799)
BOR100693,19,VA,51500.0,Full-time,Rent,15.4,0.6,1,690,Good (680-739)
BOR100694,53,MO,132000.0,Full-time,Mortgage,28.1,6.8,34,768,Very Good (740-799)
BOR100695,45,IL,58900.0,Full-time,Rent,45.7,2.4,26,704,Good (680-739)
BOR100696,45,NC,36600.0,Full-time,Own,22.9,3.4,26,611,Poor (<620)
BOR100697,45,MS,57200.0,Full-time,Own,50.0,4.8,28,710,Good (680-739)
BOR100698,19,TX,24100.0,Full-time,Mortgage,9.4,1.8,2,724,Good (680-739)
BOR100699,29,NJ,32500.0,Full-time,Own,42.4,3.4,6,644,Fair (620-679)
BOR100700,36,MD,27000.0,Self-employed,Rent,18.2,13.5,13,586,Poor (<620)
BOR100701,32,NY,47000.0,Self-employed,Mortgage,30.1,3.7,13,687,Good (680-739)
BOR100702,38,TX,45400.0,Self-employed,Rent,34.2,1.9,15,615,Poor (<620)
BOR100703,44,NY,80200.0,Self-employed,Mortgage,29.2,4.9,22,753,Very Good (740-799)
BOR100704,53,MS,44600.0,Full-time,Rent,29.4,0.5,30,654,Fair (620-679)
BOR100705,23,CA,29700.0,Retired,Rent,17.5,8.0,1,792,Very Good (740-799)
BOR100706,41,PA,94100.0,Full-time,Mortgage,46.1,7.0,20,542,Poor (<620)
BOR100707,50,CA,18000.0,Full-time,Rent,19.7,2.3,34,689,Good (680-739)
BOR100708,30,FL,47400.0,Self-employed,Mortgage,19.7,2.5,8,773,Very Good (740-799)
BOR100709,39,TN,51400.0,Self-employed,Rent,31.0,0.3,16,622,Fair (620-679)
BOR100710,47,OH,46400.0,Full-time,Mortgage,25.0,3.8,24,670,Fair (620-679)
BOR100711,41,AZ,58400.0,Self-employed,Mortgage,40.4,9.9,20,654,Fair (620-679)
BOR100712,49,MA,49000.0,Full-time,Own,26.7,2.1,26,636,Fair (620-679)
BOR100713,42,NV,58400.0,Full-time,Mortgage,32.0,0.1,20,696,Good (680-739)
BOR100714,37,CA,35600.0,Self-employed,Rent,33.1,2.8,19,596,Poor (<620)
BOR100715,27,NV,24200.0,Full-time,Rent,41.7,0.1,10,673,Fair (620-679)
BOR100716,44,TN,45700.0,Self-employed,Rent,26.7,3.3,24,714,Good (680-739)
BOR100717,42,PA,29400.0,Self-employed,Rent,15.3,0.8,25,666,Fair (620-679)
BOR100718,29,MN,33600.0,Full-time,Rent,23.9,5.4,8,615,Poor (<620)
BOR100719,48,LA,78600.0,Self-employed,Rent,43.4,4.9,29,747,Very Good (740-799)
BOR100720,56,OH,94000.0,Full-time,Rent,35.5,0.6,36,727,Good (680-739)
BOR100721,33,MS,78000.0,Self-employed,Rent,28.3,2.2,16,612,Poor (<620)
BOR100722,32,NJ,71700.0,Part-time,Mortgage,32.6,0.5,14,596,Poor (<620)
BOR100723,32,TN,47900.0,Part-time,Rent,29.3,2.1,11,618,Poor (<620)
BOR100724,21,NH,73600.0,Retired,Mortgage,39.9,10.9,1,715,Good (680-739)
BOR100725,65,NC,54700.0,Full-time,Own,35.4,1.6,42,698,Good (680-739)
BOR100726,36,NV,112000.0,Full-time,Mortgage,29.2,0.8,14,731,Good (680-739)
BOR100727,31,GA,30800.0,Full-time,Rent,41.2,1.6,8,659,Fair (620-679)
BOR100728,27,MN,63100.0,Part-time,Rent,43.8,10.0,10,620,Fair (620-679)
BOR100729,36,TN,26400.0,Full-time,Own,22.8,14.8,18,740,Very Good (740-799)
BOR100730,33,IL,63300.0,Full-time,Other,23.0,0.8,13,644,Fair (620-679)
BOR100731,58,NJ,21500.0,Full-time,Rent,56.0,0.2,38,692,Good (680-739)
BOR100732,26,GA,27000.0,Self-employed,Rent,38.3,3.9,7,579,Poor (<620)
BOR100733,23,TX,26200.0,Full-time,Mortgage,48.7,7.0,6,643,Fair (620-679)
BOR100734,48,CA,52200.0,Self-employed,Mortgage,40.9,3.1,31,746,Very Good (740-799)
BOR100735,40,NC,54700.0,Full-time,Rent,36.6,1.5,22,633,Fair (620-679)
BOR100736,38,CA,140500.0,Retired,Own,10.6,1.4,15,733,Good (680-739)
BOR100737,48,PA,44800.0,Self-employed,Mortgage,19.8,2.7,30,528,Poor (<620)
BOR100738,43,MD,66000.0,Full-time,Own,38.5,5.4,23,644,Fair (620-679)
BOR100739,40,MD,50100.0,Full-time,Rent,23.0,1.4,20,669,Fair (620-679)
BOR100740,24,WI,63600.0,Unemployed,Mortgage,30.5,12.2,5,793,Very Good (740-799)
BOR100741,21,GA,49700.0,Retired,Rent,41.1,3.9,3,604,Poor (<620)
BOR100742,33,LA,76500.0,Full-time,Rent,33.4,0.1,13,724,Good (680-739)
BOR100743,28,TN,29000.0,Self-employed,Other,36.0,1.4,12,749,Very Good (740-799)
BOR100744,44,NY,18000.0,Self-employed,Mortgage,45.9,1.6,21,633,Fair (620-679)
BOR100745,19,NY,56300.0,Full-time,Mortgage,46.9,0.1,1,656,Fair (620-679)
BOR100746,36,MD,20700.0,Full-time,Rent,31.4,0.0,14,689,Good (680-739)
BOR100747,39,PA,84100.0,Part-time,Other,44.7,0.3,22,584,Poor (<620)
BOR100748,41,WA,36400.0,Full-time,Mortgage,22.4,6.9,19,650,Fair (620-679)
BOR100749,46,NH,29200.0,Self-employed,Mortgage,34.3,3.5,30,763,Very Good (740-799)
BOR100750,37,CA,157200.0,Full-time,Rent,37.7,2.9,18,714,Good (680-739)
BOR100751,33,CA,46200.0,Full-time,Rent,30.9,26.5,14,670,Fair (620-679)
BOR100752,56,NH,42400.0,Full-time,Mortgage,29.8,1.0,33,687,Good (680-739)
BOR100753,37,MA,65300.0,Part-time,Mortgage,20.8,4.4,16,718,Good (680-739)
BOR100754,58,NY,67300.0,Full-time,Mortgage,31.6,2.5,37,730,Good (680-739)
BOR100755,37,LA,77900.0,Full-time,Mortgage,15.9,5.9,14,644,Fair (620-679)
BOR100756,41,LA,25600.0,Full-time,Own,30.7,4.7,18,780,Very Good (740-799)
BOR100757,39,AZ,59400.0,Full-time,Rent,32.6,1.3,22,766,Very Good (740-799)
BOR100758,44,TN,40900.0,Self-employed,Mortgage,39.5,4.0,25,724,Good (680-739)
BOR100759,36,OH,30800.0,Full-time,Own,20.2,3.5,20,625,Fair (620-679)
BOR100760,42,TX,47700.0,Full-time,Mortgage,35.4,5.8,20,614,Poor (<620)
BOR100761,59,TN,20600.0,Full-time,Own,37.7,0.9,38,659,Fair (620-679)
BOR100762,54,GA,70600.0,Full-time,Rent,31.8,0.7,38,684,Good (680-739)
BOR100763,54,IN,40900.0,Full-time,Rent,36.5,2.4,34,565,Poor (<620)
BOR100764,25,NV,37600.0,Full-time,Rent,34.7,0.6,3,712,Good (680-739)
BOR100765,27,CA,43800.0,Part-time,Own,6.0,0.7,4,764,Very Good (740-799)
BOR100766,44,TN,43200.0,Full-time,Own,22.8,0.2,26,717,Good (680-739)
BOR100767,50,IL,77900.0,Full-time,Rent,53.4,0.0,31,636,Fair (620-679)
BOR100768,35,LA,28500.0,Full-time,Own,38.6,9.7,17,628,Fair (620-679)
BOR100769,33,OH,39300.0,Self-employed,Own,26.0,3.1,11,699,Good (680-739)
BOR100770,58,TN,42300.0,Full-time,Rent,35.7,0.8,40,670,Fair (620-679)
BOR100771,49,AZ,28900.0,Part-time,Own,39.1,0.7,33,709,Good (680-739)
BOR100772,54,MI,50100.0,Retired,Mortgage,47.4,2.0,32,719,Good (680-739)
BOR100773,36,MO,33700.0,Full-time,Own,28.1,1.0,13,751,Very Good (740-799)
BOR100774,35,MD,24800.0,Full-time,Mortgage,26.0,5.7,18,606,Poor (<620)
BOR100775,52,AZ,59100.0,Part-time,Rent,27.0,11.5,33,694,Good (680-739)
BOR100776,38,CO,93600.0,Retired,Rent,26.3,2.1,16,656,Fair (620-679)
BOR100777,34,NH,47700.0,Full-time,Mortgage,25.9,6.6,12,674,Fair (620-679)
BOR100778,30,NJ,44500.0,Full-time,Mortgage,33.9,10.8,14,736,Good (680-739)
BOR100779,35,WA,44100.0,Part-time,Mortgage,27.8,0.9,19,743,Very Good (740-799)
BOR100780,52,CA,37000.0,Full-time,Rent,31.4,3.4,29,771,Very Good (740-799)
BOR100781,23,MN,78900.0,Full-time,Rent,50.7,0.5,6,708,Good (680-739)
BOR100782,49,WA,48600.0,Full-time,Mortgage,22.4,1.9,33,673,Fair (620-679)
BOR100783,33,NJ,18000.0,Retired,Rent,35.4,0.1,13,664,Fair (620-679)
BOR100784,38,FL,80000.0,Full-time,Rent,20.6,1.0,20,567,Poor (<620)
BOR100785,39,LA,71600.0,Full-time,Rent,41.3,2.4,23,767,Very Good (740-799)
BOR100786,38,MI,61100.0,Full-time,Rent,43.2,26.6,19,659,Fair (620-679)
BOR100787,38,MO,18000.0,Full-time,Mortgage,23.3,0.4,18,713,Good (680-739)
BOR100788,36,NY,46600.0,Full-time,Mortgage,25.0,1.0,15,724,Good (680-739)
BOR100789,34,UT,69700.0,Full-time,Mortgage,38.7,2.0,16,599,Poor (<620)
BOR100790,57,PA,55300.0,Full-time,Own,29.3,1.8,34,620,Fair (620-679)
BOR100791,41,PA,51100.0,Full-time,Own,46.2,10.6,21,781,Very Good (740-799)
BOR100792,39,LA,69800.0,Self-employed,Rent,20.0,2.9,23,699,Good (680-739)
BOR100793,33,MS,49600.0,Self-employed,Rent,42.8,1.6,12,642,Fair (620-679)
BOR100794,36,IL,80100.0,Full-time,Rent,54.4,1.1,17,672,Fair (620-679)
BOR100795,33,VA,50200.0,Full-time,Rent,35.9,0.9,12,751,Very Good (740-799)
BOR100796,50,MD,48400.0,Full-time,Mortgage,25.6,9.6,29,741,Very Good (740-799)
BOR100797,32,LA,69700.0,Full-time,Own,24.2,12.9,11,585,Poor (<620)
BOR100798,19,MI,39000.0,Full-time,Mortgage,30.4,0.9,2,786,Very Good (740-799)
BOR100799,42,WA,28500.0,Full-time,Rent,38.8,3.7,24,743,Very Good (740-799)
BOR100800,38,WI,46700.0,Self-employed,Rent,17.1,8.8,15,670,Fair (620-679)
BOR100801,34,MD,60800.0,Unemployed,Rent,28.9,2.6,13,603,Poor (<620)
BOR100802,52,MN,70700.0,Full-time,Rent,33.3,1.8,36,749,Very Good (740-799)
BOR100803,19,MA,70900.0,Full-time,Mortgage,47.5,10.5,1,711,Good (680-739)
BOR100804,60,FL,45200.0,Full-time,Mortgage,50.6,1.2,38,585,Poor (<620)
BOR100805,54,MS,43200.0,Full-time,Own,30.7,2.9,34,665,Fair (620-679)
BOR100806,33,LA,35700.0,Self-employed,Rent,20.9,5.4,12,850,Exceptional (800+)
BOR100807,36,MN,52200.0,Full-time,Mortgage,33.4,5.7,15,681,Good (680-739)
BOR100808,47,FL,22300.0,Self-employed,Mortgage,33.8,0.6,25,632,Fair (620-679)
BOR100809,47,PA,47100.0,Full-time,Other,43.9,3.6,27,614,Poor (<620)
BOR100810,33,WI,168100.0,Full-time,Mortgage,27.6,3.5,10,795,Very Good (740-799)
BOR100811,22,CA,23700.0,Full-time,Mortgage,22.1,4.1,3,735,Good (680-739)
BOR100812,66,NH,50000.0,Full-time,Mortgage,31.9,1.0,45,771,Very Good (740-799)
BOR100813,52,MI,55300.0,Part-time,Mortgage,28.6,12.0,34,696,Good (680-739)
BOR100814,43,MD,58600.0,Self-employed,Rent,28.3,1.4,21,762,Very Good (740-799)
BOR100815,43,LA,30200.0,Full-time,Rent,23.3,6.2,23,625,Fair (620-679)
BOR100816,48,MI,58800.0,Full-time,Mortgage,19.4,2.0,32,691,Good (680-739)
BOR100817,50,NC,36700.0,Full-time,Rent,38.1,0.4,32,699,Good (680-739)
BOR100818,19,TN,24500.0,Unemployed,Own,34.6,24.0,1,770,Very Good (740-799)
BOR100819,37,MA,71600.0,Unemployed,Rent,24.0,1.7,21,701,Good (680-739)
BOR100820,36,NJ,62900.0,Full-time,Mortgage,40.2,4.3,13,639,Fair (620-679)
BOR100821,39,TN,30200.0,Part-time,Own,13.6,4.1,23,684,Good (680-739)
BOR100822,50,MS,36500.0,Self-employed,Mortgage,27.9,4.2,34,571,Poor (<620)
BOR100823,20,VA,35900.0,Self-employed,Rent,34.2,7.4,1,529,Poor (<620)
BOR100824,25,PA,22300.0,Full-time,Mortgage,43.1,0.1,8,734,Good (680-739)
BOR100825,33,MI,65700.0,Unemployed,Mortgage,26.4,1.1,11,656,Fair (620-679)
BOR100826,43,MI,66800.0,Self-employed,Own,43.2,4.4,25,663,Fair (620-679)
BOR100827,51,NY,40100.0,Full-time,Other,25.5,0.4,28,734,Good (680-739)
BOR100828,61,PA,46000.0,Full-time,Mortgage,40.2,4.5,43,771,Very Good (740-799)
BOR100829,38,MO,49100.0,Full-time,Rent,48.8,13.2,19,715,Good (680-739)
BOR100830,51,NC,52100.0,Full-time,Own,22.0,0.5,28,805,Exceptional (800+)
BOR100831,50,UT,25400.0,Self-employed,Mortgage,33.5,0.1,32,713,Good (680-739)
BOR100832,48,OH,58100.0,Part-time,Mortgage,37.4,13.3,30,700,Good (680-739)
BOR100833,41,FL,27500.0,Retired,Mortgage,19.6,2.0,18,696,Good (680-739)
BOR100834,36,CO,63400.0,Full-time,Mortgage,36.3,1.3,19,596,Poor (<620)
BOR100835,28,LA,28900.0,Retired,Mortgage,26.3,5.4,8,742,Very Good (740-799)
BOR100836,27,OH,26000.0,Self-employed,Mortgage,23.6,0.7,8,521,Poor (<620)
BOR100837,45,PA,46000.0,Full-time,Mortgage,27.8,2.1,22,642,Fair (620-679)
BOR100838,40,PA,45600.0,Full-time,Rent,27.0,7.3,20,681,Good (680-739)
BOR100839,36,WA,48900.0,Self-employed,Mortgage,40.0,0.6,18,629,Fair (620-679)
BOR100840,49,VA,31200.0,Full-time,Mortgage,32.0,1.4,31,651,Fair (620-679)
BOR100841,39,OH,51100.0,Full-time,Rent,55.1,9.2,17,800,Exceptional (800+)
BOR100842,30,TX,53300.0,Self-employed,Rent,26.6,0.1,14,752,Very Good (740-799)
BOR100843,38,VA,78800.0,Full-time,Rent,36.7,3.0,16,635,Fair (620-679)
BOR100844,51,UT,50700.0,Full-time,Mortgage,30.5,8.9,35,649,Fair (620-679)
BOR100845,29,IN,35600.0,Retired,Rent,19.2,1.9,8,597,Poor (<620)
BOR100846,44,WA,25400.0,Full-time,Own,47.9,6.6,26,726,Good (680-739)
BOR100847,40,FL,23400.0,Full-time,Mortgage,33.2,11.6,23,664,Fair (620-679)
BOR100848,32,OH,53900.0,Full-time,Mortgage,24.2,1.0,14,552,Poor (<620)
BOR100849,37,GA,66600.0,Part-time,Rent,36.0,14.0,15,687,Good (680-739)
BOR100850,22,CO,31200.0,Full-time,Own,42.3,0.4,1,709,Good (680-739)
BOR100851,42,LA,52300.0,Full-time,Mortgage,23.5,0.9,23,743,Very Good (740-799)
BOR100852,25,MS,43100.0,Full-time,Own,32.5,2.2,9,675,Fair (620-679)
BOR100853,54,NH,64400.0,Self-employed,Mortgage,42.4,2.8,32,656,Fair (620-679)
BOR100854,40,NH,68900.0,Part-time,Mortgage,33.7,4.8,24,809,Exceptional (800+)
BOR100855,34,UT,18000.0,Full-time,Own,37.5,6.3,14,680,Good (680-739)
BOR100856,55,TX,74200.0,Full-time,Rent,29.4,5.2,32,727,Good (680-739)
BOR100857,29,NY,52200.0,Full-time,Own,16.3,0.3,13,645,Fair (620-679)
BOR100858,32,GA,36700.0,Full-time,Rent,29.5,5.5,14,725,Good (680-739)
BOR100859,19,AZ,37200.0,Full-time,Own,26.4,5.4,1,585,Poor (<620)
BOR100860,57,FL,47300.0,Self-employed,Own,30.9,1.3,40,650,Fair (620-679)
BOR100861,63,NV,37200.0,Self-employed,Mortgage,26.5,0.3,44,601,Poor (<620)
BOR100862,21,TN,30600.0,Full-time,Mortgage,33.7,2.4,3,641,Fair (620-679)
BOR100863,31,AZ,33900.0,Self-employed,Own,28.5,0.0,8,761,Very Good (740-799)
BOR100864,42,PA,29200.0,Full-time,Own,40.1,0.1,26,640,Fair (620-679)
BOR100865,35,OH,85500.0,Part-time,Mortgage,38.2,5.9,13,727,Good (680-739)
BOR100866,41,PA,47800.0,Self-employed,Rent,22.8,2.7,19,779,Very Good (740-799)
BOR100867,40,NV,128500.0,Full-time,Rent,44.6,0.9,22,678,Fair (620-679)
BOR100868,46,MA,55100.0,Full-time,Own,24.8,0.3,24,745,Very Good (740-799)
BOR100869,29,WI,60800.0,Full-time,Own,20.8,0.2,9,715,Good (680-739)
BOR100870,43,GA,28900.0,Self-employed,Mortgage,42.6,6.4,20,688,Good (680-739)
BOR100871,28,MI,42300.0,Full-time,Rent,26.1,3.5,9,729,Good (680-739)
BOR100872,36,NJ,48200.0,Full-time,Mortgage,33.0,16.3,18,800,Exceptional (800+)
BOR100873,20,CO,35000.0,Full-time,Mortgage,19.1,0.3,1,639,Fair (620-679)
BOR100874,36,MN,37800.0,Full-time,Rent,28.3,10.5,17,618,Poor (<620)
BOR100875,34,IL,56300.0,Full-time,Rent,30.8,11.6,15,614,Poor (<620)
BOR100876,52,NM,56800.0,Part-time,Mortgage,28.1,2.6,35,745,Very Good (740-799)
BOR100877,40,FL,25500.0,Full-time,Rent,26.9,0.2,21,753,Very Good (740-799)
BOR100878,42,LA,53000.0,Full-time,Own,32.4,3.9,23,645,Fair (620-679)
BOR100879,41,FL,59800.0,Full-time,Mortgage,41.9,1.3,19,541,Poor (<620)
BOR100880,19,OH,35800.0,Full-time,Rent,22.6,8.4,1,636,Fair (620-679)
BOR100881,19,NV,34200.0,Full-time,Rent,6.7,8.6,1,716,Good (680-739)
BOR100882,37,PA,56900.0,Full-time,Mortgage,44.4,9.3,20,676,Fair (620-679)
BOR100883,44,NJ,18000.0,Full-time,Mortgage,25.4,0.9,28,692,Good (680-739)
BOR100884,38,NJ,46700.0,Unemployed,Mortgage,26.3,7.7,20,646,Fair (620-679)
BOR100885,31,OH,97300.0,Full-time,Rent,26.5,3.2,15,746,Very Good (740-799)
BOR100886,38,MD,18000.0,Full-time,Mortgage,18.7,0.9,15,702,Good (680-739)
BOR100887,37,NV,67500.0,Self-employed,Rent,28.1,3.9,17,718,Good (680-739)
BOR100888,50,LA,59600.0,Full-time,Rent,29.2,1.1,29,690,Good (680-739)
BOR100889,50,NC,24400.0,Self-employed,Rent,36.4,16.1,29,714,Good (680-739)
BOR100890,34,AZ,58900.0,Full-time,Rent,26.5,3.0,17,710,Good (680-739)
BOR100891,40,OH,73200.0,Full-time,Own,7.6,0.5,17,620,Fair (620-679)
BOR100892,44,OH,27500.0,Unemployed,Own,18.6,16.0,21,704,Good (680-739)
BOR100893,46,PA,33900.0,Full-time,Mortgage,43.2,2.5,28,731,Good (680-739)
BOR100894,61,NM,47200.0,Self-employed,Rent,23.6,1.2,41,755,Very Good (740-799)
BOR100895,41,LA,72400.0,Full-time,Other,37.5,4.0,22,707,Good (680-739)
BOR100896,55,MN,36600.0,Full-time,Mortgage,24.9,0.5,37,617,Poor (<620)
BOR100897,27,WA,45800.0,Full-time,Own,40.1,0.5,5,627,Fair (620-679)
BOR100898,33,WA,34600.0,Full-time,Mortgage,33.0,0.8,11,652,Fair (620-679)
BOR100899,19,AZ,47100.0,Self-employed,Mortgage,17.5,0.6,1,692,Good (680-739)
BOR100900,43,AZ,74700.0,Full-time,Rent,20.3,3.5,21,672,Fair (620-679)
BOR100901,49,NJ,48900.0,Full-time,Rent,17.1,7.3,33,607,Poor (<620)
BOR100902,19,NY,39700.0,Full-time,Rent,41.1,0.7,1,607,Poor (<620)
BOR100903,43,NY,45900.0,Full-time,Mortgage,19.4,0.6,21,544,Poor (<620)
BOR100904,48,UT,32500.0,Full-time,Rent,28.3,9.7,28,500,Poor (<620)
BOR100905,48,VA,29800.0,Full-time,Own,31.2,0.6,30,671,Fair (620-679)
BOR100906,27,UT,80100.0,Full-time,Rent,34.2,1.1,6,831,Exceptional (800+)
BOR100907,50,PA,97400.0,Part-time,Rent,27.4,3.3,27,797,Very Good (740-799)
BOR100908,41,AZ,20800.0,Retired,Rent,16.2,1.5,23,616,Poor (<620)
BOR100909,48,IL,60600.0,Full-time,Mortgage,19.9,0.5,30,690,Good (680-739)
BOR100910,39,OH,68600.0,Full-time,Mortgage,21.5,3.6,22,585,Poor (<620)
BOR100911,46,CA,27000.0,Full-time,Rent,5.5,15.5,25,595,Poor (<620)
BOR100912,54,FL,37700.0,Full-time,Rent,36.3,2.0,35,602,Poor (<620)
BOR100913,39,MS,36000.0,Full-time,Rent,37.1,0.9,16,665,Fair (620-679)
BOR100914,44,NC,109700.0,Full-time,Own,21.3,4.1,27,668,Fair (620-679)
BOR100915,56,TN,98100.0,Full-time,Mortgage,45.0,4.0,38,696,Good (680-739)
BOR100916,39,VA,30800.0,Full-time,Mortgage,30.9,16.0,17,723,Good (680-739)
BOR100917,27,NJ,24200.0,Full-time,Rent,40.5,0.8,8,658,Fair (620-679)
BOR100918,49,AZ,66000.0,Self-employed,Mortgage,39.8,5.3,30,682,Good (680-739)
BOR100919,58,PA,59600.0,Self-employed,Mortgage,30.7,7.2,39,609,Poor (<620)
BOR100920,56,NH,81600.0,Full-time,Mortgage,11.7,1.0,35,593,Poor (<620)
BOR100921,50,NV,29000.0,Full-time,Mortgage,34.0,1.2,30,583,Poor (<620)
BOR100922,19,WI,64600.0,Full-time,Own,37.3,0.8,3,722,Good (680-739)
BOR100923,33,VA,33500.0,Full-time,Rent,25.5,0.0,15,658,Fair (620-679)
BOR100924,34,PA,61700.0,Part-time,Rent,33.6,15.0,13,558,Poor (<620)
BOR100925,42,MS,45900.0,Self-employed,Mortgage,31.7,1.2,22,676,Fair (620-679)
BOR100926,61,NC,109700.0,Full-time,Other,22.5,5.8,41,599,Poor (<620)
BOR100927,28,TX,57000.0,Full-time,Other,31.0,4.3,7,788,Very Good (740-799)
BOR100928,68,NC,40500.0,Full-time,Rent,26.9,3.1,51,642,Fair (620-679)
BOR100929,36,MN,49600.0,Part-time,Rent,35.8,9.9,18,724,Good (680-739)
BOR100930,32,TN,44600.0,Full-time,Rent,26.1,8.1,16,751,Very Good (740-799)
BOR100931,51,CO,27700.0,Part-time,Mortgage,24.9,0.7,31,618,Poor (<620)
BOR100932,52,MN,110900.0,Part-time,Own,15.6,0.7,34,685,Good (680-739)
BOR100933,49,IL,95700.0,Full-time,Mortgage,54.1,4.3,32,716,Good (680-739)
BOR100934,32,MS,43100.0,Self-employed,Mortgage,27.5,0.9,11,688,Good (680-739)
BOR100935,47,NJ,63900.0,Self-employed,Rent,20.7,11.0,29,703,Good (680-739)
BOR100936,29,IN,117400.0,Full-time,Other,38.0,0.1,12,594,Poor (<620)
BOR100937,31,CA,81400.0,Full-time,Rent,33.9,4.7,15,716,Good (680-739)
BOR100938,40,NH,40600.0,Full-time,Rent,37.5,0.3,22,648,Fair (620-679)
BOR100939,31,GA,44800.0,Full-time,Rent,38.5,5.8,9,703,Good (680-739)
BOR100940,54,TX,21500.0,Full-time,Rent,43.0,3.9,36,740,Very Good (740-799)
BOR100941,34,NJ,66100.0,Full-time,Own,21.4,2.0,15,723,Good (680-739)
BOR100942,38,NY,81600.0,Self-employed,Other,33.5,0.9,19,703,Good (680-739)
BOR100943,30,NY,81800.0,Full-time,Rent,16.2,1.0,12,722,Good (680-739)
BOR100944,53,TN,63900.0,Full-time,Own,28.9,0.1,32,725,Good (680-739)
BOR100945,33,MI,54600.0,Retired,Mortgage,38.7,5.3,12,777,Very Good (740-799)
BOR100946,55,MS,29800.0,Full-time,Rent,23.0,2.8,39,678,Fair (620-679)
BOR100947,54,NC,53800.0,Full-time,Own,54.3,2.2,36,691,Good (680-739)
BOR100948,36,MD,35100.0,Unemployed,Rent,32.2,0.7,14,741,Very Good (740-799)
BOR100949,41,NJ,59100.0,Full-time,Rent,13.9,5.5,22,648,Fair (620-679)
BOR100950,35,IN,33100.0,Full-time,Own,39.1,6.6,19,593,Poor (<620)
BOR100951,48,TN,58900.0,Full-time,Mortgage,54.2,3.0,30,712,Good (680-739)
BOR100952,39,VA,84600.0,Full-time,Rent,9.6,0.7,20,667,Fair (620-679)
BOR100953,36,UT,55300.0,Self-employed,Own,39.1,10.5,18,602,Poor (<620)
BOR100954,42,NC,54100.0,Full-time,Rent,22.1,0.8,25,713,Good (680-739)
BOR100955,22,PA,70300.0,Full-time,Other,31.5,1.9,1,773,Very Good (740-799)
BOR100956,40,MO,103400.0,Retired,Rent,18.9,6.6,19,574,Poor (<620)
BOR100957,49,NV,44400.0,Full-time,Mortgage,40.5,3.7,33,746,Very Good (740-799)
BOR100958,43,TX,59000.0,Self-employed,Rent,28.8,5.6,20,515,Poor (<620)
BOR100959,52,NJ,92000.0,Full-time,Other,43.6,2.1,34,654,Fair (620-679)
BOR100960,36,LA,63000.0,Full-time,Rent,21.7,6.4,18,800,Exceptional (800+)
BOR100961,35,CO,18900.0,Retired,Own,29.9,6.7,14,659,Fair (620-679)
BOR100962,28,NH,33800.0,Part-time,Own,8.9,5.8,5,686,Good (680-739)
BOR100963,36,AZ,65400.0,Full-time,Rent,58.0,13.7,17,730,Good (680-739)
BOR100964,65,IN,38900.0,Part-time,Mortgage,51.2,2.3,42,568,Poor (<620)
BOR100965,44,GA,89200.0,Full-time,Rent,53.8,2.8,25,685,Good (680-739)
BOR100966,34,NM,107600.0,Full-time,Rent,47.3,0.3,14,684,Good (680-739)
BOR100967,29,NC,35800.0,Full-time,Rent,26.1,5.1,9,801,Exceptional (800+)
BOR100968,22,WI,29300.0,Full-time,Mortgage,31.6,0.1,1,600,Poor (<620)
BOR100969,31,NJ,39600.0,Full-time,Rent,34.9,11.2,9,655,Fair (620-679)
BOR100970,50,AZ,38600.0,Full-time,Rent,35.7,7.7,29,620,Fair (620-679)
BOR100971,36,MD,93100.0,Part-time,Rent,21.0,3.9,20,613,Poor (<620)
BOR100972,30,WA,29300.0,Full-time,Own,20.5,7.5,13,753,Very Good (740-799)
BOR100973,31,MS,65100.0,Full-time,Own,18.6,2.6,15,682,Good (680-739)
BOR100974,49,NJ,87100.0,Full-time,Rent,27.7,6.1,30,644,Fair (620-679)
BOR100975,40,IN,67400.0,Unemployed,Rent,28.8,1.0,22,646,Fair (620-679)
BOR100976,33,NC,56700.0,Self-employed,Rent,27.5,0.9,17,643,Fair (620-679)
BOR100977,37,NJ,43300.0,Retired,Own,34.5,2.7,18,649,Fair (620-679)
BOR100978,67,NJ,107200.0,Self-employed,Own,18.2,0.9,50,598,Poor (<620)
BOR100979,56,NY,41800.0,Full-time,Own,23.5,1.3,34,663,Fair (620-679)
BOR100980,59,FL,71400.0,Full-time,Rent,24.4,7.6,40,657,Fair (620-679)
BOR100981,20,MO,43400.0,Self-employed,Rent,40.2,2.1,4,631,Fair (620-679)
BOR100982,39,IN,20400.0,Part-time,Mortgage,34.0,1.2,18,690,Good (680-739)
BOR100983,33,IN,41300.0,Full-time,Own,35.4,1.0,12,696,Good (680-739)
BOR100984,48,CA,43500.0,Full-time,Own,22.7,3.4,27,644,Fair (620-679)
BOR100985,54,NC,43700.0,Full-time,Mortgage,32.4,1.8,36,671,Fair (620-679)
BOR100986,45,PA,34600.0,Full-time,Own,24.3,12.1,22,820,Exceptional (800+)
BOR100987,31,MN,61800.0,Unemployed,Rent,24.6,5.8,12,818,Exceptional (800+)
BOR100988,33,LA,65000.0,Full-time,Own,35.7,1.3,13,611,Poor (<620)
BOR100989,48,OH,40600.0,Full-time,Mortgage,25.5,1.6,28,621,Fair (620-679)
BOR100990,50,MO,40500.0,Full-time,Rent,30.9,5.5,30,611,Poor (<620)
BOR100991,43,NY,29100.0,Full-time,Other,29.3,0.7,26,749,Very Good (740-799)
BOR100992,43,OH,52300.0,Part-time,Rent,20.3,5.0,24,654,Fair (620-679)
BOR100993,42,NY,86700.0,Full-time,Mortgage,26.2,2.6,25,696,Good (680-739)
BOR100994,44,GA,86700.0,Full-time,Mortgage,26.4,3.8,27,810,Exceptional (800+)
BOR100995,50,MO,35600.0,Retired,Own,28.2,0.2,28,679,Fair (620-679)
BOR100996,49,MS,114200.0,Full-time,Own,14.0,1.4,27,726,Good (680-739)
BOR100997,41,PA,39600.0,Full-time,Rent,24.7,4.2,19,714,Good (680-739)
BOR100998,40,AZ,29500.0,Full-time,Rent,41.1,1.6,20,642,Fair (620-679)
BOR100999,40,MD,25300.0,Full-time,Mortgage,36.4,2.0,22,749,Very Good (740-799)
BOR101000,32,UT,28700.0,Full-time,Rent,28.0,11.7,16,625,Fair (620-679)
BOR101001,31,TN,54200.0,Full-time,Rent,20.2,4.6,10,767,Very Good (740-799)
BOR101002,48,OH,41500.0,Full-time,Rent,33.0,0.5,25,642,Fair (620-679)
BOR101003,32,TN,35100.0,Self-employed,Mortgage,41.7,1.3,12,649,Fair (620-679)
BOR101004,51,NC,31800.0,Full-time,Other,47.2,0.7,33,609,Poor (<620)
BOR101005,40,NH,28600.0,Full-time,Mortgage,26.8,5.7,20,620,Fair (620-679)
BOR101006,51,NJ,31200.0,Part-time,Mortgage,21.4,3.2,34,652,Fair (620-679)
BOR101007,49,MD,73600.0,Full-time,Own,36.8,0.4,27,522,Poor (<620)
BOR101008,51,CA,105000.0,Unemployed,Rent,35.6,0.9,32,665,Fair (620-679)
BOR101009,35,NJ,107900.0,Full-time,Rent,32.1,3.8,15,647,Fair (620-679)
BOR101010,46,LA,63500.0,Full-time,Own,25.6,3.9,25,731,Good (680-739)
BOR101011,50,TN,37400.0,Unemployed,Own,18.9,4.5,28,707,Good (680-739)
BOR101012,22,NJ,34500.0,Full-time,Rent,38.7,3.0,4,634,Fair (620-679)
BOR101013,61,MS,65500.0,Full-time,Rent,41.0,2.2,42,650,Fair (620-679)
BOR101014,68,NV,41700.0,Full-time,Other,28.4,2.5,50,665,Fair (620-679)
BOR101015,52,NC,56100.0,Full-time,Rent,49.1,3.3,36,777,Very Good (740-799)
BOR101016,51,AZ,111200.0,Unemployed,Rent,34.4,3.9,33,627,Fair (620-679)
BOR101017,48,WA,51400.0,Retired,Mortgage,30.3,12.1,31,633,Fair (620-679)
BOR101018,37,TN,130000.0,Unemployed,Mortgage,20.2,0.6,16,607,Poor (<620)
BOR101019,40,NC,28100.0,Self-employed,Rent,15.0,10.3,19,584,Poor (<620)
BOR101020,53,OH,57000.0,Full-time,Mortgage,26.9,1.1,37,700,Good (680-739)
BOR101021,29,MS,53700.0,Full-time,Mortgage,35.7,2.6,10,693,Good (680-739)
BOR101022,28,MS,29900.0,Full-time,Rent,55.3,4.6,12,763,Very Good (740-799)
BOR101023,36,NV,66900.0,Self-employed,Own,32.7,1.2,17,748,Very Good (740-799)
BOR101024,49,NH,92900.0,Part-time,Rent,37.9,0.7,32,836,Exceptional (800+)
BOR101025,31,WI,125600.0,Part-time,Mortgage,23.7,1.5,10,675,Fair (620-679)
BOR101026,38,CO,56100.0,Full-time,Rent,34.1,9.1,15,663,Fair (620-679)
BOR101027,40,CO,19800.0,Full-time,Own,32.8,10.7,20,595,Poor (<620)
BOR101028,29,VA,57800.0,Self-employed,Rent,22.5,3.4,12,725,Good (680-739)
BOR101029,19,NJ,65100.0,Unemployed,Mortgage,45.4,1.5,1,688,Good (680-739)
BOR101030,29,OH,41900.0,Full-time,Own,30.7,5.0,9,722,Good (680-739)
BOR101031,44,IN,51400.0,Full-time,Mortgage,43.1,0.8,28,606,Poor (<620)
BOR101032,47,GA,37500.0,Self-employed,Mortgage,32.1,16.5,31,703,Good (680-739)
BOR101033,47,OH,43900.0,Part-time,Rent,28.7,0.3,24,693,Good (680-739)
BOR101034,48,MA,73700.0,Full-time,Own,24.2,1.0,27,689,Good (680-739)
BOR101035,33,NJ,87100.0,Retired,Rent,28.5,0.6,15,636,Fair (620-679)
BOR101036,31,IL,26300.0,Full-time,Own,46.6,5.0,15,757,Very Good (740-799)
BOR101037,46,NV,37000.0,Full-time,Rent,23.0,5.7,25,813,Exceptional (800+)
BOR101038,38,LA,22800.0,Part-time,Rent,38.7,1.7,19,608,Poor (<620)
BOR101039,52,PA,106600.0,Full-time,Own,28.9,9.3,33,727,Good (680-739)
BOR101040,46,CA,69000.0,Full-time,Own,37.9,0.6,30,500,Poor (<620)
BOR101041,56,NC,18900.0,Full-time,Mortgage,34.1,0.4,39,723,Good (680-739)
BOR101042,35,MN,45300.0,Part-time,Mortgage,18.7,11.1,18,558,Poor (<620)
BOR101043,54,NV,41000.0,Full-time,Mortgage,33.7,1.9,34,646,Fair (620-679)
BOR101044,65,NY,33200.0,Retired,Other,53.7,3.2,45,595,Poor (<620)
BOR101045,42,MN,74300.0,Full-time,Own,35.1,15.7,26,666,Fair (620-679)
BOR101046,47,FL,73600.0,Full-time,Rent,41.3,0.1,24,735,Good (680-739)
BOR101047,30,MI,52600.0,Full-time,Rent,35.0,0.2,14,559,Poor (<620)
BOR101048,52,NH,34900.0,Full-time,Own,39.9,4.6,31,657,Fair (620-679)
BOR101049,55,PA,35100.0,Full-time,Rent,24.8,5.0,37,647,Fair (620-679)
BOR101050,35,PA,47600.0,Part-time,Other,30.8,3.6,12,783,Very Good (740-799)
BOR101051,48,NJ,38000.0,Full-time,Mortgage,40.8,6.2,29,708,Good (680-739)
BOR101052,44,TN,46500.0,Full-time,Rent,28.5,1.0,24,603,Poor (<620)
BOR101053,46,MS,59900.0,Self-employed,Rent,42.7,2.1,29,649,Fair (620-679)
BOR101054,51,NH,23400.0,Full-time,Rent,22.0,1.0,33,781,Very Good (740-799)
BOR101055,47,TX,33200.0,Self-employed,Rent,32.6,2.8,24,726,Good (680-739)
BOR101056,39,NY,45900.0,Part-time,Mortgage,29.4,6.0,17,620,Fair (620-679)
BOR101057,51,MN,94300.0,Full-time,Own,58.4,3.7,35,663,Fair (620-679)
BOR101058,54,OH,68200.0,Full-time,Rent,28.1,4.3,33,665,Fair (620-679)
BOR101059,34,LA,46600.0,Full-time,Mortgage,36.2,2.4,12,645,Fair (620-679)
BOR101060,41,IN,55900.0,Full-time,Rent,12.1,1.0,20,569,Poor (<620)
BOR101061,20,FL,44500.0,Full-time,Mortgage,20.3,17.5,1,636,Fair (620-679)
BOR101062,48,NV,75700.0,Full-time,Mortgage,35.1,1.9,29,770,Very Good (740-799)
BOR101063,56,PA,56700.0,Self-employed,Rent,29.4,1.0,34,655,Fair (620-679)
BOR101064,38,NJ,82900.0,Full-time,Rent,29.6,2.6,15,673,Fair (620-679)
BOR101065,43,AZ,25300.0,Full-time,Rent,28.8,0.6,20,689,Good (680-739)
BOR101066,38,WA,32400.0,Self-employed,Other,30.1,1.6,18,824,Exceptional (800+)
BOR101067,36,MD,52800.0,Full-time,Mortgage,14.9,4.4,16,681,Good (680-739)
BOR101068,44,IN,58200.0,Full-time,Rent,31.1,0.8,23,751,Very Good (740-799)
BOR101069,32,NH,137300.0,Full-time,Mortgage,29.8,21.8,13,641,Fair (620-679)
BOR101070,38,NH,20700.0,Self-employed,Rent,42.7,1.0,22,663,Fair (620-679)
BOR101071,30,WA,45900.0,Full-time,Rent,40.4,0.1,9,681,Good (680-739)
BOR101072,48,FL,45000.0,Full-time,Rent,5.0,2.0,26,630,Fair (620-679)
BOR101073,44,MD,51900.0,Part-time,Mortgage,24.7,4.3,21,667,Fair (620-679)
BOR101074,36,NH,101700.0,Full-time,Rent,50.0,2.1,18,738,Good (680-739)
BOR101075,41,GA,69200.0,Full-time,Mortgage,41.1,1.6,25,628,Fair (620-679)
BOR101076,38,NJ,22700.0,Full-time,Rent,36.9,5.5,18,680,Good (680-739)
BOR101077,55,NJ,93000.0,Full-time,Rent,27.0,3.3,35,726,Good (680-739)
BOR101078,36,TX,91800.0,Full-time,Rent,39.4,4.8,15,626,Fair (620-679)
BOR101079,49,MO,52500.0,Full-time,Rent,16.8,3.1,30,751,Very Good (740-799)
BOR101080,33,NC,22500.0,Full-time,Rent,26.3,2.7,12,685,Good (680-739)
BOR101081,51,MN,43600.0,Self-employed,Mortgage,35.4,0.6,29,669,Fair (620-679)
BOR101082,53,NV,57600.0,Full-time,Rent,38.1,1.8,36,549,Poor (<620)
BOR101083,54,NV,73000.0,Full-time,Rent,34.2,2.2,38,656,Fair (620-679)
BOR101084,59,NJ,21000.0,Full-time,Rent,35.9,5.7,37,704,Good (680-739)
BOR101085,45,NC,33000.0,Part-time,Other,33.6,3.4,24,793,Very Good (740-799)
BOR101086,56,CO,76400.0,Full-time,Mortgage,28.8,1.8,39,717,Good (680-739)
BOR101087,60,MN,91700.0,Self-employed,Mortgage,45.4,0.9,42,753,Very Good (740-799)
BOR101088,28,WA,56600.0,Full-time,Rent,50.5,2.6,8,601,Poor (<620)
BOR101089,34,LA,78200.0,Full-time,Mortgage,31.5,1.9,12,672,Fair (620-679)
BOR101090,23,NY,57200.0,Full-time,Rent,20.2,5.7,3,759,Very Good (740-799)
BOR101091,54,LA,71900.0,Retired,Rent,29.7,5.3,38,622,Fair (620-679)
BOR101092,23,FL,49800.0,Full-time,Rent,32.9,0.4,1,743,Very Good (740-799)
BOR101093,20,PA,57900.0,Full-time,Rent,9.9,0.7,1,728,Good (680-739)
BOR101094,28,AZ,26900.0,Full-time,Rent,45.4,1.5,12,698,Good (680-739)
BOR101095,20,TX,64500.0,Full-time,Mortgage,25.6,2.6,4,659,Fair (620-679)
BOR101096,44,TX,26500.0,Full-time,Own,23.7,3.4,27,616,Poor (<620)
BOR101097,28,CA,64500.0,Full-time,Rent,28.6,2.9,5,795,Very Good (740-799)
BOR101098,21,NJ,38300.0,Part-time,Rent,27.3,0.3,1,721,Good (680-739)
BOR101099,40,MN,55100.0,Self-employed,Rent,32.6,3.0,21,702,Good (680-739)
BOR101100,41,CA,30400.0,Full-time,Mortgage,39.9,0.6,22,653,Fair (620-679)
BOR101101,19,IN,37200.0,Full-time,Own,44.8,6.3,1,682,Good (680-739)
BOR101102,32,NV,55000.0,Full-time,Own,39.9,10.0,15,691,Good (680-739)
BOR101103,40,PA,65500.0,Retired,Mortgage,22.6,1.6,24,706,Good (680-739)
BOR101104,37,NY,76300.0,Full-time,Rent,30.9,1.7,15,728,Good (680-739)
BOR101105,37,LA,27800.0,Full-time,Rent,33.0,0.3,14,629,Fair (620-679)
BOR101106,55,NV,23700.0,Full-time,Own,35.1,3.5,33,585,Poor (<620)
BOR101107,67,AZ,30100.0,Full-time,Mortgage,36.9,1.4,47,685,Good (680-739)
BOR101108,37,NV,28900.0,Full-time,Mortgage,32.8,1.8,14,566,Poor (<620)
BOR101109,25,FL,94400.0,Retired,Mortgage,31.1,0.5,9,659,Fair (620-679)
BOR101110,38,MI,85200.0,Full-time,Rent,41.1,0.5,15,647,Fair (620-679)
BOR101111,43,WI,29800.0,Full-time,Other,30.7,7.2,20,712,Good (680-739)
BOR101112,40,OH,100700.0,Full-time,Rent,41.6,2.1,20,809,Exceptional (800+)
BOR101113,48,CO,83000.0,Full-time,Mortgage,40.1,0.1,30,554,Poor (<620)
BOR101114,68,WA,22400.0,Full-time,Mortgage,46.5,1.4,51,828,Exceptional (800+)
BOR101115,20,CO,29300.0,Full-time,Rent,34.2,0.1,3,665,Fair (620-679)
BOR101116,35,VA,22100.0,Part-time,Rent,46.4,7.9,19,703,Good (680-739)
BOR101117,59,NC,44800.0,Self-employed,Mortgage,29.0,9.1,43,588,Poor (<620)
BOR101118,35,IL,47000.0,Full-time,Mortgage,35.5,3.4,15,745,Very Good (740-799)
BOR101119,50,IL,47000.0,Full-time,Rent,39.7,0.9,30,683,Good (680-739)
BOR101120,49,CO,18700.0,Retired,Rent,21.9,2.8,33,676,Fair (620-679)
BOR101121,56,FL,24500.0,Part-time,Mortgage,28.1,5.0,35,554,Poor (<620)
BOR101122,64,TX,52400.0,Full-time,Rent,25.3,0.7,44,685,Good (680-739)
BOR101123,45,PA,61700.0,Part-time,Rent,31.4,4.1,27,735,Good (680-739)
BOR101124,20,PA,18800.0,Full-time,Own,26.7,0.9,1,665,Fair (620-679)
BOR101125,33,NV,26200.0,Retired,Rent,33.1,3.4,12,756,Very Good (740-799)
BOR101126,67,MI,73900.0,Full-time,Own,31.2,0.1,48,754,Very Good (740-799)
BOR101127,24,NH,26900.0,Self-employed,Mortgage,29.2,1.9,2,638,Fair (620-679)
BOR101128,47,NY,46300.0,Full-time,Rent,33.5,0.2,24,784,Very Good (740-799)
BOR101129,19,IN,25800.0,Self-employed,Mortgage,25.2,4.5,1,683,Good (680-739)
BOR101130,25,NJ,67800.0,Full-time,Rent,23.4,3.7,5,683,Good (680-739)
BOR101131,52,MI,18800.0,Full-time,Rent,20.1,2.8,29,686,Good (680-739)
BOR101132,41,LA,40700.0,Full-time,Mortgage,14.1,0.1,22,685,Good (680-739)
BOR101133,36,NH,71200.0,Self-employed,Own,25.2,10.1,20,509,Poor (<620)
BOR101134,31,LA,61400.0,Part-time,Own,37.4,0.4,12,668,Fair (620-679)
BOR101135,19,PA,37800.0,Full-time,Own,30.0,5.8,1,591,Poor (<620)
BOR101136,49,IL,34100.0,Full-time,Rent,32.1,1.1,26,786,Very Good (740-799)
BOR101137,38,IN,42000.0,Full-time,Mortgage,28.0,7.1,17,783,Very Good (740-799)
BOR101138,23,GA,26100.0,Full-time,Mortgage,51.3,1.7,1,735,Good (680-739)
BOR101139,41,WI,44600.0,Full-time,Rent,33.7,2.7,21,664,Fair (620-679)
BOR101140,48,AZ,44900.0,Part-time,Rent,26.3,1.7,27,614,Poor (<620)
BOR101141,39,AZ,38600.0,Full-time,Rent,21.4,1.8,22,637,Fair (620-679)
BOR101142,42,NV,73100.0,Full-time,Mortgage,49.1,3.0,20,806,Exceptional (800+)
BOR101143,41,MD,28800.0,Full-time,Rent,18.0,0.3,21,635,Fair (620-679)
BOR101144,33,CA,21700.0,Full-time,Mortgage,24.1,0.5,17,527,Poor (<620)
BOR101145,42,TX,36800.0,Full-time,Rent,24.1,8.8,25,747,Very Good (740-799)
BOR101146,50,TN,49300.0,Self-employed,Rent,31.7,2.3,29,778,Very Good (740-799)
BOR101147,53,WA,44400.0,Full-time,Rent,35.6,3.5,37,788,Very Good (740-799)
BOR101148,50,OH,43600.0,Full-time,Rent,32.7,2.4,29,747,Very Good (740-799)
BOR101149,33,NJ,28100.0,Full-time,Rent,28.4,4.7,13,758,Very Good (740-799)
BOR101150,49,CO,30000.0,Full-time,Rent,18.0,3.7,30,683,Good (680-739)
BOR101151,47,NV,37400.0,Self-employed,Mortgage,50.6,12.0,27,545,Poor (<620)
BOR101152,32,AZ,36100.0,Self-employed,Rent,34.6,7.4,11,682,Good (680-739)
BOR101153,35,MI,76400.0,Full-time,Other,37.7,2.0,13,720,Good (680-739)
BOR101154,49,OH,52500.0,Full-time,Rent,25.2,0.2,29,671,Fair (620-679)
BOR101155,58,WA,36700.0,Full-time,Mortgage,29.0,2.1,41,668,Fair (620-679)
BOR101156,19,GA,76300.0,Full-time,Rent,43.7,16.2,1,617,Poor (<620)
BOR101157,61,AZ,57000.0,Full-time,Rent,9.9,2.0,38,615,Poor (<620)
BOR101158,55,MO,25300.0,Full-time,Own,39.6,0.3,38,799,Very Good (740-799)
BOR101159,43,TX,18000.0,Self-employed,Mortgage,29.5,6.7,23,802,Exceptional (800+)
BOR101160,38,CA,25700.0,Unemployed,Own,36.2,0.9,19,680,Good (680-739)
BOR101161,46,IL,60900.0,Part-time,Rent,48.6,2.1,25,698,Good (680-739)
BOR101162,33,LA,69600.0,Full-time,Own,27.2,11.6,17,616,Poor (<620)
BOR101163,39,IN,22100.0,Self-employed,Mortgage,5.0,0.0,22,722,Good (680-739)
BOR101164,23,PA,62700.0,Full-time,Other,21.1,2.2,6,794,Very Good (740-799)
BOR101165,20,LA,61700.0,Retired,Own,32.1,3.7,1,581,Poor (<620)
BOR101166,69,VA,87400.0,Full-time,Mortgage,48.5,5.1,49,710,Good (680-739)
BOR101167,42,VA,71500.0,Part-time,Mortgage,28.1,1.9,21,715,Good (680-739)
BOR101168,43,MS,85700.0,Full-time,Rent,47.5,1.5,25,714,Good (680-739)
BOR101169,41,TX,58100.0,Full-time,Other,8.8,1.0,24,787,Very Good (740-799)
BOR101170,31,IL,57200.0,Full-time,Rent,27.0,0.4,15,812,Exceptional (800+)
BOR101171,37,MA,40100.0,Full-time,Rent,42.4,3.6,17,665,Fair (620-679)
BOR101172,42,PA,67400.0,Full-time,Own,41.4,0.2,20,724,Good (680-739)
BOR101173,39,MO,25600.0,Full-time,Mortgage,12.5,2.0,20,685,Good (680-739)
BOR101174,32,IL,43800.0,Full-time,Rent,23.6,2.6,9,639,Fair (620-679)
BOR101175,47,FL,59500.0,Self-employed,Own,30.6,1.1,24,698,Good (680-739)
BOR101176,43,IL,87900.0,Full-time,Mortgage,25.4,11.9,27,724,Good (680-739)
BOR101177,46,NJ,37600.0,Full-time,Mortgage,43.7,3.1,23,694,Good (680-739)
BOR101178,49,PA,72000.0,Full-time,Rent,32.1,7.2,27,623,Fair (620-679)
BOR101179,39,NY,42700.0,Part-time,Mortgage,17.6,1.4,19,650,Fair (620-679)
BOR101180,39,LA,72700.0,Unemployed,Rent,36.6,1.2,22,650,Fair (620-679)
BOR101181,59,NC,32500.0,Full-time,Rent,37.1,4.5,40,625,Fair (620-679)
BOR101182,30,NC,64600.0,Retired,Mortgage,20.5,1.5,8,700,Good (680-739)
BOR101183,19,TX,44700.0,Full-time,Own,23.1,3.5,1,707,Good (680-739)
BOR101184,48,NC,27400.0,Full-time,Mortgage,24.9,2.4,25,744,Very Good (740-799)
BOR101185,33,OH,43500.0,Full-time,Own,45.7,2.6,15,624,Fair (620-679)
BOR101186,28,TN,84500.0,Retired,Mortgage,31.1,9.8,10,642,Fair (620-679)
BOR101187,52,IL,29500.0,Self-employed,Rent,9.9,8.8,30,781,Very Good (740-799)
BOR101188,39,LA,23900.0,Full-time,Rent,20.0,0.8,23,669,Fair (620-679)
BOR101189,26,MS,55800.0,Full-time,Mortgage,39.2,5.7,6,682,Good (680-739)
BOR101190,64,FL,21900.0,Full-time,Other,27.9,8.9,46,669,Fair (620-679)
BOR101191,22,FL,94200.0,Full-time,Own,19.7,4.1,2,754,Very Good (740-799)
BOR101192,40,FL,93200.0,Full-time,Other,28.2,0.8,23,756,Very Good (740-799)
BOR101193,19,TN,74400.0,Retired,Rent,41.8,2.1,3,752,Very Good (740-799)
BOR101194,44,NY,46400.0,Self-employed,Rent,53.8,2.1,22,682,Good (680-739)
BOR101195,33,NV,98600.0,Full-time,Rent,31.4,0.6,17,623,Fair (620-679)
BOR101196,51,CO,85400.0,Full-time,Mortgage,36.9,5.5,32,805,Exceptional (800+)
BOR101197,41,NV,36700.0,Full-time,Rent,31.0,4.2,24,736,Good (680-739)
BOR101198,57,WA,89100.0,Retired,Rent,34.2,3.6,36,650,Fair (620-679)
BOR101199,36,NH,30900.0,Self-employed,Rent,22.7,5.3,17,773,Very Good (740-799)
BOR101200,22,TX,42700.0,Self-employed,Rent,46.5,7.0,1,645,Fair (620-679)
BOR101201,44,NJ,20800.0,Part-time,Own,27.4,15.9,25,772,Very Good (740-799)
BOR101202,38,NC,49800.0,Full-time,Other,21.0,2.9,20,776,Very Good (740-799)
BOR101203,19,NM,40800.0,Full-time,Rent,24.3,8.7,1,620,Fair (620-679)
BOR101204,28,MA,38000.0,Self-employed,Rent,38.6,0.9,6,718,Good (680-739)
BOR101205,32,NV,43300.0,Full-time,Rent,25.0,8.0,10,731,Good (680-739)
BOR101206,60,PA,35900.0,Self-employed,Rent,47.2,0.4,41,850,Exceptional (800+)
BOR101207,49,NH,47500.0,Part-time,Rent,38.4,3.9,28,632,Fair (620-679)
BOR101208,37,WA,83100.0,Full-time,Mortgage,40.6,8.4,19,773,Very Good (740-799)
BOR101209,47,WA,28900.0,Full-time,Rent,27.8,6.4,31,681,Good (680-739)
BOR101210,19,UT,68700.0,Self-employed,Mortgage,25.8,3.9,3,599,Poor (<620)
BOR101211,34,MI,51400.0,Full-time,Rent,32.3,3.5,14,672,Fair (620-679)
BOR101212,46,MI,55200.0,Full-time,Mortgage,20.1,5.0,29,680,Good (680-739)
BOR101213,43,MA,46000.0,Full-time,Mortgage,36.7,11.4,20,611,Poor (<620)
BOR101214,35,NY,33800.0,Full-time,Rent,41.2,10.6,19,700,Good (680-739)
BOR101215,41,NC,57000.0,Full-time,Rent,25.1,4.3,22,742,Very Good (740-799)
BOR101216,45,PA,58900.0,Full-time,Mortgage,38.9,4.3,25,695,Good (680-739)
BOR101217,41,FL,32500.0,Full-time,Rent,34.5,2.7,21,645,Fair (620-679)
BOR101218,51,LA,25500.0,Unemployed,Mortgage,43.2,1.3,31,670,Fair (620-679)
BOR101219,45,MA,48500.0,Full-time,Rent,48.4,0.9,29,680,Good (680-739)
BOR101220,47,NC,65500.0,Unemployed,Own,39.8,1.2,26,694,Good (680-739)
BOR101221,62,NJ,73300.0,Part-time,Own,31.4,1.4,44,752,Very Good (740-799)
BOR101222,51,NJ,80100.0,Self-employed,Own,44.1,3.1,33,698,Good (680-739)
BOR101223,62,TN,55100.0,Self-employed,Mortgage,32.5,0.5,42,589,Poor (<620)
BOR101224,33,MS,41400.0,Full-time,Rent,29.3,1.8,11,643,Fair (620-679)
BOR101225,22,MS,46600.0,Full-time,Mortgage,25.9,7.6,1,691,Good (680-739)
BOR101226,39,MI,26700.0,Full-time,Rent,33.0,0.6,17,753,Very Good (740-799)
BOR101227,38,NC,34300.0,Full-time,Rent,42.1,0.7,16,764,Very Good (740-799)
BOR101228,59,NJ,45500.0,Full-time,Mortgage,21.7,2.0,40,795,Very Good (740-799)
BOR101229,27,AZ,41400.0,Full-time,Rent,19.6,3.8,5,688,Good (680-739)
BOR101230,40,VA,48600.0,Self-employed,Rent,19.8,2.3,17,730,Good (680-739)
BOR101231,46,IN,25100.0,Retired,Own,42.2,7.7,24,585,Poor (<620)
BOR101232,42,AZ,27800.0,Full-time,Rent,36.0,0.0,26,708,Good (680-739)
BOR101233,39,NC,66100.0,Full-time,Mortgage,46.7,0.5,18,610,Poor (<620)
BOR101234,45,NC,32000.0,Self-employed,Mortgage,26.8,13.4,22,676,Fair (620-679)
BOR101235,54,MI,34400.0,Retired,Mortgage,19.8,0.5,34,850,Exceptional (800+)
BOR101236,59,FL,48700.0,Full-time,Mortgage,47.6,1.9,43,700,Good (680-739)
BOR101237,41,PA,30700.0,Full-time,Mortgage,24.6,4.9,23,624,Fair (620-679)
BOR101238,31,MD,76700.0,Self-employed,Mortgage,38.8,12.7,10,707,Good (680-739)
BOR101239,59,MI,26500.0,Full-time,Rent,18.7,15.4,37,646,Fair (620-679)
BOR101240,28,IL,46700.0,Part-time,Rent,33.8,6.1,8,618,Poor (<620)
BOR101241,62,AZ,33300.0,Full-time,Own,30.4,11.7,43,817,Exceptional (800+)
BOR101242,57,CO,50000.0,Full-time,Own,17.8,1.1,37,749,Very Good (740-799)
BOR101243,59,OH,37300.0,Full-time,Mortgage,50.9,3.5,39,702,Good (680-739)
BOR101244,49,NV,46100.0,Part-time,Mortgage,23.1,0.5,26,655,Fair (620-679)
BOR101245,19,MS,80800.0,Full-time,Rent,22.6,2.4,1,660,Fair (620-679)
BOR101246,29,TN,34200.0,Retired,Rent,25.5,3.0,10,780,Very Good (740-799)
BOR101247,45,MO,34100.0,Full-time,Mortgage,10.2,4.7,27,700,Good (680-739)
BOR101248,33,TX,40500.0,Retired,Rent,28.7,3.5,16,500,Poor (<620)
BOR101249,37,NM,90500.0,Full-time,Mortgage,25.5,5.3,18,837,Exceptional (800+)
BOR101250,48,MI,44800.0,Full-time,Mortgage,41.9,5.7,31,692,Good (680-739)
BOR101251,39,MS,81300.0,Retired,Rent,35.2,6.8,23,702,Good (680-739)
BOR101252,26,MA,43100.0,Full-time,Rent,19.3,3.3,8,751,Very Good (740-799)
BOR101253,52,CA,79600.0,Full-time,Rent,25.5,0.9,34,710,Good (680-739)
BOR101254,47,TX,56000.0,Full-time,Rent,53.6,4.1,26,729,Good (680-739)
BOR101255,38,MO,59800.0,Part-time,Mortgage,22.9,3.8,15,652,Fair (620-679)
BOR101256,50,AZ,24400.0,Self-employed,Rent,40.2,0.9,32,600,Poor (<620)
BOR101257,42,CA,22900.0,Self-employed,Rent,25.2,0.6,24,698,Good (680-739)
BOR101258,57,WI,75500.0,Full-time,Mortgage,22.0,3.7,38,773,Very Good (740-799)
BOR101259,43,NV,75100.0,Full-time,Rent,26.6,2.0,21,638,Fair (620-679)
BOR101260,57,WA,138600.0,Full-time,Mortgage,46.7,2.9,39,633,Fair (620-679)
BOR101261,19,VA,23900.0,Unemployed,Other,17.3,7.0,1,759,Very Good (740-799)
BOR101262,47,CA,58000.0,Full-time,Rent,38.6,7.2,28,650,Fair (620-679)
BOR101263,36,MN,29400.0,Full-time,Mortgage,44.2,2.9,16,653,Fair (620-679)
BOR101264,31,NC,33400.0,Full-time,Mortgage,26.5,5.5,11,656,Fair (620-679)
BOR101265,55,LA,37200.0,Full-time,Rent,42.0,1.3,32,676,Fair (620-679)
BOR101266,52,MI,55400.0,Part-time,Mortgage,40.4,9.9,35,578,Poor (<620)
BOR101267,19,AZ,34600.0,Full-time,Rent,23.9,2.9,1,645,Fair (620-679)
BOR101268,50,OH,47300.0,Full-time,Mortgage,22.5,0.7,29,695,Good (680-739)
BOR101269,48,PA,67800.0,Full-time,Rent,30.5,3.2,30,695,Good (680-739)
BOR101270,32,MN,77500.0,Full-time,Mortgage,33.1,9.6,13,755,Very Good (740-799)
BOR101271,31,WA,63700.0,Part-time,Rent,28.3,0.4,10,800,Exceptional (800+)
BOR101272,22,AZ,57100.0,Part-time,Rent,37.7,2.4,1,778,Very Good (740-799)
BOR101273,37,UT,43800.0,Full-time,Rent,24.3,6.9,17,739,Good (680-739)
BOR101274,39,UT,36100.0,Full-time,Rent,22.9,0.7,18,670,Fair (620-679)
BOR101275,51,LA,59400.0,Self-employed,Rent,32.0,0.4,32,640,Fair (620-679)
BOR101276,44,PA,29100.0,Full-time,Rent,34.3,0.6,25,681,Good (680-739)
BOR101277,28,TN,49200.0,Full-time,Mortgage,45.1,0.9,5,718,Good (680-739)
BOR101278,44,LA,28700.0,Part-time,Mortgage,36.5,3.5,25,733,Good (680-739)
BOR101279,38,MI,45800.0,Full-time,Rent,39.1,0.5,17,721,Good (680-739)
BOR101280,30,FL,29000.0,Full-time,Mortgage,28.5,1.2,13,672,Fair (620-679)
BOR101281,22,NV,38900.0,Full-time,Rent,28.6,0.0,3,731,Good (680-739)
BOR101282,48,VA,34400.0,Full-time,Mortgage,25.6,7.9,31,762,Very Good (740-799)
BOR101283,46,AZ,32600.0,Part-time,Mortgage,33.8,23.7,29,737,Good (680-739)
BOR101284,48,NH,44800.0,Part-time,Rent,33.5,8.3,30,678,Fair (620-679)
BOR101285,32,TN,18000.0,Full-time,Rent,33.0,5.4,16,626,Fair (620-679)
BOR101286,43,NJ,20700.0,Retired,Mortgage,30.0,1.0,23,624,Fair (620-679)
BOR101287,24,NC,66900.0,Retired,Rent,31.6,1.3,7,636,Fair (620-679)
BOR101288,29,NJ,49800.0,Full-time,Rent,48.6,1.3,8,697,Good (680-739)
BOR101289,41,FL,33700.0,Full-time,Own,34.7,14.0,18,714,Good (680-739)
BOR101290,44,MN,72300.0,Full-time,Rent,37.8,5.6,21,588,Poor (<620)
BOR101291,21,NV,35000.0,Retired,Rent,36.7,2.9,5,647,Fair (620-679)
BOR101292,28,GA,35900.0,Full-time,Mortgage,30.3,1.3,8,696,Good (680-739)
BOR101293,37,GA,32800.0,Part-time,Rent,37.4,1.8,14,622,Fair (620-679)
BOR101294,53,LA,110000.0,Unemployed,Rent,32.2,2.3,32,708,Good (680-739)
BOR101295,31,CA,51800.0,Full-time,Rent,19.5,9.0,10,660,Fair (620-679)
BOR101296,43,WA,50900.0,Self-employed,Mortgage,26.2,1.5,21,633,Fair (620-679)
BOR101297,44,VA,57500.0,Full-time,Mortgage,51.9,9.3,25,683,Good (680-739)
BOR101298,38,MD,20300.0,Full-time,Mortgage,43.7,2.0,17,705,Good (680-739)
BOR101299,44,PA,35700.0,Full-time,Rent,29.0,7.4,22,625,Fair (620-679)
BOR101300,25,MO,57200.0,Self-employed,Rent,38.7,3.0,5,664,Fair (620-679)
BOR101301,33,MI,46500.0,Full-time,Rent,34.2,4.2,15,710,Good (680-739)
BOR101302,58,TN,125800.0,Full-time,Mortgage,49.4,1.3,36,630,Fair (620-679)
BOR101303,59,TX,36600.0,Self-employed,Rent,30.7,2.1,43,572,Poor (<620)
BOR101304,51,VA,71300.0,Full-time,Rent,34.2,5.4,30,580,Poor (<620)
BOR101305,54,WA,67000.0,Full-time,Rent,24.0,1.2,37,653,Fair (620-679)
BOR101306,19,IL,49700.0,Full-time,Other,30.7,5.7,3,594,Poor (<620)
BOR101307,30,NY,54000.0,Full-time,Rent,5.0,5.8,8,657,Fair (620-679)
BOR101308,37,PA,40900.0,Full-time,Own,34.6,10.9,15,788,Very Good (740-799)
BOR101309,70,NC,19200.0,Self-employed,Rent,42.0,1.3,50,590,Poor (<620)
BOR101310,37,FL,54600.0,Full-time,Other,48.9,5.2,21,662,Fair (620-679)
BOR101311,50,NM,56500.0,Full-time,Own,36.8,2.0,31,819,Exceptional (800+)
BOR101312,46,NJ,60700.0,Part-time,Rent,28.3,5.2,27,707,Good (680-739)
BOR101313,45,NV,48000.0,Full-time,Rent,23.8,0.6,23,656,Fair (620-679)
BOR101314,41,NH,72200.0,Full-time,Rent,27.2,2.7,19,670,Fair (620-679)
BOR101315,27,TX,31600.0,Full-time,Rent,16.0,2.5,8,708,Good (680-739)
BOR101316,19,IN,90300.0,Self-employed,Rent,29.5,6.0,1,790,Very Good (740-799)
BOR101317,56,LA,29900.0,Self-employed,Own,19.7,6.2,37,645,Fair (620-679)
BOR101318,34,TN,44400.0,Full-time,Own,26.0,4.7,11,631,Fair (620-679)
BOR101319,19,NJ,63300.0,Part-time,Own,30.0,14.5,1,590,Poor (<620)
BOR101320,46,NJ,37000.0,Full-time,Rent,35.3,7.7,25,687,Good (680-739)
BOR101321,46,CA,65300.0,Full-time,Own,15.5,1.3,26,589,Poor (<620)
BOR101322,50,AZ,40000.0,Full-time,Rent,28.6,0.5,31,650,Fair (620-679)
BOR101323,54,NH,49200.0,Self-employed,Rent,38.9,2.6,33,621,Fair (620-679)
BOR101324,30,UT,43000.0,Self-employed,Mortgage,46.0,5.6,12,750,Very Good (740-799)
BOR101325,31,TX,36000.0,Full-time,Mortgage,31.3,1.8,10,647,Fair (620-679)
BOR101326,37,MD,128400.0,Full-time,Rent,54.0,3.2,21,706,Good (680-739)
BOR101327,51,GA,32000.0,Full-time,Mortgage,39.0,2.1,33,576,Poor (<620)
BOR101328,19,MS,18000.0,Full-time,Mortgage,32.6,2.8,1,689,Good (680-739)
BOR101329,43,TX,32500.0,Full-time,Mortgage,44.4,1.2,20,602,Poor (<620)
BOR101330,52,MS,49500.0,Retired,Mortgage,26.9,2.0,35,652,Fair (620-679)
BOR101331,52,NV,39400.0,Unemployed,Mortgage,21.5,4.4,36,824,Exceptional (800+)
BOR101332,50,FL,73700.0,Retired,Mortgage,41.3,0.3,32,741,Very Good (740-799)
BOR101333,54,TX,72500.0,Part-time,Mortgage,37.3,0.4,36,672,Fair (620-679)
BOR101334,19,NV,40400.0,Full-time,Mortgage,42.4,7.2,1,850,Exceptional (800+)
BOR101335,60,PA,21900.0,Full-time,Rent,42.2,1.8,42,621,Fair (620-679)
BOR101336,45,AZ,26200.0,Retired,Mortgage,52.1,2.6,22,756,Very Good (740-799)
BOR101337,57,MS,46000.0,Full-time,Own,17.5,5.1,34,580,Poor (<620)
BOR101338,27,AZ,23100.0,Full-time,Rent,28.5,2.5,11,664,Fair (620-679)
BOR101339,20,MI,39500.0,Full-time,Rent,29.1,2.3,1,592,Poor (<620)
BOR101340,62,NJ,88400.0,Self-employed,Rent,43.7,20.0,44,697,Good (680-739)
BOR101341,30,TX,54400.0,Full-time,Rent,35.7,0.7,12,684,Good (680-739)
BOR101342,37,UT,47600.0,Part-time,Mortgage,43.7,6.7,18,660,Fair (620-679)
BOR101343,47,GA,29200.0,Full-time,Rent,34.8,0.0,29,751,Very Good (740-799)
BOR101344,50,PA,50600.0,Full-time,Other,31.8,1.4,33,643,Fair (620-679)
BOR101345,54,GA,41500.0,Self-employed,Mortgage,38.8,2.0,38,701,Good (680-739)
BOR101346,44,UT,51900.0,Self-employed,Mortgage,34.6,0.5,27,733,Good (680-739)
BOR101347,28,FL,64700.0,Full-time,Own,35.9,0.9,12,584,Poor (<620)
BOR101348,49,LA,69900.0,Full-time,Rent,38.5,1.5,30,631,Fair (620-679)
BOR101349,50,MD,49400.0,Full-time,Mortgage,36.3,2.2,33,684,Good (680-739)
BOR101350,19,NV,58700.0,Full-time,Rent,41.8,1.6,2,721,Good (680-739)
BOR101351,58,NH,37000.0,Full-time,Rent,32.5,0.2,39,772,Very Good (740-799)
BOR101352,19,NV,77600.0,Retired,Rent,33.7,4.6,1,666,Fair (620-679)
BOR101353,53,NM,31300.0,Full-time,Mortgage,22.0,11.3,35,659,Fair (620-679)
BOR101354,33,NY,42500.0,Full-time,Mortgage,41.8,7.5,14,623,Fair (620-679)
BOR101355,49,MN,81300.0,Full-time,Mortgage,49.1,3.6,26,701,Good (680-739)
BOR101356,47,AZ,37500.0,Full-time,Rent,14.0,7.0,24,661,Fair (620-679)
BOR101357,41,AZ,25500.0,Full-time,Rent,38.4,1.0,23,662,Fair (620-679)
BOR101358,46,LA,38800.0,Full-time,Rent,30.5,9.5,25,674,Fair (620-679)
BOR101359,40,UT,87200.0,Part-time,Mortgage,30.2,1.5,18,716,Good (680-739)
BOR101360,50,MD,18000.0,Self-employed,Rent,38.3,6.1,30,643,Fair (620-679)
BOR101361,67,VA,48800.0,Full-time,Mortgage,31.7,2.9,45,630,Fair (620-679)
BOR101362,25,NJ,35100.0,Self-employed,Rent,35.9,2.5,7,708,Good (680-739)
BOR101363,19,MI,43200.0,Full-time,Own,28.4,12.9,2,500,Poor (<620)
BOR101364,36,NC,39900.0,Full-time,Rent,47.0,14.0,17,641,Fair (620-679)
BOR101365,35,MI,71800.0,Self-employed,Rent,29.7,26.1,18,605,Poor (<620)
BOR101366,36,FL,47800.0,Full-time,Rent,24.4,1.0,16,758,Very Good (740-799)
BOR101367,30,TX,73500.0,Unemployed,Mortgage,35.5,0.4,9,651,Fair (620-679)
BOR101368,51,MN,83100.0,Full-time,Rent,23.7,0.3,28,644,Fair (620-679)
BOR101369,24,NJ,47300.0,Retired,Mortgage,34.3,3.0,1,677,Fair (620-679)
BOR101370,46,MS,39700.0,Full-time,Mortgage,48.5,2.7,27,641,Fair (620-679)
BOR101371,49,TN,55300.0,Full-time,Mortgage,31.6,2.4,29,654,Fair (620-679)
BOR101372,45,CA,60300.0,Full-time,Mortgage,18.5,8.3,29,686,Good (680-739)
BOR101373,47,PA,27800.0,Self-employed,Mortgage,27.8,7.3,28,653,Fair (620-679)
BOR101374,52,IL,51900.0,Full-time,Rent,40.1,6.3,34,652,Fair (620-679)
BOR101375,42,NH,41600.0,Full-time,Rent,33.1,1.4,26,614,Poor (<620)
BOR101376,37,IL,38600.0,Unemployed,Mortgage,39.0,1.2,21,605,Poor (<620)
BOR101377,47,WA,34200.0,Full-time,Mortgage,25.7,2.9,25,684,Good (680-739)
BOR101378,48,MS,35200.0,Full-time,Mortgage,27.9,0.1,32,700,Good (680-739)
BOR101379,52,NH,82000.0,Full-time,Rent,38.3,1.7,34,587,Poor (<620)
BOR101380,20,IL,39600.0,Part-time,Rent,48.1,0.4,1,729,Good (680-739)
BOR101381,39,TX,78000.0,Retired,Rent,28.1,0.3,22,730,Good (680-739)
BOR101382,28,PA,49500.0,Part-time,Rent,32.4,1.5,8,743,Very Good (740-799)
BOR101383,48,TX,28000.0,Full-time,Rent,43.0,2.2,31,699,Good (680-739)
BOR101384,50,PA,50800.0,Full-time,Own,33.3,3.2,32,721,Good (680-739)
BOR101385,38,AZ,27300.0,Full-time,Mortgage,38.4,6.3,17,822,Exceptional (800+)
BOR101386,32,MS,61300.0,Self-employed,Rent,24.6,1.8,10,660,Fair (620-679)
BOR101387,48,AZ,42500.0,Part-time,Own,32.0,3.8,29,612,Poor (<620)
BOR101388,39,TN,68500.0,Self-employed,Own,25.8,2.3,19,580,Poor (<620)
BOR101389,58,PA,88900.0,Full-time,Rent,15.1,6.0,36,794,Very Good (740-799)
BOR101390,62,MN,21400.0,Full-time,Rent,23.2,0.5,40,795,Very Good (740-799)
BOR101391,53,TN,37900.0,Part-time,Own,36.5,1.5,37,620,Fair (620-679)
BOR101392,44,LA,27100.0,Full-time,Rent,37.5,0.0,28,633,Fair (620-679)
BOR101393,63,NM,123200.0,Full-time,Own,39.7,0.4,42,659,Fair (620-679)
BOR101394,44,NC,38200.0,Part-time,Own,37.1,11.1,25,760,Very Good (740-799)
BOR101395,35,FL,25800.0,Full-time,Mortgage,29.8,1.4,13,596,Poor (<620)
BOR101396,33,IL,127800.0,Part-time,Rent,13.7,15.1,13,552,Poor (<620)
BOR101397,33,NJ,33600.0,Part-time,Mortgage,20.6,5.6,11,821,Exceptional (800+)
BOR101398,41,NM,22500.0,Full-time,Rent,43.0,4.0,19,700,Good (680-739)
BOR101399,47,MI,27700.0,Self-employed,Own,23.6,3.4,30,710,Good (680-739)
BOR101400,24,MN,49700.0,Full-time,Own,31.3,4.2,1,667,Fair (620-679)
BOR101401,36,AZ,47600.0,Full-time,Mortgage,32.6,0.4,16,710,Good (680-739)
BOR101402,44,PA,32000.0,Retired,Rent,18.1,14.7,28,582,Poor (<620)
BOR101403,49,NC,37500.0,Retired,Other,35.3,14.8,26,625,Fair (620-679)
BOR101404,41,IN,47800.0,Full-time,Mortgage,47.3,5.4,24,687,Good (680-739)
BOR101405,44,MO,84600.0,Part-time,Rent,31.8,5.2,22,532,Poor (<620)
BOR101406,26,NJ,54200.0,Full-time,Own,29.3,6.3,7,660,Fair (620-679)
BOR101407,30,IL,36200.0,Self-employed,Own,20.4,10.2,8,656,Fair (620-679)
BOR101408,40,MD,42100.0,Full-time,Own,29.3,9.8,24,660,Fair (620-679)
BOR101409,47,PA,65900.0,Full-time,Own,37.4,2.1,24,644,Fair (620-679)
BOR101410,44,MS,99300.0,Full-time,Rent,31.9,16.7,25,615,Poor (<620)
BOR101411,31,PA,28400.0,Retired,Rent,27.6,7.8,15,562,Poor (<620)
BOR101412,38,FL,77000.0,Self-employed,Rent,42.1,6.7,19,689,Good (680-739)
BOR101413,59,WA,40500.0,Full-time,Rent,29.4,9.0,42,660,Fair (620-679)
BOR101414,48,WA,22500.0,Full-time,Rent,27.7,22.6,28,591,Poor (<620)
BOR101415,39,WA,20500.0,Full-time,Mortgage,33.4,1.1,17,684,Good (680-739)
BOR101416,29,NJ,85000.0,Full-time,Own,45.1,3.0,13,661,Fair (620-679)
BOR101417,32,NH,89700.0,Full-time,Own,30.5,4.0,10,650,Fair (620-679)
BOR101418,41,WA,36100.0,Self-employed,Own,23.1,19.2,19,540,Poor (<620)
BOR101419,44,VA,42400.0,Full-time,Own,37.5,0.5,28,724,Good (680-739)
BOR101420,48,NJ,20900.0,Full-time,Own,28.7,1.1,26,600,Poor (<620)
BOR101421,46,TX,65700.0,Self-employed,Rent,37.5,4.7,24,684,Good (680-739)
BOR101422,37,TN,46000.0,Full-time,Mortgage,11.5,4.1,16,627,Fair (620-679)
BOR101423,35,IL,23200.0,Full-time,Rent,32.4,4.7,17,655,Fair (620-679)
BOR101424,66,IN,51100.0,Retired,Mortgage,29.5,4.0,49,755,Very Good (740-799)
BOR101425,34,TX,25000.0,Self-employed,Mortgage,22.4,0.1,11,715,Good (680-739)
BOR101426,25,NH,59900.0,Full-time,Own,19.9,1.0,3,753,Very Good (740-799)
BOR101427,21,VA,28600.0,Full-time,Rent,29.2,3.0,5,701,Good (680-739)
BOR101428,37,LA,54300.0,Part-time,Rent,21.3,3.6,19,706,Good (680-739)
BOR101429,52,VA,34800.0,Full-time,Rent,5.0,0.9,32,564,Poor (<620)
BOR101430,34,TX,18000.0,Full-time,Rent,20.2,1.1,14,659,Fair (620-679)
BOR101431,59,NV,73000.0,Full-time,Mortgage,19.8,0.6,36,665,Fair (620-679)
BOR101432,41,IN,74800.0,Self-employed,Rent,32.3,3.4,20,760,Very Good (740-799)
BOR101433,54,MN,36900.0,Full-time,Rent,20.1,0.1,34,647,Fair (620-679)
BOR101434,32,NJ,52800.0,Full-time,Rent,32.0,11.9,14,697,Good (680-739)
BOR101435,32,IN,56800.0,Self-employed,Mortgage,22.5,3.2,16,695,Good (680-739)
BOR101436,42,LA,57600.0,Full-time,Rent,39.8,0.4,24,755,Very Good (740-799)
BOR101437,47,TN,101400.0,Full-time,Rent,35.7,2.1,31,671,Fair (620-679)
BOR101438,39,NC,56200.0,Retired,Mortgage,29.0,5.9,16,734,Good (680-739)
BOR101439,45,IN,39700.0,Full-time,Mortgage,33.4,15.8,25,569,Poor (<620)
BOR101440,48,MO,56500.0,Full-time,Mortgage,37.7,3.3,29,575,Poor (<620)
BOR101441,24,UT,38400.0,Self-employed,Rent,32.6,1.0,3,532,Poor (<620)
BOR101442,37,NC,28900.0,Full-time,Rent,33.4,8.8,16,731,Good (680-739)
BOR101443,35,NJ,80700.0,Full-time,Rent,10.9,10.8,13,724,Good (680-739)
BOR101444,35,NV,59300.0,Full-time,Mortgage,26.8,1.4,19,738,Good (680-739)
BOR101445,46,WA,20200.0,Part-time,Mortgage,24.2,1.6,26,636,Fair (620-679)
BOR101446,35,WI,34300.0,Full-time,Mortgage,42.5,5.0,19,643,Fair (620-679)
BOR101447,19,NJ,65600.0,Full-time,Rent,28.1,0.4,1,672,Fair (620-679)
BOR101448,38,IL,23100.0,Full-time,Own,25.3,2.8,20,774,Very Good (740-799)
BOR101449,28,WI,33200.0,Full-time,Rent,37.8,7.8,12,790,Very Good (740-799)
BOR101450,47,NY,154500.0,Self-employed,Mortgage,16.8,3.0,24,732,Good (680-739)
BOR101451,51,PA,40200.0,Full-time,Mortgage,31.1,4.1,30,702,Good (680-739)
BOR101452,19,TN,75900.0,Full-time,Own,12.2,1.6,1,767,Very Good (740-799)
BOR101453,32,WI,91600.0,Full-time,Own,24.8,2.9,12,663,Fair (620-679)
BOR101454,45,LA,31000.0,Retired,Rent,27.4,7.0,26,655,Fair (620-679)
BOR101455,24,OH,52600.0,Full-time,Rent,46.6,0.0,6,672,Fair (620-679)
BOR101456,50,FL,117800.0,Full-time,Rent,30.5,0.0,33,616,Poor (<620)
BOR101457,54,UT,57300.0,Full-time,Own,23.1,8.2,31,669,Fair (620-679)
BOR101458,39,PA,135200.0,Retired,Rent,30.7,2.9,16,607,Poor (<620)
BOR101459,32,PA,35000.0,Full-time,Mortgage,46.4,1.3,12,747,Very Good (740-799)
BOR101460,19,GA,104700.0,Full-time,Mortgage,11.5,1.2,1,715,Good (680-739)
BOR101461,51,AZ,47000.0,Full-time,Rent,39.7,5.5,29,773,Very Good (740-799)
BOR101462,65,LA,40200.0,Full-time,Own,35.8,1.4,44,574,Poor (<620)
BOR101463,63,CO,62200.0,Full-time,Rent,30.8,0.1,43,804,Exceptional (800+)
BOR101464,39,MD,44300.0,Full-time,Rent,28.9,1.2,21,578,Poor (<620)
BOR101465,28,PA,44900.0,Full-time,Rent,46.4,5.8,11,602,Poor (<620)
BOR101466,51,NC,58000.0,Full-time,Mortgage,39.2,0.9,32,640,Fair (620-679)
BOR101467,39,VA,20700.0,Self-employed,Mortgage,21.6,10.1,16,765,Very Good (740-799)
BOR101468,47,NY,32600.0,Full-time,Rent,32.2,0.0,31,695,Good (680-739)
BOR101469,45,OH,64500.0,Full-time,Mortgage,44.5,1.9,25,664,Fair (620-679)
BOR101470,42,GA,72900.0,Full-time,Rent,37.4,2.7,23,628,Fair (620-679)
BOR101471,53,NY,54800.0,Self-employed,Rent,34.6,0.7,32,591,Poor (<620)
BOR101472,54,AZ,52800.0,Self-employed,Mortgage,19.0,1.3,33,754,Very Good (740-799)
BOR101473,35,MD,55900.0,Part-time,Mortgage,55.1,2.8,15,732,Good (680-739)
BOR101474,30,TX,71800.0,Self-employed,Mortgage,39.2,1.0,10,768,Very Good (740-799)
BOR101475,19,VA,24500.0,Full-time,Mortgage,49.8,1.4,1,706,Good (680-739)
BOR101476,37,MN,37100.0,Full-time,Other,35.0,8.3,20,508,Poor (<620)
BOR101477,28,CO,45100.0,Full-time,Rent,31.8,5.8,5,599,Poor (<620)
BOR101478,46,NV,50900.0,Full-time,Rent,25.6,13.5,26,710,Good (680-739)
BOR101479,37,NJ,18000.0,Self-employed,Mortgage,41.8,2.3,19,656,Fair (620-679)
BOR101480,38,NV,26500.0,Full-time,Mortgage,47.0,6.0,15,644,Fair (620-679)
BOR101481,51,OH,46300.0,Full-time,Mortgage,42.4,9.1,29,608,Poor (<620)
BOR101482,46,NC,73600.0,Full-time,Other,54.6,3.4,29,742,Very Good (740-799)
BOR101483,40,PA,38600.0,Self-employed,Rent,33.3,2.2,24,710,Good (680-739)
BOR101484,61,VA,34500.0,Self-employed,Own,25.8,1.9,39,713,Good (680-739)
BOR101485,50,MI,59200.0,Part-time,Other,34.6,3.2,31,639,Fair (620-679)
BOR101486,36,OH,40200.0,Full-time,Mortgage,40.0,6.4,13,691,Good (680-739)
BOR101487,37,CO,69300.0,Retired,Rent,29.4,2.2,14,593,Poor (<620)
BOR101488,50,GA,42200.0,Self-employed,Rent,31.6,1.5,34,672,Fair (620-679)
BOR101489,43,OH,28200.0,Full-time,Rent,34.1,0.1,23,516,Poor (<620)
BOR101490,28,NY,88400.0,Full-time,Rent,36.9,6.8,8,578,Poor (<620)
BOR101491,52,NJ,81400.0,Full-time,Rent,33.3,3.0,36,659,Fair (620-679)
BOR101492,56,GA,30300.0,Part-time,Own,34.1,0.1,38,834,Exceptional (800+)
BOR101493,55,NC,55700.0,Retired,Rent,38.4,11.7,37,563,Poor (<620)
BOR101494,60,IL,40300.0,Full-time,Rent,39.7,2.8,40,599,Poor (<620)
BOR101495,66,CO,61600.0,Full-time,Mortgage,27.0,2.1,45,694,Good (680-739)
BOR101496,62,MS,31400.0,Full-time,Rent,13.6,6.3,45,795,Very Good (740-799)
BOR101497,45,WA,69000.0,Unemployed,Rent,21.6,0.6,27,693,Good (680-739)
BOR101498,38,IN,79800.0,Full-time,Mortgage,36.6,1.3,19,726,Good (680-739)
BOR101499,19,LA,30400.0,Retired,Mortgage,24.7,0.8,2,658,Fair (620-679)
BOR101500,41,NH,48100.0,Full-time,Mortgage,34.7,3.8,19,647,Fair (620-679)
BOR101501,47,TN,80600.0,Full-time,Mortgage,31.4,3.0,25,685,Good (680-739)
BOR101502,42,LA,29700.0,Full-time,Rent,32.7,1.0,26,637,Fair (620-679)
BOR101503,19,MS,34500.0,Full-time,Rent,36.9,7.7,2,727,Good (680-739)
BOR101504,38,MN,62800.0,Full-time,Own,43.9,0.5,20,576,Poor (<620)
BOR101505,49,NJ,43400.0,Full-time,Rent,31.8,10.0,32,738,Good (680-739)
BOR101506,29,TX,23000.0,Full-time,Mortgage,21.6,5.0,12,683,Good (680-739)
BOR101507,43,CA,40400.0,Full-time,Rent,35.1,6.9,22,666,Fair (620-679)
BOR101508,46,VA,102300.0,Full-time,Rent,39.1,5.0,24,573,Poor (<620)
BOR101509,54,WA,118000.0,Self-employed,Own,9.5,1.6,33,616,Poor (<620)
BOR101510,62,NJ,35000.0,Full-time,Mortgage,24.8,1.0,41,758,Very Good (740-799)
BOR101511,36,AZ,30900.0,Retired,Rent,32.3,5.7,20,666,Fair (620-679)
BOR101512,43,AZ,37900.0,Full-time,Mortgage,27.2,1.2,27,698,Good (680-739)
BOR101513,44,NV,104900.0,Full-time,Rent,33.3,6.8,24,623,Fair (620-679)
BOR101514,49,FL,68100.0,Full-time,Own,25.8,6.6,28,678,Fair (620-679)
BOR101515,47,IL,90100.0,Full-time,Mortgage,41.4,0.8,31,591,Poor (<620)
BOR101516,58,MN,73100.0,Part-time,Rent,32.5,0.0,37,686,Good (680-739)
BOR101517,19,NV,25800.0,Self-employed,Mortgage,14.0,3.6,1,704,Good (680-739)
BOR101518,46,NH,30400.0,Full-time,Rent,39.3,17.3,25,701,Good (680-739)
BOR101519,47,LA,34100.0,Full-time,Other,39.9,2.0,26,621,Fair (620-679)
BOR101520,38,LA,36900.0,Self-employed,Rent,31.6,8.0,17,658,Fair (620-679)
BOR101521,19,GA,34400.0,Retired,Mortgage,13.6,0.1,1,715,Good (680-739)
BOR101522,40,NJ,36200.0,Full-time,Rent,41.0,8.3,20,666,Fair (620-679)
BOR101523,32,OH,62200.0,Full-time,Rent,21.8,2.1,11,661,Fair (620-679)
BOR101524,61,TN,49600.0,Full-time,Own,28.4,12.4,45,804,Exceptional (800+)
BOR101525,46,MS,80700.0,Retired,Mortgage,26.3,9.4,29,618,Poor (<620)
BOR101526,31,NC,52200.0,Full-time,Mortgage,17.6,0.5,12,750,Very Good (740-799)
BOR101527,19,AZ,34400.0,Full-time,Mortgage,32.1,13.4,3,605,Poor (<620)
BOR101528,48,GA,50800.0,Part-time,Rent,34.0,0.1,29,723,Good (680-739)
BOR101529,49,PA,23600.0,Full-time,Rent,33.1,2.3,30,726,Good (680-739)
BOR101530,38,PA,18000.0,Full-time,Rent,29.9,1.2,19,647,Fair (620-679)
BOR101531,48,TX,62300.0,Full-time,Rent,24.6,6.5,27,601,Poor (<620)
BOR101532,37,NM,73700.0,Retired,Rent,46.7,3.3,19,552,Poor (<620)
BOR101533,54,NJ,48200.0,Self-employed,Mortgage,33.9,2.0,31,640,Fair (620-679)
BOR101534,53,NV,39100.0,Full-time,Own,22.6,0.3,37,714,Good (680-739)
BOR101535,21,MO,25500.0,Self-employed,Rent,36.4,2.0,3,610,Poor (<620)
BOR101536,24,PA,78800.0,Full-time,Mortgage,35.6,5.2,2,686,Good (680-739)
BOR101537,65,PA,58200.0,Full-time,Rent,38.2,3.6,42,584,Poor (<620)
BOR101538,52,NV,53200.0,Full-time,Rent,31.7,3.8,29,665,Fair (620-679)
BOR101539,26,OH,46500.0,Unemployed,Mortgage,25.8,1.6,10,605,Poor (<620)
BOR101540,22,MS,37700.0,Full-time,Own,18.3,10.4,3,675,Fair (620-679)
BOR101541,43,NY,28300.0,Full-time,Mortgage,26.7,2.7,25,647,Fair (620-679)
BOR101542,27,MO,52200.0,Full-time,Mortgage,15.4,6.0,11,603,Poor (<620)
BOR101543,37,NV,36600.0,Part-time,Rent,35.0,3.9,18,637,Fair (620-679)
BOR101544,40,IL,38500.0,Full-time,Rent,15.9,0.8,24,619,Poor (<620)
BOR101545,40,OH,101000.0,Part-time,Mortgage,28.4,3.6,22,595,Poor (<620)
BOR101546,55,UT,45600.0,Part-time,Rent,39.3,0.8,35,750,Very Good (740-799)
BOR101547,63,OH,18000.0,Self-employed,Rent,29.6,1.1,41,657,Fair (620-679)
BOR101548,35,NJ,36600.0,Part-time,Mortgage,31.4,0.0,19,537,Poor (<620)
BOR101549,27,NJ,29700.0,Full-time,Own,36.4,2.1,8,639,Fair (620-679)
BOR101550,46,OH,43800.0,Self-employed,Own,37.1,4.3,27,739,Good (680-739)
BOR101551,61,MN,24600.0,Full-time,Rent,42.4,0.5,39,631,Fair (620-679)
BOR101552,36,MN,56700.0,Full-time,Rent,37.6,3.6,18,777,Very Good (740-799)
BOR101553,51,MI,40800.0,Full-time,Rent,35.6,12.0,28,624,Fair (620-679)
BOR101554,31,NV,37600.0,Full-time,Rent,12.4,24.8,13,713,Good (680-739)
BOR101555,41,IL,49900.0,Full-time,Rent,34.4,8.7,21,747,Very Good (740-799)
BOR101556,27,CA,45000.0,Full-time,Mortgage,48.6,3.7,5,709,Good (680-739)
BOR101557,41,MA,43900.0,Full-time,Own,38.5,5.5,22,591,Poor (<620)
BOR101558,40,NH,42200.0,Part-time,Rent,41.7,6.4,18,619,Poor (<620)
BOR101559,48,TX,46200.0,Full-time,Mortgage,25.3,15.5,32,756,Very Good (740-799)
BOR101560,62,IL,54400.0,Full-time,Rent,31.3,1.4,39,628,Fair (620-679)
BOR101561,36,WA,51400.0,Full-time,Mortgage,37.6,2.5,15,743,Very Good (740-799)
BOR101562,19,NV,77400.0,Full-time,Mortgage,36.4,2.7,2,652,Fair (620-679)
BOR101563,39,FL,36500.0,Retired,Rent,39.9,1.3,16,689,Good (680-739)
BOR101564,45,MI,51900.0,Full-time,Rent,20.7,11.4,23,590,Poor (<620)
BOR101565,43,WI,140200.0,Part-time,Rent,24.1,8.4,26,640,Fair (620-679)
BOR101566,39,MI,45800.0,Full-time,Own,19.1,4.3,21,623,Fair (620-679)
BOR101567,59,PA,46600.0,Self-employed,Own,34.6,4.9,36,695,Good (680-739)
BOR101568,43,PA,26400.0,Self-employed,Rent,30.1,3.6,25,686,Good (680-739)
BOR101569,40,NJ,33800.0,Full-time,Rent,30.1,4.3,17,710,Good (680-739)
BOR101570,32,VA,44500.0,Retired,Own,25.2,5.7,14,648,Fair (620-679)
BOR101571,20,LA,59300.0,Full-time,Mortgage,23.6,1.2,1,620,Fair (620-679)
BOR101572,45,IN,62500.0,Self-employed,Rent,32.0,0.3,28,692,Good (680-739)
BOR101573,44,MD,54000.0,Full-time,Rent,43.1,0.2,23,613,Poor (<620)
BOR101574,28,NH,67000.0,Full-time,Mortgage,47.7,12.7,6,750,Very Good (740-799)
BOR101575,40,NJ,29700.0,Full-time,Rent,47.7,14.1,18,673,Fair (620-679)
BOR101576,39,NJ,58100.0,Full-time,Own,27.3,0.2,20,659,Fair (620-679)
BOR101577,34,MS,46900.0,Self-employed,Mortgage,20.2,0.1,11,710,Good (680-739)
BOR101578,31,OH,49300.0,Self-employed,Own,40.8,0.7,12,675,Fair (620-679)
BOR101579,46,MD,39600.0,Full-time,Mortgage,44.7,5.0,26,572,Poor (<620)
BOR101580,38,CO,30400.0,Full-time,Rent,36.2,1.2,15,611,Poor (<620)
BOR101581,34,FL,27000.0,Retired,Own,31.8,1.3,18,749,Very Good (740-799)
BOR101582,31,VA,53900.0,Self-employed,Own,25.7,12.9,10,685,Good (680-739)
BOR101583,39,PA,58300.0,Part-time,Mortgage,38.1,15.9,17,571,Poor (<620)
BOR101584,52,PA,44000.0,Full-time,Own,37.8,0.0,33,703,Good (680-739)
BOR101585,43,VA,46300.0,Full-time,Mortgage,34.8,3.8,25,644,Fair (620-679)
BOR101586,38,GA,33700.0,Full-time,Mortgage,20.9,0.5,17,623,Fair (620-679)
BOR101587,45,MN,58500.0,Self-employed,Mortgage,22.1,2.4,25,606,Poor (<620)
BOR101588,57,MS,47900.0,Full-time,Rent,31.1,5.6,41,745,Very Good (740-799)
BOR101589,47,NV,39600.0,Full-time,Mortgage,42.4,2.0,27,552,Poor (<620)
BOR101590,44,OH,68900.0,Full-time,Own,41.1,7.5,21,626,Fair (620-679)
BOR101591,49,OH,62300.0,Full-time,Rent,28.0,0.1,31,688,Good (680-739)
BOR101592,39,OH,23400.0,Full-time,Own,13.7,1.0,17,783,Very Good (740-799)
BOR101593,43,NY,47700.0,Self-employed,Own,45.4,0.3,27,716,Good (680-739)
BOR101594,35,NM,30300.0,Retired,Mortgage,44.4,2.6,19,625,Fair (620-679)
BOR101595,22,NJ,49700.0,Full-time,Mortgage,33.2,0.5,2,779,Very Good (740-799)
BOR101596,45,IL,18000.0,Full-time,Own,27.7,2.2,27,592,Poor (<620)
BOR101597,45,NV,51000.0,Full-time,Mortgage,28.9,5.7,26,697,Good (680-739)
BOR101598,38,MI,64200.0,Self-employed,Mortgage,41.3,7.2,19,712,Good (680-739)
BOR101599,53,CA,44400.0,Self-employed,Mortgage,37.4,4.6,30,623,Fair (620-679)
BOR101600,32,PA,27600.0,Full-time,Own,27.7,0.0,14,725,Good (680-739)
BOR101601,20,IN,112500.0,Full-time,Rent,54.0,0.4,4,647,Fair (620-679)
BOR101602,33,MN,78400.0,Self-employed,Rent,16.7,1.7,16,725,Good (680-739)
BOR101603,23,IL,36700.0,Full-time,Rent,26.0,3.4,1,560,Poor (<620)
BOR101604,45,MS,41500.0,Full-time,Mortgage,26.2,1.4,26,702,Good (680-739)
BOR101605,32,NV,19100.0,Full-time,Rent,33.1,2.1,13,653,Fair (620-679)
BOR101606,53,NV,57700.0,Full-time,Rent,43.3,4.3,31,755,Very Good (740-799)
BOR101607,53,IL,25200.0,Full-time,Mortgage,40.3,5.2,36,677,Fair (620-679)
BOR101608,30,TX,62900.0,Full-time,Rent,33.3,2.7,8,761,Very Good (740-799)
BOR101609,31,LA,74000.0,Part-time,Rent,18.7,0.5,13,713,Good (680-739)
BOR101610,47,GA,45200.0,Full-time,Mortgage,41.6,8.4,25,672,Fair (620-679)
BOR101611,53,TN,28900.0,Full-time,Mortgage,20.6,2.7,37,731,Good (680-739)
BOR101612,19,CO,81800.0,Full-time,Mortgage,28.0,0.8,1,732,Good (680-739)
BOR101613,44,NY,46700.0,Full-time,Rent,31.2,1.3,24,711,Good (680-739)
BOR101614,19,MN,48600.0,Full-time,Rent,23.9,18.2,1,531,Poor (<620)
BOR101615,34,MS,30700.0,Full-time,Rent,23.7,4.0,11,616,Poor (<620)
BOR101616,54,MD,50900.0,Unemployed,Mortgage,40.9,2.3,36,770,Very Good (740-799)
BOR101617,77,NJ,42600.0,Full-time,Mortgage,46.5,4.9,55,598,Poor (<620)
BOR101618,38,LA,25600.0,Full-time,Rent,31.3,5.1,15,737,Good (680-739)
BOR101619,26,WA,85200.0,Self-employed,Rent,14.2,2.5,8,726,Good (680-739)
BOR101620,35,WI,102900.0,Full-time,Rent,34.8,1.5,14,633,Fair (620-679)
BOR101621,42,NV,73700.0,Full-time,Rent,25.0,3.9,24,550,Poor (<620)
BOR101622,33,CO,68900.0,Full-time,Rent,35.6,5.3,14,643,Fair (620-679)
BOR101623,30,GA,103200.0,Full-time,Rent,35.0,13.7,12,815,Exceptional (800+)
BOR101624,36,FL,29100.0,Full-time,Rent,13.2,2.8,18,624,Fair (620-679)
BOR101625,46,OH,28900.0,Part-time,Rent,28.1,3.9,29,628,Fair (620-679)
BOR101626,39,WA,38700.0,Full-time,Rent,38.2,1.4,17,615,Poor (<620)
BOR101627,30,WA,53300.0,Full-time,Rent,31.1,1.6,13,759,Very Good (740-799)
BOR101628,33,MA,40900.0,Self-employed,Rent,21.0,0.9,12,664,Fair (620-679)
BOR101629,36,MI,29500.0,Full-time,Rent,38.6,3.0,15,639,Fair (620-679)
BOR101630,29,MN,46700.0,Full-time,Rent,15.3,2.4,6,772,Very Good (740-799)
BOR101631,33,MS,44700.0,Full-time,Mortgage,34.3,1.0,13,718,Good (680-739)
BOR101632,49,OH,68100.0,Full-time,Rent,26.6,3.6,32,620,Fair (620-679)
BOR101633,38,WI,47600.0,Full-time,Other,36.3,0.4,20,600,Poor (<620)
BOR101634,20,MO,19800.0,Full-time,Mortgage,29.7,1.7,1,755,Very Good (740-799)
BOR101635,53,WA,55500.0,Full-time,Mortgage,36.9,5.1,35,681,Good (680-739)
BOR101636,46,PA,95000.0,Full-time,Mortgage,45.6,3.0,24,579,Poor (<620)
BOR101637,24,MN,47200.0,Self-employed,Rent,38.9,4.6,3,564,Poor (<620)
BOR101638,37,UT,72700.0,Full-time,Other,38.8,0.4,16,607,Poor (<620)
BOR101639,31,MD,37100.0,Full-time,Mortgage,37.8,4.9,15,599,Poor (<620)
BOR101640,49,MS,60100.0,Full-time,Rent,14.8,3.2,29,547,Poor (<620)
BOR101641,37,NH,33400.0,Full-time,Rent,32.8,0.8,20,609,Poor (<620)
BOR101642,40,NC,41700.0,Full-time,Rent,34.7,1.1,17,620,Fair (620-679)
BOR101643,39,IN,41900.0,Full-time,Rent,37.5,1.0,21,650,Fair (620-679)
BOR101644,23,VA,57800.0,Full-time,Rent,31.2,2.5,4,790,Very Good (740-799)
BOR101645,58,NH,32200.0,Retired,Mortgage,39.2,22.3,35,663,Fair (620-679)
BOR101646,49,FL,24100.0,Self-employed,Own,22.4,2.9,33,669,Fair (620-679)
BOR101647,32,NJ,57600.0,Full-time,Mortgage,51.9,2.7,10,713,Good (680-739)
BOR101648,43,LA,56600.0,Self-employed,Mortgage,37.6,2.2,25,665,Fair (620-679)
BOR101649,53,GA,49100.0,Full-time,Rent,22.8,1.2,37,706,Good (680-739)
BOR101650,42,MN,71000.0,Self-employed,Rent,45.6,1.5,25,698,Good (680-739)
BOR101651,60,MI,42600.0,Full-time,Own,20.8,1.7,40,688,Good (680-739)
BOR101652,76,NH,52900.0,Full-time,Rent,32.1,5.5,55,850,Exceptional (800+)
BOR101653,39,LA,39800.0,Full-time,Own,33.2,0.7,17,739,Good (680-739)
BOR101654,34,GA,41500.0,Part-time,Mortgage,27.9,4.3,18,610,Poor (<620)
BOR101655,29,MN,54300.0,Full-time,Own,30.8,1.2,9,704,Good (680-739)
BOR101656,19,NC,129300.0,Full-time,Mortgage,32.6,4.6,3,629,Fair (620-679)
BOR101657,56,TN,65100.0,Full-time,Rent,21.3,4.5,37,709,Good (680-739)
BOR101658,37,IN,59700.0,Full-time,Mortgage,34.7,0.1,16,591,Poor (<620)
BOR101659,52,NV,66000.0,Full-time,Own,32.0,6.5,29,608,Poor (<620)
BOR101660,54,CA,18000.0,Full-time,Mortgage,51.4,4.2,32,702,Good (680-739)
BOR101661,28,IL,53800.0,Full-time,Rent,46.8,0.0,7,745,Very Good (740-799)
BOR101662,30,MD,70200.0,Full-time,Mortgage,24.7,0.4,8,713,Good (680-739)
BOR101663,62,AZ,48400.0,Full-time,Rent,30.6,0.2,42,736,Good (680-739)
BOR101664,40,WA,45700.0,Full-time,Rent,25.1,1.5,17,704,Good (680-739)
BOR101665,33,TX,30500.0,Full-time,Rent,29.4,1.2,16,691,Good (680-739)
BOR101666,28,NC,38400.0,Full-time,Mortgage,40.6,3.4,9,647,Fair (620-679)
BOR101667,39,LA,32000.0,Retired,Rent,31.0,5.7,22,733,Good (680-739)
BOR101668,59,CA,73100.0,Full-time,Rent,27.0,4.7,42,747,Very Good (740-799)
BOR101669,49,MI,91700.0,Self-employed,Own,38.1,3.3,32,676,Fair (620-679)
BOR101670,43,NM,111400.0,Full-time,Mortgage,12.6,1.3,22,672,Fair (620-679)
BOR101671,60,TX,31800.0,Full-time,Mortgage,28.1,9.5,40,783,Very Good (740-799)
BOR101672,58,CO,34500.0,Full-time,Rent,45.7,2.8,38,679,Fair (620-679)
BOR101673,45,OH,33300.0,Full-time,Rent,46.2,2.0,25,685,Good (680-739)
BOR101674,74,LA,29500.0,Retired,Mortgage,45.1,1.3,55,711,Good (680-739)
BOR101675,38,WI,29700.0,Full-time,Mortgage,19.7,16.0,17,674,Fair (620-679)
BOR101676,54,LA,37000.0,Full-time,Mortgage,19.6,8.1,37,627,Fair (620-679)
BOR101677,36,IL,69100.0,Part-time,Rent,27.1,7.5,19,705,Good (680-739)
BOR101678,52,AZ,33800.0,Part-time,Mortgage,32.1,0.9,34,677,Fair (620-679)
BOR101679,38,MN,74900.0,Full-time,Own,24.7,7.7,18,800,Exceptional (800+)
BOR101680,47,OH,86300.0,Full-time,Rent,15.2,0.4,26,731,Good (680-739)
BOR101681,70,IL,53000.0,Retired,Own,41.3,0.7,50,641,Fair (620-679)
BOR101682,52,CA,81100.0,Full-time,Rent,39.6,14.0,35,727,Good (680-739)
BOR101683,47,UT,25300.0,Full-time,Rent,26.1,5.7,25,700,Good (680-739)
BOR101684,32,MD,36300.0,Self-employed,Rent,39.1,9.2,11,765,Very Good (740-799)
BOR101685,43,TN,50800.0,Retired,Rent,41.4,1.7,25,646,Fair (620-679)
BOR101686,29,WI,51600.0,Retired,Own,8.2,0.6,12,692,Good (680-739)
BOR101687,52,AZ,88700.0,Full-time,Rent,38.4,3.5,34,674,Fair (620-679)
BOR101688,51,VA,29700.0,Self-employed,Rent,31.4,0.8,28,684,Good (680-739)
BOR101689,39,NJ,36600.0,Full-time,Mortgage,6.9,4.6,16,622,Fair (620-679)
BOR101690,61,IN,44900.0,Self-employed,Rent,42.2,2.9,42,717,Good (680-739)
BOR101691,59,PA,36900.0,Part-time,Rent,32.8,2.0,43,707,Good (680-739)
BOR101692,43,LA,29200.0,Full-time,Rent,16.0,0.2,25,764,Very Good (740-799)
BOR101693,48,NV,37600.0,Full-time,Own,36.0,4.7,29,679,Fair (620-679)
BOR101694,34,NC,41800.0,Part-time,Mortgage,33.8,0.1,11,653,Fair (620-679)
BOR101695,38,MA,89400.0,Full-time,Mortgage,37.4,3.7,15,731,Good (680-739)
BOR101696,28,NY,29500.0,Unemployed,Rent,12.7,5.0,7,628,Fair (620-679)
BOR101697,35,UT,67300.0,Self-employed,Rent,29.0,0.1,15,751,Very Good (740-799)
BOR101698,40,MS,82700.0,Self-employed,Own,22.2,5.5,20,750,Very Good (740-799)
BOR101699,21,MS,37000.0,Full-time,Rent,30.4,1.8,1,762,Very Good (740-799)
BOR101700,48,NC,52400.0,Part-time,Own,15.0,0.2,32,704,Good (680-739)
BOR101701,53,PA,60400.0,Part-time,Own,20.8,3.5,35,648,Fair (620-679)
BOR101702,41,IL,56100.0,Full-time,Own,47.4,2.3,21,687,Good (680-739)
BOR101703,19,FL,48400.0,Full-time,Mortgage,43.6,5.6,1,705,Good (680-739)
BOR101704,38,FL,34400.0,Part-time,Rent,41.7,0.2,19,644,Fair (620-679)
BOR101705,24,TX,62800.0,Full-time,Mortgage,46.7,10.8,1,767,Very Good (740-799)
BOR101706,34,NH,39400.0,Full-time,Rent,13.3,12.6,13,718,Good (680-739)
BOR101707,58,TX,47200.0,Full-time,Mortgage,31.4,2.4,39,622,Fair (620-679)
BOR101708,19,NY,50500.0,Full-time,Mortgage,34.4,0.7,1,802,Exceptional (800+)
BOR101709,31,NV,68500.0,Full-time,Mortgage,28.1,4.9,9,686,Good (680-739)
BOR101710,51,MA,111000.0,Full-time,Rent,13.4,9.0,31,609,Poor (<620)
BOR101711,33,MN,33500.0,Full-time,Rent,40.8,9.0,17,626,Fair (620-679)
BOR101712,32,TN,47700.0,Self-employed,Mortgage,38.2,8.2,12,777,Very Good (740-799)
BOR101713,65,LA,23900.0,Full-time,Mortgage,25.8,0.1,43,799,Very Good (740-799)
BOR101714,46,IN,90800.0,Full-time,Rent,40.5,0.6,23,746,Very Good (740-799)
BOR101715,52,WA,47600.0,Full-time,Mortgage,33.2,1.1,29,766,Very Good (740-799)
BOR101716,47,MD,40700.0,Full-time,Other,38.3,1.8,31,759,Very Good (740-799)
BOR101717,43,NJ,47700.0,Full-time,Mortgage,22.9,9.6,21,716,Good (680-739)
BOR101718,56,NC,48800.0,Self-employed,Mortgage,34.4,0.0,37,701,Good (680-739)
BOR101719,64,VA,33500.0,Self-employed,Rent,34.5,2.0,48,715,Good (680-739)
BOR101720,21,PA,79600.0,Full-time,Mortgage,29.7,2.4,2,728,Good (680-739)
BOR101721,41,MN,62300.0,Full-time,Own,5.3,6.9,20,632,Fair (620-679)
BOR101722,40,OH,66400.0,Part-time,Rent,33.7,3.3,20,728,Good (680-739)
BOR101723,36,PA,34300.0,Retired,Mortgage,34.4,3.3,20,775,Very Good (740-799)
BOR101724,53,OH,33500.0,Retired,Mortgage,22.5,6.8,37,667,Fair (620-679)
BOR101725,44,NV,44300.0,Unemployed,Mortgage,37.7,1.0,28,660,Fair (620-679)
BOR101726,64,NC,66800.0,Full-time,Rent,34.4,0.7,48,711,Good (680-739)
BOR101727,54,MD,58400.0,Self-employed,Rent,36.1,1.7,38,638,Fair (620-679)
BOR101728,57,LA,32900.0,Full-time,Rent,28.2,0.3,40,594,Poor (<620)
BOR101729,27,TX,63000.0,Full-time,Other,14.9,1.0,10,755,Very Good (740-799)
BOR101730,31,CO,30100.0,Full-time,Rent,15.1,0.5,9,651,Fair (620-679)
BOR101731,32,GA,34600.0,Full-time,Mortgage,38.9,1.6,12,681,Good (680-739)
BOR101732,57,IL,50100.0,Full-time,Rent,21.1,9.4,37,640,Fair (620-679)
BOR101733,29,MD,27500.0,Full-time,Rent,24.0,3.2,8,763,Very Good (740-799)
BOR101734,30,MS,30200.0,Full-time,Mortgage,40.4,3.5,10,735,Good (680-739)
BOR101735,28,GA,93800.0,Full-time,Rent,10.6,2.5,11,664,Fair (620-679)
BOR101736,74,AZ,86200.0,Full-time,Mortgage,15.9,5.1,51,603,Poor (<620)
BOR101737,39,GA,130700.0,Full-time,Own,39.9,0.6,23,657,Fair (620-679)
BOR101738,47,AZ,57100.0,Full-time,Rent,32.8,1.0,29,717,Good (680-739)
BOR101739,27,TN,62300.0,Full-time,Mortgage,12.1,0.2,8,692,Good (680-739)
BOR101740,53,TN,43500.0,Full-time,Mortgage,27.6,3.5,36,687,Good (680-739)
BOR101741,20,TN,39800.0,Self-employed,Mortgage,33.8,0.6,1,694,Good (680-739)
BOR101742,29,NY,69000.0,Full-time,Rent,21.0,7.7,12,729,Good (680-739)
BOR101743,32,MD,86100.0,Self-employed,Rent,17.5,18.2,13,677,Fair (620-679)
BOR101744,44,MO,66400.0,Unemployed,Rent,15.1,6.4,28,709,Good (680-739)
BOR101745,31,MO,32000.0,Self-employed,Rent,40.5,0.2,11,616,Poor (<620)
BOR101746,59,TX,55600.0,Full-time,Other,42.4,7.9,39,846,Exceptional (800+)
BOR101747,47,NJ,33000.0,Part-time,Own,39.5,0.0,24,662,Fair (620-679)
BOR101748,33,NJ,40300.0,Full-time,Own,44.3,3.3,16,693,Good (680-739)
BOR101749,53,TX,97400.0,Retired,Rent,44.8,6.9,35,717,Good (680-739)
BOR101750,36,IL,27200.0,Full-time,Rent,16.8,2.9,16,653,Fair (620-679)
BOR101751,34,NJ,123700.0,Full-time,Rent,42.0,2.1,14,681,Good (680-739)
BOR101752,52,WI,59700.0,Full-time,Rent,33.1,0.2,32,680,Good (680-739)
BOR101753,19,IL,37800.0,Self-employed,Own,51.0,5.5,1,621,Fair (620-679)
BOR101754,50,NV,48100.0,Part-time,Rent,65.0,8.3,31,709,Good (680-739)
BOR101755,32,AZ,34300.0,Full-time,Mortgage,30.0,0.0,13,573,Poor (<620)
BOR101756,32,CO,36500.0,Full-time,Mortgage,29.0,4.2,14,794,Very Good (740-799)
BOR101757,64,VA,48200.0,Self-employed,Rent,28.2,2.8,48,732,Good (680-739)
BOR101758,35,WA,40200.0,Unemployed,Rent,32.7,6.9,16,722,Good (680-739)
BOR101759,52,TN,30600.0,Full-time,Mortgage,34.3,0.7,34,567,Poor (<620)
BOR101760,44,MS,42200.0,Part-time,Rent,58.4,1.2,23,628,Fair (620-679)
BOR101761,46,WA,25800.0,Full-time,Rent,33.4,7.3,25,770,Very Good (740-799)
BOR101762,38,WA,26300.0,Full-time,Mortgage,27.7,2.8,20,850,Exceptional (800+)
BOR101763,37,TN,26200.0,Full-time,Own,32.1,0.4,20,758,Very Good (740-799)
BOR101764,59,WI,98900.0,Part-time,Own,23.8,7.3,38,747,Very Good (740-799)
BOR101765,52,TX,56000.0,Full-time,Mortgage,15.2,3.8,31,714,Good (680-739)
BOR101766,35,WA,61000.0,Self-employed,Mortgage,30.5,0.8,17,625,Fair (620-679)
BOR101767,28,VA,46900.0,Full-time,Mortgage,55.3,0.2,12,745,Very Good (740-799)
BOR101768,34,MS,58600.0,Full-time,Own,40.9,0.1,15,608,Poor (<620)
BOR101769,53,WA,79200.0,Full-time,Mortgage,27.2,1.9,32,601,Poor (<620)
BOR101770,55,VA,56000.0,Part-time,Mortgage,35.5,2.3,38,597,Poor (<620)
BOR101771,48,UT,97600.0,Full-time,Rent,57.1,0.5,28,743,Very Good (740-799)
BOR101772,22,NJ,45900.0,Full-time,Mortgage,34.0,9.0,1,676,Fair (620-679)
BOR101773,50,PA,61100.0,Full-time,Own,23.1,7.8,29,687,Good (680-739)
BOR101774,57,IL,64000.0,Full-time,Mortgage,32.7,5.1,35,679,Fair (620-679)
BOR101775,43,FL,30700.0,Full-time,Rent,38.4,1.7,27,607,Poor (<620)
BOR101776,65,CA,47500.0,Full-time,Mortgage,36.2,1.5,42,636,Fair (620-679)
BOR101777,25,NJ,20400.0,Full-time,Rent,46.5,0.6,2,640,Fair (620-679)
BOR101778,49,MN,44000.0,Full-time,Mortgage,33.0,0.0,28,589,Poor (<620)
BOR101779,29,MD,41100.0,Full-time,Own,8.6,9.3,9,647,Fair (620-679)
BOR101780,54,CA,40000.0,Full-time,Mortgage,36.7,8.8,37,610,Poor (<620)
BOR101781,48,MA,38800.0,Full-time,Rent,36.0,22.6,27,718,Good (680-739)
BOR101782,63,PA,58700.0,Full-time,Rent,35.4,7.6,42,723,Good (680-739)
BOR101783,47,NM,31300.0,Full-time,Mortgage,23.5,4.8,25,596,Poor (<620)
BOR101784,36,PA,107700.0,Full-time,Other,51.9,0.4,19,661,Fair (620-679)
BOR101785,35,TN,60200.0,Part-time,Mortgage,21.1,0.0,19,801,Exceptional (800+)
BOR101786,38,NC,32500.0,Self-employed,Rent,22.2,0.2,19,616,Poor (<620)
BOR101787,35,IN,62400.0,Full-time,Rent,29.7,0.4,18,708,Good (680-739)
BOR101788,57,NJ,73000.0,Full-time,Mortgage,45.3,2.7,35,687,Good (680-739)
BOR101789,56,CO,55100.0,Full-time,Rent,45.7,1.6,39,751,Very Good (740-799)
BOR101790,23,IL,29700.0,Full-time,Rent,38.4,3.0,6,699,Good (680-739)
BOR101791,41,MS,127600.0,Full-time,Own,40.9,4.4,24,652,Fair (620-679)
BOR101792,42,WA,62200.0,Self-employed,Own,19.0,2.1,19,684,Good (680-739)
BOR101793,32,CO,26600.0,Full-time,Rent,15.0,7.0,16,685,Good (680-739)
BOR101794,46,NV,51200.0,Retired,Rent,28.3,3.1,27,674,Fair (620-679)
BOR101795,59,NH,42200.0,Full-time,Other,40.9,5.6,36,594,Poor (<620)
BOR101796,52,IL,46800.0,Full-time,Rent,41.1,1.3,34,761,Very Good (740-799)
BOR101797,57,GA,27300.0,Full-time,Rent,23.3,4.2,39,749,Very Good (740-799)
BOR101798,32,OH,47800.0,Full-time,Mortgage,22.2,4.2,11,612,Poor (<620)
BOR101799,41,OH,32100.0,Full-time,Rent,43.7,0.6,25,660,Fair (620-679)
BOR101800,32,MA,39800.0,Retired,Mortgage,33.9,0.1,12,665,Fair (620-679)
BOR101801,44,NH,55500.0,Full-time,Mortgage,11.3,0.2,23,605,Poor (<620)
BOR101802,45,NH,37600.0,Retired,Rent,20.8,2.5,26,559,Poor (<620)
BOR101803,53,WA,40900.0,Self-employed,Own,36.9,2.9,35,636,Fair (620-679)
BOR101804,57,IN,67400.0,Part-time,Rent,20.1,0.8,40,657,Fair (620-679)
BOR101805,49,LA,31300.0,Retired,Rent,22.2,16.7,32,586,Poor (<620)
BOR101806,31,MS,34800.0,Full-time,Rent,22.5,0.9,13,692,Good (680-739)
BOR101807,25,PA,26500.0,Self-employed,Mortgage,40.7,9.9,2,756,Very Good (740-799)
BOR101808,47,WA,32200.0,Full-time,Mortgage,31.9,2.5,30,735,Good (680-739)
BOR101809,59,NV,49400.0,Full-time,Rent,48.8,6.8,37,672,Fair (620-679)
BOR101810,41,GA,62200.0,Full-time,Own,27.7,0.2,23,560,Poor (<620)
BOR101811,23,NJ,32400.0,Self-employed,Own,29.9,3.4,3,727,Good (680-739)
BOR101812,66,NH,61400.0,Retired,Rent,35.3,0.8,44,690,Good (680-739)
BOR101813,47,NH,48900.0,Full-time,Own,25.8,0.7,28,708,Good (680-739)
BOR101814,43,MS,25000.0,Full-time,Mortgage,16.0,3.5,20,806,Exceptional (800+)
BOR101815,27,MN,50400.0,Full-time,Mortgage,28.5,2.0,11,626,Fair (620-679)
BOR101816,41,OH,79800.0,Self-employed,Other,24.5,3.1,20,500,Poor (<620)
BOR101817,49,NC,19900.0,Full-time,Rent,30.7,3.7,30,612,Poor (<620)
BOR101818,47,AZ,115000.0,Full-time,Rent,26.0,0.2,27,712,Good (680-739)
BOR101819,33,AZ,35400.0,Full-time,Rent,36.5,4.1,14,682,Good (680-739)
BOR101820,40,WA,22200.0,Retired,Mortgage,28.5,1.0,18,601,Poor (<620)
BOR101821,34,TN,49600.0,Self-employed,Mortgage,15.8,10.2,14,588,Poor (<620)
BOR101822,61,NJ,67800.0,Full-time,Mortgage,25.8,3.8,39,657,Fair (620-679)
BOR101823,52,CO,41100.0,Full-time,Rent,20.0,2.2,33,599,Poor (<620)
BOR101824,35,NC,53600.0,Self-employed,Own,51.2,0.0,19,714,Good (680-739)
BOR101825,27,NC,121000.0,Full-time,Rent,32.5,6.1,7,653,Fair (620-679)
BOR101826,44,NY,51200.0,Full-time,Mortgage,38.7,2.1,21,639,Fair (620-679)
BOR101827,35,PA,178500.0,Retired,Mortgage,31.0,6.7,15,631,Fair (620-679)
BOR101828,36,NV,82400.0,Full-time,Mortgage,50.3,1.8,13,697,Good (680-739)
BOR101829,27,NJ,47700.0,Retired,Mortgage,19.4,7.1,11,683,Good (680-739)
BOR101830,29,IL,53200.0,Full-time,Own,24.1,1.7,8,693,Good (680-739)
BOR101831,43,CO,40400.0,Full-time,Other,43.1,3.1,26,692,Good (680-739)
BOR101832,38,AZ,52200.0,Retired,Mortgage,26.8,2.2,22,675,Fair (620-679)
BOR101833,71,CA,60000.0,Part-time,Rent,24.5,0.8,52,613,Poor (<620)
BOR101834,48,GA,38900.0,Self-employed,Rent,26.4,5.6,27,633,Fair (620-679)
BOR101835,27,PA,25100.0,Self-employed,Mortgage,51.3,3.1,4,654,Fair (620-679)
BOR101836,23,IN,84500.0,Full-time,Mortgage,52.4,5.7,3,814,Exceptional (800+)
BOR101837,46,OH,72300.0,Full-time,Rent,36.1,7.1,23,592,Poor (<620)
BOR101838,36,TX,24600.0,Part-time,Rent,34.0,0.8,16,653,Fair (620-679)
BOR101839,57,TX,50400.0,Self-employed,Rent,39.8,3.1,37,686,Good (680-739)
BOR101840,44,MA,74000.0,Self-employed,Mortgage,35.9,6.8,27,660,Fair (620-679)
BOR101841,19,CA,70700.0,Full-time,Own,33.8,8.7,1,750,Very Good (740-799)
BOR101842,29,NV,34100.0,Full-time,Rent,27.5,2.6,6,660,Fair (620-679)
BOR101843,33,PA,72500.0,Full-time,Mortgage,25.8,1.5,13,665,Fair (620-679)
BOR101844,46,TN,46900.0,Full-time,Mortgage,37.0,1.8,25,733,Good (680-739)
BOR101845,28,NJ,55500.0,Full-time,Rent,33.4,1.6,10,798,Very Good (740-799)
BOR101846,43,NJ,30800.0,Unemployed,Other,46.7,2.0,20,771,Very Good (740-799)
BOR101847,25,TX,18000.0,Full-time,Rent,29.4,3.0,6,671,Fair (620-679)
BOR101848,41,NV,32900.0,Full-time,Rent,22.7,10.7,22,677,Fair (620-679)
BOR101849,45,LA,59400.0,Full-time,Other,17.4,0.4,25,683,Good (680-739)
BOR101850,59,CA,42500.0,Full-time,Mortgage,24.3,20.9,38,690,Good (680-739)
BOR101851,44,PA,62500.0,Part-time,Own,17.6,1.3,22,625,Fair (620-679)
BOR101852,31,MS,76700.0,Self-employed,Mortgage,43.5,0.9,11,741,Very Good (740-799)
BOR101853,59,AZ,40200.0,Full-time,Rent,27.7,3.8,41,693,Good (680-739)
BOR101854,39,NY,38400.0,Self-employed,Rent,24.3,3.2,21,677,Fair (620-679)
BOR101855,50,PA,18000.0,Part-time,Rent,36.8,4.9,33,597,Poor (<620)
BOR101856,34,IN,23200.0,Full-time,Rent,51.5,0.3,16,684,Good (680-739)
BOR101857,42,MD,25500.0,Full-time,Mortgage,27.7,3.8,25,557,Poor (<620)
BOR101858,31,TN,59900.0,Full-time,Mortgage,20.7,13.2,9,642,Fair (620-679)
BOR101859,45,UT,40400.0,Full-time,Rent,28.0,5.5,27,643,Fair (620-679)
BOR101860,51,WA,36700.0,Full-time,Rent,13.4,5.9,28,699,Good (680-739)
BOR101861,35,GA,34800.0,Part-time,Rent,37.1,6.8,15,802,Exceptional (800+)
BOR101862,34,VA,32800.0,Full-time,Mortgage,37.8,8.5,18,717,Good (680-739)
BOR101863,45,NC,70700.0,Full-time,Mortgage,27.6,3.3,22,774,Very Good (740-799)
BOR101864,31,IL,48600.0,Full-time,Own,20.8,2.2,10,722,Good (680-739)
BOR101865,23,TX,72800.0,Unemployed,Rent,56.0,0.6,6,753,Very Good (740-799)
BOR101866,45,NC,18000.0,Full-time,Mortgage,19.7,2.7,23,801,Exceptional (800+)
BOR101867,40,MD,59300.0,Self-employed,Rent,24.5,15.4,24,632,Fair (620-679)
BOR101868,39,CA,37500.0,Full-time,Rent,32.3,1.2,23,628,Fair (620-679)
BOR101869,47,NJ,41100.0,Full-time,Rent,40.6,5.4,29,723,Good (680-739)
BOR101870,49,IN,85700.0,Full-time,Own,30.5,1.0,28,680,Good (680-739)
BOR101871,39,TN,39100.0,Full-time,Mortgage,32.4,0.7,19,694,Good (680-739)
BOR101872,28,MN,58200.0,Full-time,Mortgage,38.1,9.8,10,664,Fair (620-679)
BOR101873,33,NV,29500.0,Full-time,Own,64.1,6.2,10,641,Fair (620-679)
BOR101874,48,MD,47400.0,Full-time,Mortgage,26.2,1.6,27,785,Very Good (740-799)
BOR101875,43,FL,22800.0,Full-time,Mortgage,26.9,2.7,22,609,Poor (<620)
BOR101876,34,VA,45400.0,Full-time,Rent,30.9,5.3,18,725,Good (680-739)
BOR101877,32,TN,55500.0,Full-time,Rent,38.8,1.6,10,714,Good (680-739)
BOR101878,48,OH,76700.0,Self-employed,Rent,57.3,2.9,31,577,Poor (<620)
BOR101879,38,TX,32300.0,Full-time,Own,30.9,3.2,18,626,Fair (620-679)
BOR101880,50,IL,36800.0,Full-time,Rent,37.5,3.2,32,637,Fair (620-679)
BOR101881,52,NJ,34900.0,Part-time,Own,10.4,3.6,29,717,Good (680-739)
BOR101882,37,NJ,41600.0,Full-time,Rent,32.6,5.4,14,656,Fair (620-679)
BOR101883,52,PA,30200.0,Full-time,Rent,31.9,0.1,32,674,Fair (620-679)
BOR101884,43,NV,18000.0,Full-time,Mortgage,42.2,5.3,24,585,Poor (<620)
BOR101885,44,MS,29200.0,Self-employed,Own,26.8,9.1,23,831,Exceptional (800+)
BOR101886,19,PA,45600.0,Self-employed,Own,19.8,10.6,1,685,Good (680-739)
BOR101887,29,MS,43600.0,Full-time,Mortgage,34.3,4.1,6,712,Good (680-739)
BOR101888,30,CA,59800.0,Full-time,Mortgage,16.4,1.4,7,645,Fair (620-679)
BOR101889,37,MS,68100.0,Full-time,Own,24.0,1.0,17,638,Fair (620-679)
BOR101890,42,UT,38100.0,Full-time,Rent,32.5,3.4,26,804,Exceptional (800+)
BOR101891,43,CA,22800.0,Retired,Own,8.0,0.1,26,555,Poor (<620)
BOR101892,44,CO,55900.0,Full-time,Mortgage,29.4,4.8,25,698,Good (680-739)
BOR101893,33,UT,46400.0,Full-time,Rent,47.8,2.0,10,601,Poor (<620)
BOR101894,49,MS,41500.0,Full-time,Rent,15.9,1.9,31,654,Fair (620-679)
BOR101895,63,UT,80800.0,Self-employed,Mortgage,25.2,17.1,43,639,Fair (620-679)
BOR101896,37,AZ,57100.0,Full-time,Rent,37.9,5.4,16,616,Poor (<620)
BOR101897,33,TX,49300.0,Full-time,Own,40.2,7.5,11,682,Good (680-739)
BOR101898,33,NV,50200.0,Full-time,Rent,32.6,2.1,16,513,Poor (<620)
BOR101899,42,TN,68300.0,Full-time,Rent,30.1,0.3,23,659,Fair (620-679)
BOR101900,35,TN,34200.0,Full-time,Mortgage,48.5,1.6,12,674,Fair (620-679)
BOR101901,20,NJ,31400.0,Retired,Own,34.1,6.9,1,592,Poor (<620)
BOR101902,24,MA,42000.0,Part-time,Rent,21.4,2.1,4,778,Very Good (740-799)
BOR101903,53,PA,27400.0,Full-time,Rent,33.2,7.1,31,641,Fair (620-679)
BOR101904,56,WI,45700.0,Full-time,Rent,30.7,3.1,36,665,Fair (620-679)
BOR101905,60,TX,48700.0,Full-time,Mortgage,27.6,0.8,39,642,Fair (620-679)
BOR101906,44,MD,45200.0,Self-employed,Mortgage,15.2,9.4,21,675,Fair (620-679)
BOR101907,29,NV,39600.0,Full-time,Rent,31.9,2.0,7,765,Very Good (740-799)
BOR101908,36,VA,98100.0,Full-time,Mortgage,37.8,0.5,14,841,Exceptional (800+)
BOR101909,23,WA,71200.0,Full-time,Mortgage,39.5,1.7,1,728,Good (680-739)
BOR101910,23,GA,44600.0,Full-time,Mortgage,32.1,5.6,7,751,Very Good (740-799)
BOR101911,44,UT,48600.0,Full-time,Mortgage,32.4,1.0,22,792,Very Good (740-799)
BOR101912,47,MD,86600.0,Self-employed,Mortgage,26.4,0.8,27,696,Good (680-739)
BOR101913,65,NC,35800.0,Retired,Rent,41.7,5.1,45,782,Very Good (740-799)
BOR101914,40,PA,30200.0,Full-time,Own,20.1,0.3,17,732,Good (680-739)
BOR101915,25,IL,51600.0,Full-time,Mortgage,26.8,0.8,4,689,Good (680-739)
BOR101916,40,VA,56200.0,Full-time,Rent,23.9,5.7,20,703,Good (680-739)
BOR101917,38,NM,58100.0,Self-employed,Rent,30.9,6.8,15,562,Poor (<620)
BOR101918,35,WI,67700.0,Full-time,Rent,45.1,1.1,15,699,Good (680-739)
BOR101919,45,IL,33500.0,Retired,Rent,20.1,12.1,25,580,Poor (<620)
BOR101920,26,LA,24700.0,Self-employed,Mortgage,34.8,2.1,10,574,Poor (<620)
BOR101921,43,MI,35800.0,Full-time,Rent,35.0,1.3,27,693,Good (680-739)
BOR101922,49,NV,60600.0,Full-time,Rent,22.4,10.8,30,608,Poor (<620)
BOR101923,58,OH,30800.0,Full-time,Mortgage,30.1,9.1,42,680,Good (680-739)
BOR101924,45,TN,19500.0,Self-employed,Rent,23.0,1.0,25,689,Good (680-739)
BOR101925,54,MS,49800.0,Full-time,Rent,33.0,1.2,32,692,Good (680-739)
BOR101926,36,OH,36100.0,Retired,Rent,30.8,8.5,18,621,Fair (620-679)
BOR101927,37,MD,21400.0,Part-time,Rent,47.0,0.0,21,738,Good (680-739)
BOR101928,57,NH,48200.0,Part-time,Other,24.3,2.1,34,674,Fair (620-679)
BOR101929,25,NY,39200.0,Full-time,Mortgage,30.3,1.0,4,709,Good (680-739)
BOR101930,36,FL,99100.0,Full-time,Rent,28.3,0.9,20,602,Poor (<620)
BOR101931,55,MO,48500.0,Retired,Own,45.6,0.5,32,668,Fair (620-679)
BOR101932,38,NC,60700.0,Full-time,Rent,27.1,0.4,19,751,Very Good (740-799)
BOR101933,38,TX,46300.0,Unemployed,Mortgage,23.1,12.8,18,743,Very Good (740-799)
BOR101934,38,VA,35600.0,Full-time,Mortgage,24.2,11.0,16,628,Fair (620-679)
BOR101935,42,CO,37400.0,Full-time,Rent,24.1,0.9,25,645,Fair (620-679)
BOR101936,54,GA,75800.0,Full-time,Mortgage,26.2,1.1,37,616,Poor (<620)
BOR101937,52,NC,65300.0,Full-time,Rent,23.4,6.0,29,637,Fair (620-679)
BOR101938,41,NV,23900.0,Full-time,Mortgage,32.2,0.9,25,589,Poor (<620)
BOR101939,54,WA,26600.0,Retired,Rent,19.0,2.1,34,671,Fair (620-679)
BOR101940,45,NV,27300.0,Full-time,Rent,37.8,0.1,27,721,Good (680-739)
BOR101941,51,NJ,75100.0,Full-time,Rent,32.4,2.4,34,629,Fair (620-679)
BOR101942,29,UT,21400.0,Part-time,Mortgage,48.2,15.1,6,674,Fair (620-679)
BOR101943,62,IN,66400.0,Self-employed,Rent,36.7,9.0,43,666,Fair (620-679)
BOR101944,44,FL,55800.0,Self-employed,Mortgage,35.7,4.3,21,749,Very Good (740-799)
BOR101945,19,LA,49800.0,Full-time,Rent,52.1,4.2,1,640,Fair (620-679)
BOR101946,61,WA,37700.0,Full-time,Rent,36.3,1.7,40,643,Fair (620-679)
BOR101947,41,NY,79600.0,Full-time,Mortgage,29.9,1.2,21,625,Fair (620-679)
BOR101948,36,PA,49100.0,Retired,Mortgage,23.3,15.1,19,606,Poor (<620)
BOR101949,34,MD,24300.0,Retired,Mortgage,46.5,5.0,14,714,Good (680-739)
BOR101950,46,TX,27000.0,Full-time,Rent,21.9,0.6,23,671,Fair (620-679)
BOR101951,30,GA,22200.0,Full-time,Mortgage,20.6,5.1,14,684,Good (680-739)
BOR101952,34,NY,80000.0,Self-employed,Mortgage,20.6,8.8,12,763,Very Good (740-799)
BOR101953,34,NJ,88500.0,Full-time,Mortgage,24.5,3.2,15,767,Very Good (740-799)
BOR101954,37,NJ,76000.0,Full-time,Rent,32.4,10.3,18,573,Poor (<620)
BOR101955,35,WA,43700.0,Full-time,Rent,29.4,0.1,14,722,Good (680-739)
BOR101956,51,GA,24500.0,Part-time,Mortgage,37.3,2.7,29,695,Good (680-739)
BOR101957,44,CA,29000.0,Full-time,Mortgage,21.1,1.2,27,650,Fair (620-679)
BOR101958,46,TN,29900.0,Full-time,Mortgage,23.3,4.1,25,701,Good (680-739)
BOR101959,48,MI,45700.0,Self-employed,Rent,33.5,7.6,25,568,Poor (<620)
BOR101960,40,IN,87100.0,Full-time,Other,22.4,0.4,23,775,Very Good (740-799)
BOR101961,29,FL,86900.0,Full-time,Rent,18.4,5.8,13,713,Good (680-739)
BOR101962,63,CA,37400.0,Full-time,Rent,16.7,1.9,45,624,Fair (620-679)
BOR101963,52,OH,18000.0,Part-time,Mortgage,31.5,2.7,34,642,Fair (620-679)
BOR101964,60,NJ,27600.0,Full-time,Mortgage,31.3,7.2,41,569,Poor (<620)
BOR101965,53,MI,79600.0,Full-time,Rent,30.8,1.8,37,660,Fair (620-679)
BOR101966,35,NV,51800.0,Unemployed,Rent,44.2,0.3,15,649,Fair (620-679)
BOR101967,19,MI,39700.0,Full-time,Own,35.0,0.7,1,594,Poor (<620)
BOR101968,26,AZ,38500.0,Full-time,Own,32.0,1.4,6,730,Good (680-739)
BOR101969,49,TN,33300.0,Full-time,Mortgage,45.5,3.4,31,763,Very Good (740-799)
BOR101970,40,CA,27100.0,Full-time,Rent,41.8,1.7,17,678,Fair (620-679)
BOR101971,36,WA,118500.0,Full-time,Other,24.7,1.7,17,660,Fair (620-679)
BOR101972,19,NC,101000.0,Full-time,Own,40.3,4.8,1,708,Good (680-739)
BOR101973,41,NJ,32200.0,Part-time,Rent,49.7,13.1,19,679,Fair (620-679)
BOR101974,28,FL,21200.0,Full-time,Rent,49.8,2.5,7,610,Poor (<620)
BOR101975,32,MN,50300.0,Full-time,Mortgage,41.8,0.6,14,638,Fair (620-679)
BOR101976,51,NM,43600.0,Full-time,Own,35.9,9.6,29,661,Fair (620-679)
BOR101977,29,CA,61900.0,Self-employed,Mortgage,34.9,4.1,12,696,Good (680-739)
BOR101978,30,TN,68500.0,Part-time,Rent,46.6,2.1,8,681,Good (680-739)
BOR101979,43,CO,27500.0,Self-employed,Own,18.6,8.6,26,694,Good (680-739)
BOR101980,51,GA,83000.0,Full-time,Rent,44.7,0.0,31,581,Poor (<620)
BOR101981,36,MN,39800.0,Full-time,Rent,33.3,0.9,20,723,Good (680-739)
BOR101982,59,TN,61300.0,Part-time,Rent,22.8,1.9,39,680,Good (680-739)
BOR101983,26,MS,41500.0,Full-time,Rent,20.2,3.7,9,846,Exceptional (800+)
BOR101984,24,NH,70600.0,Unemployed,Own,14.9,22.3,2,655,Fair (620-679)
BOR101985,23,TX,18000.0,Full-time,Rent,37.6,4.0,5,701,Good (680-739)
BOR101986,21,NJ,65000.0,Full-time,Rent,51.2,2.8,1,850,Exceptional (800+)
BOR101987,45,AZ,32100.0,Self-employed,Own,27.0,2.0,28,693,Good (680-739)
BOR101988,29,NY,48200.0,Part-time,Mortgage,23.5,4.3,7,676,Fair (620-679)
BOR101989,24,NC,81600.0,Full-time,Mortgage,44.1,2.5,8,616,Poor (<620)
BOR101990,46,NH,32500.0,Full-time,Rent,33.1,0.5,26,779,Very Good (740-799)
BOR101991,51,CA,30300.0,Full-time,Mortgage,44.5,1.5,28,605,Poor (<620)
BOR101992,54,NJ,39400.0,Full-time,Rent,22.2,8.4,37,708,Good (680-739)
BOR101993,52,NV,38300.0,Full-time,Other,38.5,6.4,36,649,Fair (620-679)
BOR101994,30,NC,29100.0,Self-employed,Mortgage,50.2,0.6,10,668,Fair (620-679)
BOR101995,44,VA,48900.0,Full-time,Own,21.5,5.3,23,587,Poor (<620)
BOR101996,47,NH,50100.0,Part-time,Mortgage,28.8,3.0,29,767,Very Good (740-799)
BOR101997,35,VA,57400.0,Full-time,Mortgage,28.4,0.3,17,662,Fair (620-679)
BOR101998,43,NY,32200.0,Part-time,Rent,39.5,1.6,23,601,Poor (<620)
BOR101999,26,TX,30500.0,Full-time,Mortgage,44.6,1.5,6,761,Very Good (740-799)
BOR102000,33,NM,44200.0,Full-time,Mortgage,25.2,0.0,15,647,Fair (620-679)
BOR102001,45,OH,41800.0,Full-time,Mortgage,57.0,1.0,29,702,Good (680-739)
BOR102002,59,WA,42100.0,Full-time,Own,32.6,1.7,40,735,Good (680-739)
BOR102003,55,FL,33900.0,Full-time,Rent,26.3,0.5,39,711,Good (680-739)
BOR102004,49,NJ,54100.0,Full-time,Mortgage,46.3,8.7,27,537,Poor (<620)
BOR102005,42,MS,30500.0,Full-time,Rent,33.4,0.1,24,725,Good (680-739)
BOR102006,40,WA,44100.0,Unemployed,Rent,28.2,1.1,24,673,Fair (620-679)
BOR102007,24,UT,40600.0,Full-time,Rent,26.6,2.8,3,659,Fair (620-679)
BOR102008,31,OH,45900.0,Full-time,Mortgage,53.0,6.2,10,673,Fair (620-679)
BOR102009,31,WA,79500.0,Full-time,Own,22.1,4.7,8,575,Poor (<620)
BOR102010,48,LA,25800.0,Self-employed,Mortgage,43.3,3.4,26,692,Good (680-739)
BOR102011,52,NJ,18000.0,Full-time,Mortgage,23.9,8.8,33,591,Poor (<620)
BOR102012,50,GA,35700.0,Full-time,Rent,25.8,6.5,32,661,Fair (620-679)
BOR102013,55,LA,27800.0,Self-employed,Rent,31.2,1.6,34,690,Good (680-739)
BOR102014,42,MI,18000.0,Full-time,Rent,36.7,1.1,25,750,Very Good (740-799)
BOR102015,29,AZ,102300.0,Self-employed,Rent,15.6,2.0,9,627,Fair (620-679)
BOR102016,40,NH,60000.0,Full-time,Mortgage,26.6,7.5,22,774,Very Good (740-799)
BOR102017,32,PA,63000.0,Full-time,Mortgage,42.3,0.4,9,742,Very Good (740-799)
BOR102018,49,GA,41000.0,Full-time,Rent,42.2,0.3,32,652,Fair (620-679)
BOR102019,37,CA,56400.0,Full-time,Mortgage,29.1,0.5,17,608,Poor (<620)
BOR102020,40,MI,38600.0,Full-time,Own,20.2,1.0,22,586,Poor (<620)
BOR102021,49,PA,67300.0,Full-time,Rent,34.2,5.7,31,698,Good (680-739)
BOR102022,32,MO,50800.0,Full-time,Own,40.3,1.8,11,632,Fair (620-679)
BOR102023,53,PA,45900.0,Retired,Rent,33.8,4.0,32,758,Very Good (740-799)
BOR102024,25,MO,47500.0,Retired,Own,46.1,1.4,3,636,Fair (620-679)
BOR102025,45,OH,90200.0,Full-time,Rent,29.3,5.0,23,621,Fair (620-679)
BOR102026,40,NC,50300.0,Full-time,Mortgage,18.8,2.9,17,695,Good (680-739)
BOR102027,51,NC,29300.0,Retired,Rent,26.1,6.1,29,635,Fair (620-679)
BOR102028,25,MD,54200.0,Full-time,Own,32.0,4.3,9,681,Good (680-739)
BOR102029,23,VA,58100.0,Full-time,Mortgage,25.0,1.9,1,744,Very Good (740-799)
BOR102030,50,NC,43700.0,Self-employed,Rent,26.8,8.4,27,688,Good (680-739)
BOR102031,36,NV,45500.0,Full-time,Rent,41.6,8.4,20,688,Good (680-739)
BOR102032,40,MA,28900.0,Full-time,Mortgage,23.9,0.4,18,693,Good (680-739)
BOR102033,33,IL,48700.0,Self-employed,Mortgage,18.7,3.6,14,570,Poor (<620)
BOR102034,52,LA,27000.0,Full-time,Rent,40.1,1.0,34,705,Good (680-739)
BOR102035,45,NC,41700.0,Part-time,Other,38.5,2.4,26,690,Good (680-739)
BOR102036,44,TX,34500.0,Self-employed,Rent,21.6,6.9,25,738,Good (680-739)
BOR102037,27,WA,72600.0,Full-time,Mortgage,39.1,2.6,4,719,Good (680-739)
BOR102038,47,NY,93700.0,Self-employed,Mortgage,20.7,2.1,24,667,Fair (620-679)
BOR102039,29,OH,27900.0,Full-time,Rent,24.8,3.9,12,747,Very Good (740-799)
BOR102040,33,WI,46500.0,Retired,Rent,21.0,0.8,10,661,Fair (620-679)
BOR102041,25,NY,40600.0,Full-time,Mortgage,27.4,2.9,6,696,Good (680-739)
BOR102042,39,NV,57500.0,Full-time,Mortgage,37.6,3.3,17,660,Fair (620-679)
BOR102043,54,MS,48700.0,Part-time,Own,34.7,16.3,33,710,Good (680-739)
BOR102044,44,TN,39200.0,Retired,Rent,23.9,1.2,23,656,Fair (620-679)
BOR102045,36,MD,48600.0,Part-time,Rent,33.9,0.4,20,787,Very Good (740-799)
BOR102046,42,MD,42300.0,Part-time,Rent,35.8,2.6,23,811,Exceptional (800+)
BOR102047,42,NH,95300.0,Unemployed,Rent,41.6,1.4,19,737,Good (680-739)
BOR102048,42,NC,32600.0,Full-time,Rent,35.6,1.2,24,780,Very Good (740-799)
BOR102049,43,PA,52400.0,Self-employed,Other,39.4,1.5,22,580,Poor (<620)
BOR102050,29,WA,58600.0,Full-time,Mortgage,32.6,9.7,11,588,Poor (<620)
BOR102051,42,AZ,56800.0,Full-time,Own,23.9,8.7,25,659,Fair (620-679)
BOR102052,20,PA,40800.0,Full-time,Rent,33.6,2.1,1,683,Good (680-739)
BOR102053,48,TN,86300.0,Retired,Rent,44.2,12.5,27,667,Fair (620-679)
BOR102054,28,CA,18200.0,Full-time,Mortgage,44.7,0.1,5,573,Poor (<620)
BOR102055,55,MS,28500.0,Full-time,Mortgage,6.2,0.9,34,755,Very Good (740-799)
BOR102056,19,OH,62900.0,Full-time,Rent,38.3,1.3,1,820,Exceptional (800+)
BOR102057,61,TX,31400.0,Full-time,Own,27.1,5.5,45,763,Very Good (740-799)
BOR102058,21,FL,30600.0,Full-time,Rent,36.0,6.3,1,751,Very Good (740-799)
BOR102059,27,OH,37800.0,Full-time,Rent,18.3,1.3,4,695,Good (680-739)
BOR102060,45,OH,32700.0,Self-employed,Other,27.7,5.2,25,625,Fair (620-679)
BOR102061,48,CA,62100.0,Self-employed,Rent,16.0,0.7,28,685,Good (680-739)
BOR102062,38,OH,70100.0,Full-time,Own,27.7,0.2,16,817,Exceptional (800+)
BOR102063,52,PA,48500.0,Full-time,Mortgage,38.1,9.8,32,657,Fair (620-679)
BOR102064,31,MI,75000.0,Self-employed,Mortgage,36.5,4.3,14,650,Fair (620-679)
BOR102065,36,MI,25000.0,Full-time,Mortgage,53.5,1.2,15,752,Very Good (740-799)
BOR102066,37,NC,48200.0,Full-time,Rent,26.8,2.2,20,756,Very Good (740-799)
BOR102067,35,NC,85500.0,Full-time,Rent,23.2,0.4,18,625,Fair (620-679)
BOR102068,19,FL,72400.0,Full-time,Rent,45.9,0.8,2,663,Fair (620-679)
BOR102069,41,CA,89000.0,Full-time,Rent,14.8,0.5,21,647,Fair (620-679)
BOR102070,40,PA,35800.0,Full-time,Rent,33.9,2.0,23,685,Good (680-739)
BOR102071,54,CO,70500.0,Self-employed,Rent,37.0,0.9,36,752,Very Good (740-799)
BOR102072,26,NH,38500.0,Full-time,Mortgage,8.9,8.6,4,628,Fair (620-679)
BOR102073,33,MS,61000.0,Full-time,Own,21.1,0.8,10,751,Very Good (740-799)
BOR102074,55,WA,84100.0,Full-time,Own,18.3,3.5,37,687,Good (680-739)
BOR102075,45,AZ,32600.0,Part-time,Rent,40.3,0.1,22,831,Exceptional (800+)
BOR102076,48,GA,20200.0,Full-time,Other,25.6,4.1,30,701,Good (680-739)
BOR102077,46,MN,107100.0,Full-time,Rent,29.4,0.4,24,674,Fair (620-679)
BOR102078,46,CO,58100.0,Part-time,Own,15.9,2.4,30,717,Good (680-739)
BOR102079,63,NV,44400.0,Full-time,Other,23.9,3.7,46,658,Fair (620-679)
BOR102080,42,LA,43400.0,Full-time,Rent,24.1,2.2,24,563,Poor (<620)
BOR102081,29,NJ,18200.0,Full-time,Mortgage,29.8,1.1,10,664,Fair (620-679)
BOR102082,49,CO,51200.0,Full-time,Rent,28.9,1.8,29,663,Fair (620-679)
BOR102083,34,NV,36700.0,Full-time,Other,46.7,14.4,11,576,Poor (<620)
BOR102084,40,GA,47700.0,Self-employed,Mortgage,38.9,5.1,24,675,Fair (620-679)
BOR102085,45,MS,47300.0,Full-time,Other,14.2,1.3,27,546,Poor (<620)
BOR102086,31,FL,18000.0,Full-time,Rent,42.2,2.5,12,657,Fair (620-679)
BOR102087,35,NH,58100.0,Self-employed,Mortgage,40.8,0.0,17,696,Good (680-739)
BOR102088,47,MN,50800.0,Full-time,Own,32.7,6.4,28,686,Good (680-739)
BOR102089,34,FL,53900.0,Retired,Own,41.9,2.5,17,653,Fair (620-679)
BOR102090,53,IN,42900.0,Full-time,Rent,44.0,0.2,34,674,Fair (620-679)
BOR102091,29,CA,47700.0,Full-time,Mortgage,27.1,9.2,13,629,Fair (620-679)
BOR102092,29,MN,50400.0,Full-time,Mortgage,19.8,2.2,12,681,Good (680-739)
BOR102093,64,MN,52800.0,Retired,Rent,37.6,19.3,48,684,Good (680-739)
BOR102094,23,TN,57800.0,Self-employed,Mortgage,23.8,0.3,3,621,Fair (620-679)
BOR102095,41,LA,53000.0,Full-time,Mortgage,34.6,0.6,24,697,Good (680-739)
BOR102096,63,FL,107200.0,Self-employed,Rent,21.6,2.2,41,697,Good (680-739)
BOR102097,41,OH,33600.0,Full-time,Rent,41.7,0.7,22,669,Fair (620-679)
BOR102098,57,NJ,39400.0,Part-time,Rent,24.4,0.2,39,837,Exceptional (800+)
BOR102099,49,TX,99900.0,Full-time,Mortgage,29.9,0.6,29,671,Fair (620-679)
BOR102100,41,NJ,43500.0,Full-time,Own,29.2,5.9,25,662,Fair (620-679)
BOR102101,39,OH,70900.0,Full-time,Rent,17.8,5.0,19,653,Fair (620-679)
BOR102102,19,MI,49600.0,Full-time,Rent,42.8,13.8,1,617,Poor (<620)
BOR102103,37,NJ,42100.0,Full-time,Rent,44.9,7.8,18,725,Good (680-739)
BOR102104,44,LA,72700.0,Full-time,Mortgage,30.6,1.3,23,635,Fair (620-679)
BOR102105,44,OH,58900.0,Full-time,Rent,24.4,0.2,22,643,Fair (620-679)
BOR102106,71,LA,23400.0,Full-time,Rent,29.7,5.1,50,645,Fair (620-679)
BOR102107,44,NJ,50400.0,Full-time,Rent,26.9,4.9,22,616,Poor (<620)
BOR102108,49,NC,29800.0,Full-time,Own,31.8,4.6,30,566,Poor (<620)
BOR102109,55,WA,82600.0,Part-time,Mortgage,28.9,3.9,36,650,Fair (620-679)
BOR102110,47,NJ,102700.0,Full-time,Mortgage,22.9,1.1,31,737,Good (680-739)
BOR102111,40,OH,108400.0,Full-time,Rent,43.3,3.9,20,693,Good (680-739)
BOR102112,40,WA,54800.0,Retired,Rent,29.9,2.0,17,781,Very Good (740-799)
BOR102113,37,NY,37900.0,Part-time,Mortgage,51.3,0.5,14,729,Good (680-739)
BOR102114,46,NC,53900.0,Full-time,Rent,33.0,3.8,30,714,Good (680-739)
BOR102115,39,AZ,30600.0,Full-time,Rent,28.0,2.7,22,802,Exceptional (800+)
BOR102116,48,NJ,134000.0,Full-time,Own,29.2,0.8,25,674,Fair (620-679)
BOR102117,29,NV,79800.0,Full-time,Rent,28.3,2.9,11,684,Good (680-739)
BOR102118,43,OH,53500.0,Full-time,Mortgage,30.9,2.0,23,679,Fair (620-679)
BOR102119,60,UT,73000.0,Full-time,Rent,34.2,7.8,40,780,Very Good (740-799)
BOR102120,38,MN,37400.0,Retired,Rent,20.8,0.4,19,680,Good (680-739)
BOR102121,63,UT,28300.0,Self-employed,Rent,21.8,0.9,44,638,Fair (620-679)
BOR102122,43,NV,18000.0,Full-time,Own,39.8,3.2,21,718,Good (680-739)
BOR102123,40,NY,48400.0,Part-time,Mortgage,37.1,1.4,20,627,Fair (620-679)
BOR102124,42,WA,42500.0,Part-time,Mortgage,16.2,1.4,19,715,Good (680-739)
BOR102125,37,PA,58900.0,Full-time,Mortgage,37.2,1.8,21,707,Good (680-739)
BOR102126,19,NV,46900.0,Self-employed,Rent,40.4,1.1,3,668,Fair (620-679)
BOR102127,52,MA,57700.0,Full-time,Rent,34.5,13.8,33,717,Good (680-739)
BOR102128,67,OH,67200.0,Part-time,Mortgage,15.5,4.5,46,583,Poor (<620)
BOR102129,47,MS,24200.0,Full-time,Rent,18.6,1.6,24,691,Good (680-739)
BOR102130,47,FL,68900.0,Full-time,Mortgage,31.5,3.6,24,650,Fair (620-679)
BOR102131,39,AZ,38800.0,Full-time,Mortgage,50.8,2.0,16,850,Exceptional (800+)
BOR102132,55,MD,58900.0,Full-time,Own,26.6,2.9,36,690,Good (680-739)
BOR102133,41,TX,73900.0,Full-time,Rent,38.1,3.7,20,641,Fair (620-679)
BOR102134,44,TN,74100.0,Retired,Own,25.6,10.2,26,590,Poor (<620)
BOR102135,22,NV,49400.0,Part-time,Own,49.0,5.4,1,765,Very Good (740-799)
BOR102136,35,TX,50500.0,Full-time,Own,32.4,1.7,13,657,Fair (620-679)
BOR102137,45,WA,69700.0,Full-time,Mortgage,19.9,14.7,23,629,Fair (620-679)
BOR102138,52,OH,23700.0,Full-time,Mortgage,23.8,1.0,31,702,Good (680-739)
BOR102139,52,IN,30400.0,Full-time,Mortgage,23.0,11.4,35,722,Good (680-739)
BOR102140,22,FL,41100.0,Full-time,Rent,33.2,4.7,1,721,Good (680-739)
BOR102141,23,MS,25600.0,Full-time,Mortgage,25.0,3.6,2,681,Good (680-739)
BOR102142,48,LA,41300.0,Full-time,Own,27.0,14.4,30,690,Good (680-739)
BOR102143,32,PA,40300.0,Full-time,Rent,51.5,2.2,9,695,Good (680-739)
BOR102144,52,NC,48500.0,Full-time,Own,26.1,3.8,34,702,Good (680-739)
BOR102145,21,MA,45500.0,Self-employed,Own,33.8,1.0,1,708,Good (680-739)
BOR102146,40,MD,75400.0,Unemployed,Rent,29.3,1.7,17,751,Very Good (740-799)
BOR102147,41,NJ,60300.0,Self-employed,Mortgage,31.5,4.5,19,684,Good (680-739)
BOR102148,47,PA,45200.0,Full-time,Rent,38.7,11.7,25,627,Fair (620-679)
BOR102149,29,FL,40100.0,Full-time,Rent,10.0,0.6,8,671,Fair (620-679)
BOR102150,19,NH,45600.0,Full-time,Rent,33.5,6.5,3,729,Good (680-739)
BOR102151,43,NJ,46000.0,Self-employed,Mortgage,28.2,1.3,27,564,Poor (<620)
BOR102152,47,LA,144800.0,Full-time,Rent,33.8,15.1,26,564,Poor (<620)
BOR102153,53,VA,24200.0,Self-employed,Rent,30.0,3.8,37,740,Very Good (740-799)
BOR102154,37,MS,30700.0,Full-time,Rent,30.1,3.8,16,779,Very Good (740-799)
BOR102155,50,FL,28800.0,Unemployed,Mortgage,35.0,7.5,29,598,Poor (<620)
BOR102156,47,FL,52600.0,Self-employed,Rent,26.5,1.9,30,687,Good (680-739)
BOR102157,57,MS,51700.0,Full-time,Rent,51.7,9.7,39,654,Fair (620-679)
BOR102158,40,NM,36000.0,Full-time,Own,22.4,2.7,18,663,Fair (620-679)
BOR102159,20,GA,69800.0,Full-time,Own,46.4,1.6,1,700,Good (680-739)
BOR102160,40,NC,55100.0,Full-time,Rent,19.6,0.5,19,596,Poor (<620)
BOR102161,42,NJ,71100.0,Full-time,Rent,29.4,1.4,24,608,Poor (<620)
BOR102162,47,NJ,80100.0,Full-time,Rent,35.1,2.2,30,660,Fair (620-679)
BOR102163,23,PA,18000.0,Full-time,Rent,22.7,2.9,6,671,Fair (620-679)
BOR102164,37,LA,63500.0,Self-employed,Own,22.0,9.4,20,607,Poor (<620)
BOR102165,51,OH,26100.0,Full-time,Mortgage,29.2,2.3,33,731,Good (680-739)
BOR102166,40,MD,52200.0,Retired,Rent,41.0,3.9,19,653,Fair (620-679)
BOR102167,37,TX,45100.0,Full-time,Rent,32.8,1.0,18,653,Fair (620-679)
BOR102168,64,TX,46000.0,Retired,Rent,50.9,11.6,45,698,Good (680-739)
BOR102169,28,IN,27100.0,Full-time,Mortgage,37.6,7.9,10,672,Fair (620-679)
BOR102170,56,NC,74100.0,Full-time,Rent,27.4,10.2,36,734,Good (680-739)
BOR102171,53,IN,26100.0,Retired,Rent,5.1,2.3,30,619,Poor (<620)
BOR102172,38,FL,65400.0,Full-time,Mortgage,16.5,6.7,16,589,Poor (<620)
BOR102173,41,UT,24500.0,Self-employed,Rent,29.3,2.7,18,660,Fair (620-679)
BOR102174,41,CO,46300.0,Full-time,Own,16.4,2.5,22,684,Good (680-739)
BOR102175,43,LA,105000.0,Full-time,Own,30.1,9.8,27,599,Poor (<620)
BOR102176,34,NY,135000.0,Full-time,Rent,34.2,0.3,16,590,Poor (<620)
BOR102177,36,NC,22500.0,Full-time,Mortgage,29.1,7.9,19,692,Good (680-739)
BOR102178,37,NC,34000.0,Full-time,Rent,29.3,0.3,17,631,Fair (620-679)
BOR102179,37,AZ,36900.0,Full-time,Rent,51.6,5.2,21,586,Poor (<620)
BOR102180,37,GA,128600.0,Part-time,Mortgage,32.7,2.2,18,743,Very Good (740-799)
BOR102181,19,TX,45200.0,Full-time,Rent,30.6,14.7,1,639,Fair (620-679)
BOR102182,42,NC,75600.0,Full-time,Own,22.1,5.8,23,755,Very Good (740-799)
BOR102183,35,OH,53400.0,Full-time,Own,32.0,5.1,15,682,Good (680-739)
BOR102184,19,MI,27200.0,Full-time,Mortgage,27.2,7.6,1,699,Good (680-739)
BOR102185,37,PA,20200.0,Full-time,Rent,50.0,15.1,20,666,Fair (620-679)
BOR102186,36,OH,35400.0,Full-time,Mortgage,37.7,0.8,19,507,Poor (<620)
BOR102187,56,TN,132300.0,Unemployed,Mortgage,46.2,2.2,35,606,Poor (<620)
BOR102188,35,MI,52400.0,Full-time,Rent,34.1,1.1,16,672,Fair (620-679)
BOR102189,49,NC,74900.0,Full-time,Rent,44.5,1.4,31,704,Good (680-739)
BOR102190,58,AZ,24600.0,Retired,Rent,22.0,4.9,38,564,Poor (<620)
BOR102191,33,MN,40300.0,Retired,Own,34.5,10.1,14,677,Fair (620-679)
BOR102192,40,MI,66200.0,Full-time,Rent,23.3,2.2,19,607,Poor (<620)
BOR102193,62,MA,28500.0,Self-employed,Rent,27.6,7.3,41,695,Good (680-739)
BOR102194,44,UT,45300.0,Full-time,Mortgage,32.4,4.2,28,679,Fair (620-679)
BOR102195,45,WA,31400.0,Part-time,Mortgage,22.4,11.2,29,728,Good (680-739)
BOR102196,36,MS,67600.0,Full-time,Own,17.4,2.5,15,749,Very Good (740-799)
BOR102197,49,MN,55800.0,Full-time,Rent,41.8,5.4,26,710,Good (680-739)
BOR102198,41,TX,63400.0,Full-time,Rent,15.2,2.0,20,736,Good (680-739)
BOR102199,19,NJ,69000.0,Full-time,Own,48.9,1.9,3,657,Fair (620-679)
BOR102200,37,MD,42100.0,Full-time,Mortgage,23.8,9.9,15,850,Exceptional (800+)
BOR102201,27,NH,73200.0,Full-time,Rent,37.7,2.8,7,601,Poor (<620)
BOR102202,42,NJ,35800.0,Retired,Rent,38.3,4.2,26,646,Fair (620-679)
BOR102203,30,FL,61800.0,Full-time,Rent,20.9,4.7,7,739,Good (680-739)
BOR102204,47,AZ,19200.0,Part-time,Own,36.6,6.2,31,729,Good (680-739)
BOR102205,42,NY,33300.0,Full-time,Other,33.7,1.7,19,712,Good (680-739)
BOR102206,26,CO,132200.0,Unemployed,Mortgage,38.3,22.3,4,724,Good (680-739)
BOR102207,35,WA,61400.0,Full-time,Mortgage,44.1,2.8,14,545,Poor (<620)
BOR102208,48,MD,61400.0,Full-time,Rent,40.1,0.7,25,783,Very Good (740-799)
BOR102209,55,LA,32200.0,Full-time,Mortgage,23.3,9.1,34,667,Fair (620-679)
BOR102210,30,TN,28500.0,Full-time,Rent,30.6,4.6,14,761,Very Good (740-799)
BOR102211,28,TN,41400.0,Full-time,Mortgage,23.8,3.5,8,548,Poor (<620)
BOR102212,64,CO,45200.0,Full-time,Rent,26.2,5.9,47,697,Good (680-739)
BOR102213,41,NV,110400.0,Full-time,Mortgage,36.9,4.3,24,643,Fair (620-679)
BOR102214,42,LA,73800.0,Full-time,Mortgage,38.1,5.5,26,717,Good (680-739)
BOR102215,32,CA,49000.0,Self-employed,Own,37.8,3.0,13,701,Good (680-739)
BOR102216,44,AZ,48000.0,Full-time,Rent,34.9,1.7,23,704,Good (680-739)
BOR102217,62,IL,65600.0,Full-time,Rent,36.4,1.1,44,611,Poor (<620)
BOR102218,44,LA,25800.0,Full-time,Rent,27.5,6.1,23,676,Fair (620-679)
BOR102219,54,IN,19600.0,Full-time,Rent,45.5,10.8,31,668,Fair (620-679)
BOR102220,41,NJ,65200.0,Full-time,Rent,38.7,5.0,23,712,Good (680-739)
BOR102221,29,PA,48200.0,Full-time,Own,31.8,5.4,13,744,Very Good (740-799)
BOR102222,33,NC,25800.0,Full-time,Own,43.3,10.8,12,690,Good (680-739)
BOR102223,28,MD,18200.0,Unemployed,Rent,26.8,1.9,8,597,Poor (<620)
BOR102224,44,PA,69700.0,Full-time,Rent,33.2,0.6,28,687,Good (680-739)
BOR102225,56,FL,36900.0,Full-time,Mortgage,40.9,6.9,34,850,Exceptional (800+)
BOR102226,43,LA,55800.0,Full-time,Own,19.8,7.9,23,787,Very Good (740-799)
BOR102227,37,CO,41400.0,Full-time,Other,54.2,12.8,21,500,Poor (<620)
BOR102228,32,PA,45900.0,Full-time,Own,26.1,2.4,11,684,Good (680-739)
BOR102229,45,GA,35700.0,Self-employed,Mortgage,27.5,1.2,25,741,Very Good (740-799)
BOR102230,26,UT,45100.0,Full-time,Rent,32.2,1.3,10,668,Fair (620-679)
BOR102231,27,MD,60500.0,Full-time,Rent,39.4,4.2,7,650,Fair (620-679)
BOR102232,52,TN,41200.0,Full-time,Own,40.4,1.8,32,663,Fair (620-679)
BOR102233,38,GA,40100.0,Self-employed,Rent,47.0,3.8,22,716,Good (680-739)
BOR102234,37,GA,61300.0,Full-time,Mortgage,31.4,3.0,19,605,Poor (<620)
BOR102235,39,TX,63200.0,Retired,Own,35.3,1.9,18,757,Very Good (740-799)
BOR102236,50,MD,27900.0,Full-time,Rent,16.6,9.7,30,676,Fair (620-679)
BOR102237,43,TX,46000.0,Full-time,Rent,21.3,17.6,24,619,Poor (<620)
BOR102238,32,CA,36800.0,Full-time,Rent,31.1,4.4,12,753,Very Good (740-799)
BOR102239,33,MD,46900.0,Full-time,Own,35.6,25.2,14,580,Poor (<620)
BOR102240,39,NM,88900.0,Self-employed,Own,31.5,7.2,23,644,Fair (620-679)
BOR102241,45,CO,54800.0,Full-time,Mortgage,37.2,3.3,29,643,Fair (620-679)
BOR102242,41,VA,123500.0,Full-time,Own,31.4,2.3,20,819,Exceptional (800+)
BOR102243,40,WA,51500.0,Self-employed,Own,29.7,5.5,21,635,Fair (620-679)
BOR102244,42,NJ,43300.0,Retired,Mortgage,56.0,5.4,20,540,Poor (<620)
BOR102245,41,NC,46200.0,Full-time,Own,29.4,4.0,25,642,Fair (620-679)
BOR102246,32,WA,49700.0,Full-time,Rent,42.1,3.4,10,710,Good (680-739)
BOR102247,54,NJ,53900.0,Full-time,Own,18.9,1.9,33,731,Good (680-739)
BOR102248,35,TN,29800.0,Part-time,Mortgage,33.2,0.5,13,828,Exceptional (800+)
BOR102249,43,LA,42000.0,Full-time,Own,25.3,4.1,21,771,Very Good (740-799)
BOR102250,19,NH,33700.0,Full-time,Rent,51.8,0.2,3,692,Good (680-739)
BOR102251,38,TX,74100.0,Full-time,Mortgage,26.4,1.8,21,622,Fair (620-679)
BOR102252,28,MI,19600.0,Self-employed,Own,31.7,1.5,11,786,Very Good (740-799)
BOR102253,29,PA,50000.0,Full-time,Mortgage,23.8,1.4,13,656,Fair (620-679)
BOR102254,70,NC,23500.0,Full-time,Own,23.2,2.2,49,637,Fair (620-679)
BOR102255,44,GA,56600.0,Self-employed,Rent,31.2,1.7,21,653,Fair (620-679)
BOR102256,56,PA,39000.0,Full-time,Mortgage,35.6,8.9,34,599,Poor (<620)
BOR102257,51,CO,20600.0,Full-time,Rent,42.6,0.9,32,650,Fair (620-679)
BOR102258,53,WA,71300.0,Full-time,Rent,26.2,0.5,30,665,Fair (620-679)
BOR102259,39,MS,18000.0,Part-time,Rent,26.0,2.6,18,727,Good (680-739)
BOR102260,60,CA,46000.0,Full-time,Rent,44.9,7.4,39,655,Fair (620-679)
BOR102261,51,TX,63600.0,Self-employed,Mortgage,47.9,2.2,34,598,Poor (<620)
BOR102262,41,NJ,86600.0,Full-time,Mortgage,31.2,9.7,19,576,Poor (<620)
BOR102263,44,TX,22600.0,Full-time,Mortgage,36.7,2.2,27,694,Good (680-739)
BOR102264,39,OH,37000.0,Full-time,Own,48.7,4.0,19,685,Good (680-739)
BOR102265,42,NH,75900.0,Full-time,Mortgage,58.5,16.8,24,644,Fair (620-679)
BOR102266,40,IL,78300.0,Full-time,Mortgage,36.2,2.5,19,650,Fair (620-679)
BOR102267,46,PA,83000.0,Retired,Own,39.5,4.0,25,705,Good (680-739)
BOR102268,62,MA,147700.0,Full-time,Rent,33.3,8.4,42,770,Very Good (740-799)
BOR102269,27,WA,37100.0,Full-time,Own,17.2,8.3,7,629,Fair (620-679)
BOR102270,55,MA,55100.0,Full-time,Mortgage,35.5,3.4,39,686,Good (680-739)
BOR102271,37,MI,39900.0,Full-time,Rent,45.7,1.9,15,742,Very Good (740-799)
BOR102272,56,NV,19200.0,Part-time,Rent,24.5,13.8,35,630,Fair (620-679)
BOR102273,37,NY,44800.0,Part-time,Mortgage,13.5,1.5,21,679,Fair (620-679)
BOR102274,46,NJ,19000.0,Unemployed,Rent,37.9,2.6,26,678,Fair (620-679)
BOR102275,39,MD,36900.0,Unemployed,Mortgage,14.4,11.5,19,595,Poor (<620)
BOR102276,20,LA,24100.0,Full-time,Other,16.3,8.5,4,691,Good (680-739)
BOR102277,62,NC,56800.0,Self-employed,Rent,15.7,4.5,43,682,Good (680-739)
BOR102278,30,AZ,32800.0,Part-time,Own,12.0,9.0,14,716,Good (680-739)
BOR102279,42,TX,20900.0,Full-time,Rent,42.6,1.6,25,603,Poor (<620)
BOR102280,28,PA,68800.0,Full-time,Own,33.4,3.5,6,681,Good (680-739)
BOR102281,25,TX,35500.0,Unemployed,Mortgage,52.6,0.0,7,770,Very Good (740-799)
BOR102282,39,MD,38400.0,Retired,Mortgage,39.3,0.7,22,815,Exceptional (800+)
BOR102283,34,GA,30000.0,Full-time,Rent,52.6,2.7,15,763,Very Good (740-799)
BOR102284,27,MD,78200.0,Full-time,Other,25.6,0.1,7,603,Poor (<620)
BOR102285,41,TX,52700.0,Full-time,Mortgage,35.6,4.6,22,709,Good (680-739)
BOR102286,23,LA,35400.0,Full-time,Rent,19.3,5.8,7,649,Fair (620-679)
BOR102287,43,NV,19700.0,Self-employed,Rent,29.2,4.8,20,698,Good (680-739)
BOR102288,39,FL,144300.0,Full-time,Mortgage,46.3,2.3,23,630,Fair (620-679)
BOR102289,19,CA,113600.0,Full-time,Rent,31.6,1.7,1,569,Poor (<620)
BOR102290,35,TX,89300.0,Full-time,Rent,29.7,0.1,14,658,Fair (620-679)
BOR102291,47,NV,34000.0,Full-time,Rent,31.8,0.6,25,727,Good (680-739)
BOR102292,28,IL,37200.0,Part-time,Mortgage,33.4,0.5,7,699,Good (680-739)
BOR102293,47,AZ,55800.0,Self-employed,Rent,33.4,0.6,27,706,Good (680-739)
BOR102294,46,NJ,31200.0,Full-time,Rent,45.3,0.8,27,694,Good (680-739)
BOR102295,29,MN,29900.0,Full-time,Mortgage,24.8,1.1,7,706,Good (680-739)
BOR102296,41,WA,89900.0,Full-time,Own,29.9,0.3,22,714,Good (680-739)
BOR102297,51,WA,45500.0,Self-employed,Rent,33.0,3.9,31,662,Fair (620-679)
BOR102298,30,NH,28200.0,Self-employed,Own,23.0,11.5,11,685,Good (680-739)
BOR102299,39,NY,71600.0,Full-time,Rent,27.5,3.5,17,793,Very Good (740-799)
BOR102300,55,NV,36000.0,Full-time,Mortgage,39.7,4.7,39,689,Good (680-739)
BOR102301,31,TX,19100.0,Full-time,Own,23.8,1.6,14,683,Good (680-739)
BOR102302,47,VA,28000.0,Part-time,Rent,59.7,3.1,25,687,Good (680-739)
BOR102303,28,LA,37000.0,Part-time,Mortgage,48.4,0.2,12,666,Fair (620-679)
BOR102304,39,IN,51500.0,Full-time,Mortgage,33.8,0.5,19,652,Fair (620-679)
BOR102305,46,MD,50400.0,Unemployed,Mortgage,37.8,8.1,26,694,Good (680-739)
BOR102306,19,OH,81000.0,Full-time,Rent,39.7,0.7,2,647,Fair (620-679)
BOR102307,35,NJ,41900.0,Full-time,Mortgage,37.6,0.5,17,671,Fair (620-679)
BOR102308,46,NC,37800.0,Full-time,Rent,33.0,4.3,28,629,Fair (620-679)
BOR102309,44,WA,81700.0,Full-time,Other,59.5,8.7,25,687,Good (680-739)
BOR102310,35,VA,72400.0,Full-time,Rent,24.8,3.3,15,718,Good (680-739)
BOR102311,28,NC,42400.0,Full-time,Own,28.1,3.9,11,666,Fair (620-679)
BOR102312,49,GA,53200.0,Retired,Mortgage,32.7,1.6,31,549,Poor (<620)
BOR102313,37,OH,37700.0,Part-time,Rent,38.5,2.0,16,718,Good (680-739)
BOR102314,48,NC,27600.0,Unemployed,Mortgage,52.1,2.9,25,688,Good (680-739)
BOR102315,46,NY,125300.0,Full-time,Rent,32.0,4.5,25,615,Poor (<620)
BOR102316,36,LA,36500.0,Full-time,Rent,37.8,1.8,13,730,Good (680-739)
BOR102317,54,TN,53200.0,Part-time,Rent,35.9,1.3,34,589,Poor (<620)
BOR102318,34,NY,23600.0,Full-time,Rent,31.2,4.4,18,748,Very Good (740-799)
BOR102319,55,MD,65000.0,Self-employed,Rent,44.4,1.6,37,676,Fair (620-679)
BOR102320,57,NV,27100.0,Full-time,Mortgage,36.3,3.3,34,533,Poor (<620)
BOR102321,54,IL,99200.0,Full-time,Mortgage,41.9,6.4,34,692,Good (680-739)
BOR102322,39,NY,104700.0,Part-time,Rent,29.1,3.0,21,654,Fair (620-679)
BOR102323,72,CA,60100.0,Part-time,Rent,26.6,1.1,50,644,Fair (620-679)
BOR102324,43,TX,49100.0,Full-time,Mortgage,28.6,2.0,24,632,Fair (620-679)
BOR102325,44,CO,42900.0,Full-time,Own,35.0,1.7,26,672,Fair (620-679)
BOR102326,41,NH,45600.0,Full-time,Rent,43.2,4.4,25,648,Fair (620-679)
BOR102327,27,TX,56100.0,Self-employed,Mortgage,53.0,2.0,10,559,Poor (<620)
BOR102328,57,CO,48600.0,Full-time,Mortgage,33.7,0.7,38,763,Very Good (740-799)
BOR102329,34,TX,72500.0,Part-time,Own,50.6,1.7,14,664,Fair (620-679)
BOR102330,52,TN,30800.0,Full-time,Mortgage,38.3,7.8,35,632,Fair (620-679)
BOR102331,55,CO,92700.0,Full-time,Own,25.3,24.4,36,607,Poor (<620)
BOR102332,48,NC,38600.0,Full-time,Own,33.2,0.4,29,730,Good (680-739)
BOR102333,33,CA,33300.0,Full-time,Mortgage,39.7,0.3,13,596,Poor (<620)
BOR102334,37,TN,54900.0,Full-time,Rent,40.5,3.2,14,689,Good (680-739)
BOR102335,19,NH,56500.0,Part-time,Rent,27.2,1.1,1,642,Fair (620-679)
BOR102336,40,OH,21300.0,Full-time,Mortgage,28.4,1.5,19,646,Fair (620-679)
BOR102337,51,PA,37600.0,Full-time,Mortgage,28.6,19.9,31,608,Poor (<620)
BOR102338,38,NY,18000.0,Part-time,Own,30.0,0.8,16,640,Fair (620-679)
BOR102339,34,AZ,34400.0,Full-time,Rent,35.1,5.7,11,681,Good (680-739)
BOR102340,37,TN,35100.0,Full-time,Own,50.9,3.9,15,695,Good (680-739)
BOR102341,56,MN,53300.0,Self-employed,Rent,27.8,2.2,39,629,Fair (620-679)
BOR102342,40,CO,32700.0,Full-time,Rent,15.6,2.6,22,674,Fair (620-679)
BOR102343,63,LA,36400.0,Full-time,Rent,15.0,1.1,46,738,Good (680-739)
BOR102344,34,NV,83800.0,Full-time,Mortgage,40.2,8.7,12,572,Poor (<620)
BOR102345,44,OH,118100.0,Full-time,Rent,26.5,3.8,21,680,Good (680-739)
BOR102346,36,AZ,30800.0,Full-time,Own,34.7,1.9,20,618,Poor (<620)
BOR102347,66,GA,73800.0,Self-employed,Rent,24.9,1.6,43,612,Poor (<620)
BOR102348,43,NC,55500.0,Full-time,Rent,30.5,3.3,22,697,Good (680-739)
BOR102349,67,MS,21300.0,Part-time,Rent,28.7,16.2,48,645,Fair (620-679)
BOR102350,36,MO,32700.0,Part-time,Rent,25.1,3.7,14,601,Poor (<620)
BOR102351,59,NH,18000.0,Full-time,Other,44.4,1.2,40,766,Very Good (740-799)
BOR102352,42,NJ,53900.0,Full-time,Mortgage,45.1,3.3,24,740,Very Good (740-799)
BOR102353,51,AZ,28700.0,Full-time,Rent,38.4,5.9,31,554,Poor (<620)
BOR102354,26,WA,49500.0,Full-time,Own,52.4,8.0,7,584,Poor (<620)
BOR102355,45,FL,148300.0,Retired,Own,18.8,1.9,25,719,Good (680-739)
BOR102356,28,IL,95500.0,Full-time,Own,29.9,3.1,6,661,Fair (620-679)
BOR102357,44,WA,33000.0,Full-time,Own,28.5,5.6,23,778,Very Good (740-799)
BOR102358,23,TX,29600.0,Full-time,Own,39.1,3.7,1,720,Good (680-739)
BOR102359,40,MS,83400.0,Part-time,Mortgage,19.4,2.7,20,699,Good (680-739)
BOR102360,54,NY,29700.0,Full-time,Mortgage,38.7,0.9,31,614,Poor (<620)
BOR102361,48,PA,72800.0,Full-time,Rent,17.6,0.2,27,712,Good (680-739)
BOR102362,26,CO,159700.0,Full-time,Mortgage,39.5,2.3,8,597,Poor (<620)
BOR102363,19,FL,63200.0,Retired,Rent,43.5,5.3,1,765,Very Good (740-799)
BOR102364,47,LA,79400.0,Full-time,Mortgage,20.7,4.9,29,707,Good (680-739)
BOR102365,60,MD,75400.0,Full-time,Own,28.3,10.8,42,626,Fair (620-679)
BOR102366,29,TX,36300.0,Part-time,Rent,43.9,3.4,10,732,Good (680-739)
BOR102367,66,MD,53100.0,Self-employed,Rent,45.9,0.2,45,826,Exceptional (800+)
BOR102368,41,TN,30300.0,Full-time,Mortgage,17.7,6.3,23,666,Fair (620-679)
BOR102369,19,CO,83300.0,Unemployed,Own,35.8,0.9,1,716,Good (680-739)
BOR102370,22,NV,28600.0,Full-time,Rent,38.5,5.9,1,652,Fair (620-679)
BOR102371,50,MD,63900.0,Self-employed,Rent,31.9,3.2,27,686,Good (680-739)
BOR102372,43,MA,77600.0,Self-employed,Other,46.4,9.3,25,582,Poor (<620)
BOR102373,59,NC,37400.0,Full-time,Mortgage,26.5,3.8,39,680,Good (680-739)
BOR102374,27,MD,33700.0,Full-time,Own,27.9,2.3,4,683,Good (680-739)
BOR102375,42,UT,43200.0,Full-time,Mortgage,25.4,2.8,20,797,Very Good (740-799)
BOR102376,41,MA,31200.0,Full-time,Rent,34.5,2.9,20,563,Poor (<620)
BOR102377,39,IN,50000.0,Full-time,Own,29.3,1.6,23,662,Fair (620-679)
BOR102378,36,NJ,30900.0,Retired,Mortgage,40.7,1.2,14,764,Very Good (740-799)
BOR102379,37,CO,31900.0,Full-time,Rent,28.5,0.4,16,664,Fair (620-679)
BOR102380,43,NH,59600.0,Full-time,Own,30.3,1.6,24,669,Fair (620-679)
BOR102381,45,PA,61600.0,Full-time,Own,34.5,0.4,29,626,Fair (620-679)
BOR102382,44,PA,40900.0,Full-time,Rent,24.2,2.0,23,619,Poor (<620)
BOR102383,55,AZ,22200.0,Full-time,Other,42.7,4.3,34,561,Poor (<620)
BOR102384,27,VA,79000.0,Retired,Rent,39.4,1.9,9,639,Fair (620-679)
BOR102385,19,MA,38100.0,Full-time,Mortgage,39.1,7.4,1,616,Poor (<620)
BOR102386,53,TX,118000.0,Full-time,Rent,22.3,0.3,30,688,Good (680-739)
BOR102387,30,NJ,43900.0,Full-time,Other,48.0,8.6,9,629,Fair (620-679)
BOR102388,36,MA,49600.0,Full-time,Rent,14.0,13.2,16,649,Fair (620-679)
BOR102389,34,MA,38400.0,Full-time,Mortgage,39.9,0.3,15,651,Fair (620-679)
BOR102390,33,IN,52000.0,Full-time,Rent,33.9,2.0,13,677,Fair (620-679)
BOR102391,24,MD,222900.0,Full-time,Rent,39.2,7.1,2,646,Fair (620-679)
BOR102392,34,IN,39900.0,Full-time,Mortgage,30.4,2.8,18,611,Poor (<620)
BOR102393,49,MN,82800.0,Full-time,Mortgage,33.4,6.0,33,686,Good (680-739)
BOR102394,41,TN,48600.0,Self-employed,Own,39.6,0.7,24,749,Very Good (740-799)
BOR102395,47,AZ,79100.0,Self-employed,Rent,32.5,0.7,30,688,Good (680-739)
BOR102396,35,TN,19500.0,Full-time,Mortgage,34.7,2.1,18,640,Fair (620-679)
BOR102397,52,FL,111900.0,Full-time,Mortgage,35.0,0.2,33,672,Fair (620-679)
BOR102398,35,OH,54400.0,Full-time,Mortgage,54.5,1.0,19,547,Poor (<620)
BOR102399,19,WA,41300.0,Full-time,Rent,16.6,11.3,1,671,Fair (620-679)
BOR102400,45,LA,70000.0,Full-time,Rent,45.5,0.4,29,654,Fair (620-679)
BOR102401,50,MO,49700.0,Part-time,Rent,37.1,0.1,34,619,Poor (<620)
BOR102402,34,FL,27800.0,Full-time,Rent,35.8,1.3,13,631,Fair (620-679)
BOR102403,55,TN,18000.0,Full-time,Rent,19.8,1.2,36,653,Fair (620-679)
BOR102404,31,IL,106100.0,Full-time,Rent,44.1,2.7,8,745,Very Good (740-799)
BOR102405,49,WI,42200.0,Full-time,Rent,21.2,4.3,29,751,Very Good (740-799)
BOR102406,62,NV,35400.0,Full-time,Mortgage,47.3,0.1,43,620,Fair (620-679)
BOR102407,41,TN,36600.0,Part-time,Mortgage,27.1,13.6,20,646,Fair (620-679)
BOR102408,38,MA,90100.0,Full-time,Rent,47.3,3.5,16,648,Fair (620-679)
BOR102409,40,NC,37400.0,Part-time,Rent,25.5,3.1,23,733,Good (680-739)
BOR102410,61,NJ,62300.0,Retired,Rent,23.2,2.0,41,689,Good (680-739)
BOR102411,46,LA,40100.0,Full-time,Mortgage,31.6,0.6,28,686,Good (680-739)
BOR102412,67,MD,26500.0,Full-time,Other,25.1,0.1,44,715,Good (680-739)
BOR102413,44,WA,70000.0,Full-time,Other,30.2,5.0,25,641,Fair (620-679)
BOR102414,33,NC,76600.0,Full-time,Mortgage,49.4,6.6,17,769,Very Good (740-799)
BOR102415,34,TX,34300.0,Self-employed,Other,27.0,1.5,12,680,Good (680-739)
BOR102416,42,NY,45800.0,Self-employed,Rent,34.3,3.6,19,624,Fair (620-679)
BOR102417,19,PA,48700.0,Full-time,Mortgage,48.5,5.3,1,665,Fair (620-679)
BOR102418,35,MI,57000.0,Part-time,Rent,34.9,1.5,16,760,Very Good (740-799)
BOR102419,36,NM,113200.0,Full-time,Own,43.8,4.3,15,652,Fair (620-679)
BOR102420,44,WA,40300.0,Self-employed,Rent,38.1,0.2,28,742,Very Good (740-799)
BOR102421,64,IL,40200.0,Self-employed,Rent,42.5,5.0,41,639,Fair (620-679)
BOR102422,42,FL,43100.0,Part-time,Mortgage,31.9,2.8,26,630,Fair (620-679)
BOR102423,19,NC,30500.0,Full-time,Mortgage,38.3,2.6,2,723,Good (680-739)
BOR102424,30,NV,21500.0,Full-time,Mortgage,50.6,4.0,12,623,Fair (620-679)
BOR102425,44,MI,49500.0,Self-employed,Mortgage,29.2,2.2,23,733,Good (680-739)
BOR102426,42,MN,59100.0,Full-time,Rent,36.7,0.2,20,703,Good (680-739)
BOR102427,60,NV,46700.0,Full-time,Rent,25.7,5.4,43,623,Fair (620-679)
BOR102428,53,FL,45300.0,Full-time,Rent,42.9,1.7,35,675,Fair (620-679)
BOR102429,52,TN,31100.0,Self-employed,Rent,15.8,5.5,30,644,Fair (620-679)
BOR102430,38,UT,52200.0,Self-employed,Mortgage,29.6,3.3,20,703,Good (680-739)
BOR102431,54,NJ,50300.0,Full-time,Mortgage,42.6,0.6,36,803,Exceptional (800+)
BOR102432,30,TX,57700.0,Full-time,Rent,31.0,1.7,11,656,Fair (620-679)
BOR102433,53,MS,53900.0,Self-employed,Own,14.6,8.2,33,715,Good (680-739)
BOR102434,38,LA,55700.0,Full-time,Mortgage,24.8,6.3,16,682,Good (680-739)
BOR102435,24,WA,84400.0,Full-time,Rent,25.7,0.8,1,682,Good (680-739)
BOR102436,48,AZ,60300.0,Full-time,Rent,48.2,5.6,26,669,Fair (620-679)
BOR102437,58,IL,57900.0,Full-time,Own,40.4,0.1,41,624,Fair (620-679)
BOR102438,36,NV,21300.0,Full-time,Mortgage,41.4,1.1,17,702,Good (680-739)
BOR102439,60,WA,74900.0,Full-time,Rent,20.2,5.8,39,661,Fair (620-679)
BOR102440,21,CA,40800.0,Self-employed,Rent,32.5,10.8,2,621,Fair (620-679)
BOR102441,27,MO,48300.0,Full-time,Rent,48.1,0.6,7,746,Very Good (740-799)
BOR102442,39,UT,26300.0,Full-time,Rent,41.5,2.2,21,686,Good (680-739)
BOR102443,37,NV,119400.0,Full-time,Rent,27.4,0.6,16,665,Fair (620-679)
BOR102444,33,OH,18000.0,Full-time,Rent,40.4,4.8,13,767,Very Good (740-799)
BOR102445,43,TX,91100.0,Full-time,Rent,19.6,9.0,27,561,Poor (<620)
BOR102446,35,NM,56500.0,Full-time,Rent,23.9,0.2,12,763,Very Good (740-799)
BOR102447,37,MS,19800.0,Full-time,Rent,13.7,2.1,21,623,Fair (620-679)
BOR102448,44,AZ,116600.0,Full-time,Own,31.4,1.6,25,694,Good (680-739)
BOR102449,33,IN,58800.0,Full-time,Rent,38.8,1.3,11,642,Fair (620-679)
BOR102450,40,VA,18000.0,Full-time,Rent,22.9,4.9,24,620,Fair (620-679)
BOR102451,33,NJ,38600.0,Full-time,Own,31.6,1.4,15,765,Very Good (740-799)
BOR102452,27,FL,59300.0,Full-time,Own,24.1,1.6,6,801,Exceptional (800+)
BOR102453,50,FL,100800.0,Full-time,Mortgage,26.6,3.3,29,666,Fair (620-679)
BOR102454,61,IL,38800.0,Full-time,Rent,22.0,1.5,38,702,Good (680-739)
BOR102455,54,NV,18000.0,Full-time,Rent,44.9,8.2,33,684,Good (680-739)
BOR102456,45,NY,89900.0,Full-time,Rent,25.6,7.3,25,792,Very Good (740-799)
BOR102457,33,IL,58300.0,Full-time,Mortgage,30.0,1.9,16,543,Poor (<620)
BOR102458,38,AZ,18000.0,Retired,Rent,27.2,4.7,15,705,Good (680-739)
BOR102459,54,IL,54400.0,Full-time,Mortgage,35.6,7.4,35,633,Fair (620-679)
BOR102460,19,PA,57100.0,Part-time,Rent,57.4,12.2,2,527,Poor (<620)
BOR102461,37,AZ,40300.0,Full-time,Mortgage,60.3,1.7,21,657,Fair (620-679)
BOR102462,50,NC,32100.0,Full-time,Own,30.3,9.3,27,800,Exceptional (800+)
BOR102463,27,TN,35400.0,Full-time,Mortgage,36.7,3.6,11,637,Fair (620-679)
BOR102464,46,MS,40300.0,Full-time,Rent,42.1,1.0,29,731,Good (680-739)
BOR102465,46,NY,54700.0,Full-time,Rent,45.1,7.8,23,758,Very Good (740-799)
BOR102466,24,MS,66500.0,Full-time,Rent,38.9,1.9,3,679,Fair (620-679)
BOR102467,42,MS,18000.0,Self-employed,Other,43.6,5.0,21,688,Good (680-739)
BOR102468,34,NV,52300.0,Full-time,Mortgage,36.6,3.1,18,568,Poor (<620)
BOR102469,46,TN,58100.0,Part-time,Mortgage,26.2,4.5,28,633,Fair (620-679)
BOR102470,49,TN,50300.0,Full-time,Mortgage,43.5,2.6,27,739,Good (680-739)
BOR102471,46,IN,38900.0,Full-time,Rent,33.9,0.9,26,684,Good (680-739)
BOR102472,42,MD,88300.0,Part-time,Own,35.9,7.0,26,704,Good (680-739)
BOR102473,44,CA,85400.0,Full-time,Own,19.0,14.4,24,689,Good (680-739)
BOR102474,27,UT,39500.0,Full-time,Rent,24.8,6.4,11,822,Exceptional (800+)
BOR102475,41,MA,44900.0,Full-time,Mortgage,28.7,0.8,25,652,Fair (620-679)
BOR102476,31,MN,66000.0,Full-time,Rent,37.8,3.4,14,784,Very Good (740-799)
BOR102477,53,MI,83000.0,Full-time,Mortgage,50.5,5.6,35,689,Good (680-739)
BOR102478,49,CA,32300.0,Full-time,Mortgage,40.3,4.5,29,790,Very Good (740-799)
BOR102479,49,WA,29100.0,Self-employed,Rent,30.7,7.9,29,600,Poor (<620)
BOR102480,62,WA,52800.0,Part-time,Rent,22.6,3.5,39,692,Good (680-739)
BOR102481,37,NJ,28100.0,Full-time,Own,45.0,1.4,19,654,Fair (620-679)
BOR102482,34,NC,19400.0,Full-time,Mortgage,35.7,2.1,16,689,Good (680-739)
BOR102483,37,OH,32200.0,Part-time,Own,5.0,0.0,19,759,Very Good (740-799)
BOR102484,22,WA,56300.0,Full-time,Other,42.9,2.4,3,705,Good (680-739)
BOR102485,23,MI,93800.0,Retired,Own,36.3,1.3,4,759,Very Good (740-799)
BOR102486,48,UT,33900.0,Full-time,Rent,11.0,2.0,31,636,Fair (620-679)
BOR102487,24,PA,44100.0,Full-time,Rent,38.7,1.3,3,627,Fair (620-679)
BOR102488,28,NC,50000.0,Full-time,Rent,33.4,5.3,8,681,Good (680-739)
BOR102489,40,GA,34800.0,Full-time,Mortgage,19.4,0.7,19,677,Fair (620-679)
BOR102490,36,AZ,33600.0,Full-time,Mortgage,52.9,6.4,20,668,Fair (620-679)
BOR102491,52,WA,54200.0,Retired,Other,36.9,1.6,32,618,Poor (<620)
BOR102492,42,IN,27200.0,Part-time,Own,27.7,4.3,19,758,Very Good (740-799)
BOR102493,31,UT,33000.0,Self-employed,Rent,24.7,1.8,9,656,Fair (620-679)
BOR102494,53,GA,42600.0,Part-time,Other,30.6,0.3,35,773,Very Good (740-799)
BOR102495,50,MD,53900.0,Full-time,Own,30.9,5.3,33,681,Good (680-739)
BOR102496,24,CA,23600.0,Full-time,Rent,38.3,4.8,1,722,Good (680-739)
BOR102497,44,OH,44000.0,Full-time,Mortgage,30.1,3.9,27,716,Good (680-739)
BOR102498,32,VA,26100.0,Full-time,Mortgage,28.4,12.4,13,626,Fair (620-679)
BOR102499,32,CA,34300.0,Self-employed,Own,34.1,6.5,10,704,Good (680-739)
BOR102500,63,TN,66500.0,Full-time,Rent,28.1,1.4,43,805,Exceptional (800+)
BOR102501,42,MO,45100.0,Retired,Own,31.3,2.5,24,696,Good (680-739)
BOR102502,38,WI,98800.0,Full-time,Mortgage,46.3,0.5,16,739,Good (680-739)
BOR102503,42,WA,45100.0,Full-time,Rent,27.7,2.8,25,725,Good (680-739)
BOR102504,51,TN,72100.0,Full-time,Own,30.7,7.7,28,700,Good (680-739)
BOR102505,33,MI,66700.0,Full-time,Mortgage,24.4,2.0,17,692,Good (680-739)
BOR102506,35,TX,46400.0,Full-time,Own,43.1,1.2,19,716,Good (680-739)
BOR102507,49,FL,25800.0,Full-time,Own,15.1,0.7,30,730,Good (680-739)
BOR102508,23,IN,44500.0,Full-time,Mortgage,23.7,1.2,4,592,Poor (<620)
BOR102509,53,NH,36700.0,Full-time,Mortgage,39.1,1.0,33,696,Good (680-739)
BOR102510,22,CA,36100.0,Full-time,Rent,30.5,0.0,2,668,Fair (620-679)
BOR102511,38,AZ,50000.0,Retired,Rent,40.8,4.7,20,655,Fair (620-679)
BOR102512,22,CO,24300.0,Full-time,Other,30.1,2.3,4,764,Very Good (740-799)
BOR102513,28,NV,31500.0,Full-time,Rent,25.3,1.4,10,632,Fair (620-679)
BOR102514,57,AZ,29600.0,Unemployed,Other,30.8,1.0,34,589,Poor (<620)
BOR102515,54,TN,41600.0,Full-time,Mortgage,19.1,1.8,31,732,Good (680-739)
BOR102516,55,MD,33000.0,Retired,Own,23.7,4.9,35,588,Poor (<620)
BOR102517,24,LA,34000.0,Retired,Mortgage,41.1,8.8,6,555,Poor (<620)
BOR102518,28,NY,49600.0,Part-time,Mortgage,29.4,2.0,8,739,Good (680-739)
BOR102519,45,MS,38200.0,Full-time,Rent,31.7,0.2,26,690,Good (680-739)
BOR102520,50,CA,46700.0,Self-employed,Rent,33.2,11.5,34,711,Good (680-739)
BOR102521,31,NV,28200.0,Full-time,Other,16.3,1.5,13,651,Fair (620-679)
BOR102522,34,TX,32100.0,Full-time,Mortgage,16.4,0.2,16,590,Poor (<620)
BOR102523,27,PA,116800.0,Full-time,Rent,35.8,8.0,7,603,Poor (<620)
BOR102524,61,CA,34100.0,Full-time,Rent,27.9,5.6,39,662,Fair (620-679)
BOR102525,35,NJ,18100.0,Full-time,Own,29.8,2.0,13,597,Poor (<620)
BOR102526,41,NC,54400.0,Self-employed,Rent,38.2,10.1,18,700,Good (680-739)
BOR102527,42,PA,33900.0,Full-time,Rent,22.7,2.2,19,650,Fair (620-679)
BOR102528,54,NJ,52000.0,Full-time,Mortgage,26.3,0.5,37,692,Good (680-739)
BOR102529,30,NJ,44800.0,Full-time,Mortgage,28.5,11.8,11,690,Good (680-739)
BOR102530,55,CO,59700.0,Full-time,Rent,35.4,4.9,38,705,Good (680-739)
BOR102531,26,LA,44600.0,Self-employed,Rent,28.4,7.8,7,712,Good (680-739)
BOR102532,55,IN,42100.0,Self-employed,Mortgage,25.7,1.1,33,658,Fair (620-679)
BOR102533,20,NY,78200.0,Full-time,Rent,48.9,4.5,1,692,Good (680-739)
BOR102534,40,GA,18000.0,Part-time,Mortgage,32.4,3.2,19,695,Good (680-739)
BOR102535,61,MS,25700.0,Self-employed,Mortgage,38.5,3.2,38,522,Poor (<620)
BOR102536,49,FL,32200.0,Full-time,Own,13.9,5.2,26,722,Good (680-739)
BOR102537,46,NJ,21800.0,Full-time,Mortgage,19.1,2.4,30,690,Good (680-739)
BOR102538,28,NM,37600.0,Full-time,Mortgage,37.9,0.1,10,717,Good (680-739)
BOR102539,32,UT,35900.0,Full-time,Rent,29.6,3.0,9,596,Poor (<620)
BOR102540,57,NJ,72300.0,Retired,Other,28.1,8.5,38,659,Fair (620-679)
BOR102541,47,MO,44800.0,Part-time,Other,22.5,2.6,25,609,Poor (<620)
BOR102542,52,NJ,42400.0,Full-time,Mortgage,41.7,1.3,33,728,Good (680-739)
BOR102543,42,CO,39300.0,Full-time,Rent,38.5,0.7,23,589,Poor (<620)
BOR102544,38,CA,29000.0,Part-time,Other,31.3,5.7,20,620,Fair (620-679)
BOR102545,50,NY,69600.0,Retired,Rent,34.5,4.3,30,715,Good (680-739)
BOR102546,44,TN,80400.0,Retired,Mortgage,29.0,2.9,28,639,Fair (620-679)
BOR102547,39,IL,27000.0,Part-time,Own,25.2,5.8,16,620,Fair (620-679)
BOR102548,24,IN,96700.0,Full-time,Own,26.8,2.6,2,739,Good (680-739)
BOR102549,52,NC,34500.0,Full-time,Rent,39.6,12.2,35,742,Very Good (740-799)
BOR102550,46,LA,33200.0,Full-time,Mortgage,28.1,1.7,26,727,Good (680-739)
BOR102551,34,NV,57700.0,Full-time,Mortgage,32.6,0.6,11,735,Good (680-739)
BOR102552,55,WA,60000.0,Full-time,Rent,27.7,0.2,39,665,Fair (620-679)
BOR102553,44,MN,45200.0,Retired,Rent,41.4,4.4,27,667,Fair (620-679)
BOR102554,44,OH,39900.0,Self-employed,Mortgage,25.5,6.1,24,638,Fair (620-679)
BOR102555,52,WA,79000.0,Full-time,Rent,47.3,3.6,29,691,Good (680-739)
BOR102556,49,PA,35200.0,Full-time,Mortgage,26.3,1.0,33,646,Fair (620-679)
BOR102557,45,LA,45200.0,Full-time,Mortgage,26.3,0.9,29,652,Fair (620-679)
BOR102558,39,NV,99900.0,Full-time,Rent,52.0,6.1,20,719,Good (680-739)
BOR102559,65,MS,25500.0,Self-employed,Rent,21.3,3.4,44,757,Very Good (740-799)
BOR102560,32,LA,37900.0,Self-employed,Own,31.6,5.7,11,706,Good (680-739)
BOR102561,50,UT,74000.0,Self-employed,Own,42.1,5.8,34,797,Very Good (740-799)
BOR102562,40,IL,59100.0,Full-time,Rent,16.6,2.6,21,634,Fair (620-679)
BOR102563,46,MS,69700.0,Full-time,Other,34.6,7.3,27,561,Poor (<620)
BOR102564,56,MA,25700.0,Retired,Rent,16.6,4.2,37,726,Good (680-739)
BOR102565,37,NJ,53900.0,Full-time,Own,32.4,1.1,21,630,Fair (620-679)
BOR102566,48,AZ,41000.0,Full-time,Own,52.4,0.4,29,662,Fair (620-679)
BOR102567,44,NC,129600.0,Full-time,Own,8.5,3.0,28,565,Poor (<620)
BOR102568,33,GA,67100.0,Full-time,Mortgage,31.2,4.1,14,622,Fair (620-679)
BOR102569,56,OH,46200.0,Full-time,Rent,27.5,5.0,34,582,Poor (<620)
BOR102570,50,TX,53000.0,Full-time,Own,21.9,4.9,34,652,Fair (620-679)
BOR102571,36,WA,47800.0,Part-time,Own,16.7,8.0,13,654,Fair (620-679)
BOR102572,54,LA,63900.0,Full-time,Rent,43.0,0.3,34,686,Good (680-739)
BOR102573,31,TN,31700.0,Full-time,Mortgage,34.0,2.4,10,761,Very Good (740-799)
BOR102574,41,WA,86200.0,Full-time,Mortgage,13.4,2.5,22,724,Good (680-739)
BOR102575,36,NJ,25700.0,Self-employed,Rent,22.6,2.6,14,575,Poor (<620)
BOR102576,50,VA,51100.0,Full-time,Own,26.5,24.7,32,720,Good (680-739)
BOR102577,35,IL,32200.0,Full-time,Rent,16.3,10.9,18,687,Good (680-739)
BOR102578,50,NV,47500.0,Full-time,Own,32.9,3.8,31,674,Fair (620-679)
BOR102579,48,PA,72700.0,Full-time,Mortgage,34.6,2.8,28,679,Fair (620-679)
BOR102580,36,MD,21600.0,Full-time,Mortgage,34.4,1.3,14,693,Good (680-739)
BOR102581,63,CO,43200.0,Part-time,Rent,52.2,0.8,44,635,Fair (620-679)
BOR102582,32,MA,24400.0,Full-time,Mortgage,22.6,1.9,16,668,Fair (620-679)
BOR102583,24,LA,41100.0,Full-time,Rent,27.3,1.1,2,757,Very Good (740-799)
BOR102584,51,GA,24400.0,Full-time,Rent,26.7,4.4,29,634,Fair (620-679)
BOR102585,19,LA,50200.0,Full-time,Mortgage,40.5,8.0,1,613,Poor (<620)
BOR102586,59,MD,38500.0,Full-time,Mortgage,39.5,11.8,43,676,Fair (620-679)
BOR102587,42,MN,65300.0,Full-time,Own,20.7,1.5,19,607,Poor (<620)
BOR102588,24,IN,81100.0,Full-time,Rent,46.5,18.8,3,568,Poor (<620)
BOR102589,30,NV,46900.0,Full-time,Own,22.9,0.7,7,658,Fair (620-679)
BOR102590,21,NH,69700.0,Full-time,Mortgage,40.5,1.5,4,774,Very Good (740-799)
BOR102591,46,NJ,86900.0,Full-time,Mortgage,39.9,7.0,28,677,Fair (620-679)
BOR102592,25,NV,30800.0,Self-employed,Mortgage,36.0,3.1,8,692,Good (680-739)
BOR102593,47,WI,88900.0,Full-time,Own,28.7,11.9,26,542,Poor (<620)
BOR102594,37,NJ,45900.0,Retired,Mortgage,28.9,1.0,19,708,Good (680-739)
BOR102595,35,MS,30000.0,Full-time,Rent,36.8,3.4,12,686,Good (680-739)
BOR102596,47,MI,53300.0,Full-time,Mortgage,37.3,8.1,28,637,Fair (620-679)
BOR102597,48,AZ,45100.0,Full-time,Rent,39.1,10.1,30,692,Good (680-739)
BOR102598,55,FL,24800.0,Full-time,Mortgage,39.1,2.7,35,691,Good (680-739)
BOR102599,33,IL,28400.0,Full-time,Own,35.4,9.8,11,611,Poor (<620)
BOR102600,41,NV,97400.0,Full-time,Rent,46.1,1.0,22,702,Good (680-739)
BOR102601,33,MI,52900.0,Part-time,Rent,26.0,0.6,17,758,Very Good (740-799)
BOR102602,43,MI,90800.0,Full-time,Rent,32.4,3.4,20,665,Fair (620-679)
BOR102603,32,OH,38700.0,Full-time,Own,26.4,1.0,13,624,Fair (620-679)
BOR102604,36,WA,32500.0,Part-time,Rent,56.4,3.1,20,668,Fair (620-679)
BOR102605,36,NV,21900.0,Full-time,Rent,39.6,1.4,15,736,Good (680-739)
BOR102606,45,LA,72100.0,Self-employed,Other,42.1,1.6,24,600,Poor (<620)
BOR102607,41,TX,56100.0,Self-employed,Rent,36.5,0.4,23,718,Good (680-739)
BOR102608,47,MA,38800.0,Full-time,Mortgage,31.4,9.7,30,636,Fair (620-679)
BOR102609,40,VA,32600.0,Full-time,Rent,58.7,7.7,17,696,Good (680-739)
BOR102610,34,TN,77400.0,Unemployed,Own,44.2,2.9,12,643,Fair (620-679)
BOR102611,43,NJ,43100.0,Self-employed,Mortgage,28.8,2.8,22,643,Fair (620-679)
BOR102612,30,MI,43300.0,Retired,Rent,29.3,0.9,12,779,Very Good (740-799)
BOR102613,48,VA,35600.0,Full-time,Mortgage,34.2,4.5,28,588,Poor (<620)
BOR102614,38,MA,38800.0,Full-time,Own,26.6,1.4,18,712,Good (680-739)
BOR102615,43,WA,59700.0,Full-time,Own,28.5,1.2,21,793,Very Good (740-799)
BOR102616,44,VA,24700.0,Full-time,Own,16.8,0.3,21,725,Good (680-739)
BOR102617,60,NV,48400.0,Full-time,Rent,8.0,1.5,39,593,Poor (<620)
BOR102618,46,WI,71700.0,Part-time,Rent,51.8,6.7,25,597,Poor (<620)
BOR102619,42,NC,44900.0,Full-time,Rent,26.9,3.1,25,631,Fair (620-679)
BOR102620,33,MN,74900.0,Self-employed,Rent,29.0,1.2,17,690,Good (680-739)
BOR102621,51,NV,85200.0,Full-time,Mortgage,32.7,4.0,29,695,Good (680-739)
BOR102622,38,PA,70000.0,Unemployed,Rent,39.0,0.7,22,597,Poor (<620)
BOR102623,23,MA,36600.0,Full-time,Mortgage,39.8,3.2,3,623,Fair (620-679)
BOR102624,39,GA,45900.0,Retired,Rent,42.3,0.7,19,627,Fair (620-679)
BOR102625,43,WI,54500.0,Full-time,Rent,37.7,1.5,26,668,Fair (620-679)
BOR102626,31,OH,37700.0,Full-time,Other,29.3,5.3,13,809,Exceptional (800+)
BOR102627,40,MO,37200.0,Self-employed,Rent,44.6,11.5,17,619,Poor (<620)
BOR102628,40,OH,36200.0,Full-time,Own,30.2,2.2,19,616,Poor (<620)
BOR102629,40,WA,146500.0,Full-time,Rent,42.3,1.8,21,606,Poor (<620)
BOR102630,56,NM,41300.0,Full-time,Own,16.6,1.9,35,721,Good (680-739)
BOR102631,25,MI,75400.0,Retired,Rent,45.0,2.7,9,677,Fair (620-679)
BOR102632,65,LA,31500.0,Unemployed,Own,23.1,0.5,48,622,Fair (620-679)
BOR102633,41,NH,100300.0,Full-time,Mortgage,17.5,0.5,18,656,Fair (620-679)
BOR102634,48,LA,39300.0,Full-time,Rent,19.0,6.8,26,629,Fair (620-679)
BOR102635,43,PA,47800.0,Full-time,Mortgage,34.0,0.0,26,699,Good (680-739)
BOR102636,20,NV,20400.0,Full-time,Own,54.9,7.0,3,850,Exceptional (800+)
BOR102637,28,CA,77100.0,Full-time,Mortgage,30.0,7.3,9,716,Good (680-739)
BOR102638,35,MI,85000.0,Full-time,Own,30.9,2.3,16,674,Fair (620-679)
BOR102639,53,LA,27300.0,Full-time,Mortgage,39.7,0.9,33,637,Fair (620-679)
BOR102640,24,MD,79100.0,Self-employed,Rent,26.2,3.9,2,593,Poor (<620)
BOR102641,31,AZ,25500.0,Retired,Rent,30.5,7.3,9,728,Good (680-739)
BOR102642,43,MI,62000.0,Full-time,Rent,28.5,5.9,22,724,Good (680-739)
BOR102643,47,NV,41000.0,Full-time,Mortgage,51.7,3.8,31,650,Fair (620-679)
BOR102644,46,MD,85100.0,Full-time,Rent,32.8,0.0,27,759,Very Good (740-799)
BOR102645,29,VA,52200.0,Full-time,Rent,39.5,8.2,8,681,Good (680-739)
BOR102646,22,LA,70900.0,Full-time,Mortgage,24.9,8.2,1,730,Good (680-739)
BOR102647,47,IL,81400.0,Full-time,Mortgage,20.6,2.6,26,699,Good (680-739)
BOR102648,58,PA,40900.0,Full-time,Mortgage,38.6,2.5,36,668,Fair (620-679)
BOR102649,37,IN,46000.0,Self-employed,Own,34.5,0.4,19,618,Poor (<620)
BOR102650,27,UT,28300.0,Full-time,Mortgage,42.3,3.9,5,671,Fair (620-679)
BOR102651,36,OH,40700.0,Part-time,Rent,23.1,6.5,14,735,Good (680-739)
BOR102652,46,OH,111000.0,Full-time,Own,31.1,1.0,29,647,Fair (620-679)
BOR102653,38,NY,65500.0,Full-time,Rent,19.1,1.1,21,709,Good (680-739)
BOR102654,58,LA,29100.0,Full-time,Mortgage,27.1,0.1,40,610,Poor (<620)
BOR102655,52,IL,97200.0,Self-employed,Mortgage,17.5,6.1,29,731,Good (680-739)
BOR102656,43,WA,55600.0,Full-time,Rent,29.2,1.5,23,700,Good (680-739)
BOR102657,19,NH,67800.0,Full-time,Mortgage,45.1,6.9,1,602,Poor (<620)
BOR102658,33,CA,58100.0,Self-employed,Mortgage,23.4,0.5,14,665,Fair (620-679)
BOR102659,34,AZ,56300.0,Full-time,Rent,23.3,0.4,13,741,Very Good (740-799)
BOR102660,32,WA,19000.0,Full-time,Rent,30.3,4.4,9,598,Poor (<620)
BOR102661,43,NV,76700.0,Full-time,Rent,30.2,1.6,25,610,Poor (<620)
BOR102662,44,NC,18000.0,Retired,Rent,39.7,2.8,23,675,Fair (620-679)
BOR102663,21,NJ,73700.0,Full-time,Mortgage,19.0,0.2,2,819,Exceptional (800+)
BOR102664,51,PA,48800.0,Full-time,Own,7.0,1.5,28,636,Fair (620-679)
BOR102665,41,WI,67900.0,Unemployed,Mortgage,32.6,16.8,19,712,Good (680-739)
BOR102666,45,MN,50100.0,Full-time,Own,48.9,2.2,24,697,Good (680-739)
BOR102667,50,NY,74600.0,Full-time,Mortgage,30.1,13.9,33,642,Fair (620-679)
BOR102668,32,MI,47000.0,Full-time,Own,36.0,3.2,9,690,Good (680-739)
BOR102669,56,LA,52900.0,Full-time,Rent,31.2,6.4,38,651,Fair (620-679)
BOR102670,39,CA,55900.0,Full-time,Rent,39.5,10.0,20,657,Fair (620-679)
BOR102671,59,GA,108600.0,Full-time,Own,29.1,5.0,40,572,Poor (<620)
BOR102672,30,AZ,61100.0,Full-time,Rent,31.3,1.0,9,678,Fair (620-679)
BOR102673,58,NC,25800.0,Full-time,Rent,48.4,0.4,36,738,Good (680-739)
BOR102674,30,OH,36200.0,Full-time,Own,43.4,2.1,7,684,Good (680-739)
BOR102675,72,NJ,61000.0,Full-time,Own,25.1,10.7,55,751,Very Good (740-799)
BOR102676,30,PA,82200.0,Retired,Mortgage,25.3,3.4,8,718,Good (680-739)
BOR102677,54,AZ,33700.0,Full-time,Own,26.0,6.0,38,676,Fair (620-679)
BOR102678,37,MD,127800.0,Retired,Own,20.8,0.6,17,639,Fair (620-679)
BOR102679,50,MA,50500.0,Retired,Rent,26.5,16.5,27,648,Fair (620-679)
BOR102680,41,FL,56300.0,Full-time,Rent,30.8,2.9,19,584,Poor (<620)
BOR102681,28,NV,26500.0,Full-time,Rent,24.3,6.6,5,663,Fair (620-679)
BOR102682,19,PA,77000.0,Self-employed,Own,37.1,0.2,3,689,Good (680-739)
BOR102683,71,CO,38200.0,Part-time,Rent,15.3,7.3,51,792,Very Good (740-799)
BOR102684,42,NC,33300.0,Part-time,Own,20.2,4.7,26,714,Good (680-739)
BOR102685,19,MN,40400.0,Full-time,Mortgage,38.6,4.8,1,624,Fair (620-679)
BOR102686,45,IL,86900.0,Retired,Own,51.0,2.0,28,586,Poor (<620)
BOR102687,49,PA,57500.0,Full-time,Mortgage,34.5,1.0,32,667,Fair (620-679)
BOR102688,32,WA,31300.0,Full-time,Rent,23.7,6.7,14,733,Good (680-739)
BOR102689,32,CA,36700.0,Self-employed,Own,20.9,0.5,10,666,Fair (620-679)
BOR102690,41,IL,87900.0,Full-time,Mortgage,28.2,3.6,23,715,Good (680-739)
BOR102691,55,MD,41900.0,Full-time,Rent,44.7,9.7,33,668,Fair (620-679)
BOR102692,42,NV,60000.0,Part-time,Own,37.1,6.4,22,727,Good (680-739)
BOR102693,59,TX,67000.0,Retired,Rent,19.6,10.3,42,576,Poor (<620)
BOR102694,55,LA,18000.0,Full-time,Rent,35.6,9.9,38,784,Very Good (740-799)
BOR102695,38,MN,82400.0,Full-time,Own,46.3,0.6,17,608,Poor (<620)
BOR102696,22,LA,31800.0,Full-time,Own,43.8,1.0,1,732,Good (680-739)
BOR102697,38,MD,39600.0,Full-time,Mortgage,45.3,0.4,21,662,Fair (620-679)
BOR102698,47,MO,93200.0,Full-time,Rent,40.0,7.8,28,672,Fair (620-679)
BOR102699,42,WA,89400.0,Full-time,Rent,19.2,10.6,23,664,Fair (620-679)
BOR102700,49,IN,58200.0,Full-time,Rent,23.9,1.4,30,697,Good (680-739)
BOR102701,51,MS,64700.0,Full-time,Rent,49.4,16.2,33,710,Good (680-739)
BOR102702,47,FL,72400.0,Full-time,Mortgage,28.6,0.9,24,749,Very Good (740-799)
BOR102703,38,GA,88700.0,Full-time,Rent,13.0,1.9,16,772,Very Good (740-799)
BOR102704,47,TX,94000.0,Self-employed,Rent,38.1,4.9,29,702,Good (680-739)
BOR102705,68,NM,48900.0,Full-time,Mortgage,42.6,2.1,49,791,Very Good (740-799)
BOR102706,23,NJ,33500.0,Full-time,Rent,31.2,0.4,1,686,Good (680-739)
BOR102707,47,MO,41600.0,Self-employed,Rent,37.5,11.0,25,750,Very Good (740-799)
BOR102708,63,NV,49400.0,Self-employed,Rent,23.7,1.2,43,708,Good (680-739)
BOR102709,27,NH,45500.0,Part-time,Rent,27.4,2.8,7,644,Fair (620-679)
BOR102710,53,PA,29600.0,Full-time,Rent,13.9,5.7,31,692,Good (680-739)
BOR102711,55,MN,56800.0,Full-time,Rent,21.3,8.8,36,713,Good (680-739)
BOR102712,23,LA,23000.0,Full-time,Mortgage,46.4,10.0,1,678,Fair (620-679)
BOR102713,50,TX,48500.0,Self-employed,Rent,5.0,1.8,29,707,Good (680-739)
BOR102714,38,CO,49900.0,Full-time,Rent,28.1,7.7,19,736,Good (680-739)
BOR102715,40,NC,49100.0,Full-time,Rent,26.7,0.8,24,678,Fair (620-679)
BOR102716,37,IN,68400.0,Full-time,Rent,37.9,7.2,15,500,Poor (<620)
BOR102717,57,WA,64400.0,Full-time,Own,10.7,8.1,37,789,Very Good (740-799)
BOR102718,40,OH,126800.0,Full-time,Mortgage,24.4,10.4,20,661,Fair (620-679)
BOR102719,35,NY,36900.0,Full-time,Mortgage,26.1,3.6,18,626,Fair (620-679)
BOR102720,36,FL,52900.0,Full-time,Own,36.1,0.1,14,607,Poor (<620)
BOR102721,37,FL,51400.0,Full-time,Rent,31.9,4.4,15,658,Fair (620-679)
BOR102722,28,IN,50300.0,Full-time,Mortgage,15.4,0.5,12,643,Fair (620-679)
BOR102723,35,NC,26400.0,Full-time,Mortgage,28.6,0.9,13,632,Fair (620-679)
BOR102724,42,IL,27400.0,Full-time,Rent,24.2,5.2,23,636,Fair (620-679)
BOR102725,46,MD,46800.0,Full-time,Rent,36.6,10.6,25,714,Good (680-739)
BOR102726,55,MD,22900.0,Full-time,Own,29.5,1.6,32,812,Exceptional (800+)
BOR102727,44,AZ,40100.0,Full-time,Mortgage,49.5,0.8,21,733,Good (680-739)
BOR102728,35,MS,34800.0,Full-time,Rent,25.4,5.5,13,753,Very Good (740-799)
BOR102729,29,MI,40800.0,Full-time,Own,26.3,3.4,12,655,Fair (620-679)
BOR102730,45,NV,77600.0,Full-time,Rent,26.7,2.2,25,687,Good (680-739)
BOR102731,40,TX,28700.0,Unemployed,Rent,30.1,3.5,23,708,Good (680-739)
BOR102732,40,WI,69000.0,Full-time,Rent,40.4,0.6,18,637,Fair (620-679)
BOR102733,44,NH,36100.0,Full-time,Mortgage,27.6,2.2,23,652,Fair (620-679)
BOR102734,47,NV,38100.0,Full-time,Rent,28.0,4.8,29,736,Good (680-739)
BOR102735,44,MA,57500.0,Full-time,Own,35.6,4.7,27,751,Very Good (740-799)
BOR102736,39,TN,41200.0,Full-time,Rent,22.5,0.7,16,684,Good (680-739)
BOR102737,31,NC,31200.0,Part-time,Mortgage,38.3,9.3,11,602,Poor (<620)
BOR102738,34,MO,39500.0,Full-time,Mortgage,28.2,4.5,13,661,Fair (620-679)
BOR102739,51,MN,21000.0,Full-time,Rent,23.0,2.5,30,586,Poor (<620)
BOR102740,36,NH,55400.0,Part-time,Mortgage,13.6,4.3,15,685,Good (680-739)
BOR102741,25,WA,18000.0,Full-time,Mortgage,21.0,9.2,8,697,Good (680-739)
BOR102742,55,TX,69500.0,Full-time,Own,29.9,0.7,38,662,Fair (620-679)
BOR102743,30,TN,61500.0,Self-employed,Rent,31.1,3.4,11,696,Good (680-739)
BOR102744,41,FL,95900.0,Retired,Mortgage,29.2,0.7,18,707,Good (680-739)
BOR102745,47,OH,124500.0,Full-time,Mortgage,17.2,2.3,25,697,Good (680-739)
BOR102746,41,NC,71000.0,Full-time,Mortgage,29.9,6.8,18,602,Poor (<620)
BOR102747,19,MD,35200.0,Full-time,Rent,16.5,1.5,1,664,Fair (620-679)
BOR102748,46,PA,124000.0,Full-time,Rent,19.3,2.4,28,707,Good (680-739)
BOR102749,57,PA,27200.0,Part-time,Own,42.9,1.0,36,783,Very Good (740-799)
BOR102750,50,TX,19800.0,Full-time,Own,30.6,7.1,34,662,Fair (620-679)
BOR102751,19,LA,107300.0,Full-time,Rent,36.2,3.0,1,716,Good (680-739)
BOR102752,67,MD,61100.0,Full-time,Mortgage,46.0,0.2,45,737,Good (680-739)
BOR102753,25,TX,20000.0,Full-time,Other,31.1,2.9,3,667,Fair (620-679)
BOR102754,28,CA,25300.0,Full-time,Mortgage,41.3,2.2,6,755,Very Good (740-799)
BOR102755,50,AZ,59800.0,Full-time,Own,35.6,4.3,28,758,Very Good (740-799)
BOR102756,46,GA,31500.0,Full-time,Own,24.5,2.5,26,770,Very Good (740-799)
BOR102757,42,TN,33600.0,Full-time,Rent,30.2,1.2,24,710,Good (680-739)
BOR102758,34,NJ,113000.0,Part-time,Mortgage,24.2,5.8,11,833,Exceptional (800+)
BOR102759,57,MS,122600.0,Full-time,Mortgage,37.8,0.4,40,640,Fair (620-679)
BOR102760,41,GA,49800.0,Self-employed,Own,41.6,2.3,18,818,Exceptional (800+)
BOR102761,22,MO,43600.0,Full-time,Own,18.0,3.2,1,730,Good (680-739)
BOR102762,56,TX,70000.0,Self-employed,Mortgage,22.9,2.0,34,767,Very Good (740-799)
BOR102763,44,UT,36200.0,Full-time,Mortgage,28.1,0.1,25,659,Fair (620-679)
BOR102764,54,NH,18000.0,Full-time,Rent,23.5,5.0,33,735,Good (680-739)
BOR102765,48,WI,18000.0,Retired,Own,29.3,5.3,27,773,Very Good (740-799)
BOR102766,70,VA,45100.0,Full-time,Mortgage,35.3,0.1,48,609,Poor (<620)
BOR102767,37,IL,69300.0,Full-time,Other,44.5,3.2,19,669,Fair (620-679)
BOR102768,41,NV,47000.0,Retired,Rent,26.6,8.9,20,541,Poor (<620)
BOR102769,50,WI,67100.0,Full-time,Other,26.1,8.1,33,668,Fair (620-679)
BOR102770,37,IL,70200.0,Part-time,Own,35.4,0.9,14,627,Fair (620-679)
BOR102771,51,NJ,87000.0,Full-time,Mortgage,31.1,3.2,31,666,Fair (620-679)
BOR102772,19,VA,50700.0,Self-employed,Mortgage,16.1,19.3,1,850,Exceptional (800+)
BOR102773,40,NV,52800.0,Retired,Rent,23.0,4.3,24,792,Very Good (740-799)
BOR102774,40,MO,45900.0,Full-time,Rent,28.1,7.3,22,586,Poor (<620)
BOR102775,39,IN,41500.0,Full-time,Rent,39.4,1.2,19,716,Good (680-739)
BOR102776,30,IN,23000.0,Full-time,Mortgage,42.7,6.8,7,732,Good (680-739)
BOR102777,52,OH,79000.0,Full-time,Rent,21.0,0.5,35,658,Fair (620-679)
BOR102778,35,MI,39200.0,Full-time,Rent,23.9,0.8,16,692,Good (680-739)
BOR102779,43,TX,38200.0,Full-time,Rent,40.2,9.0,26,698,Good (680-739)
BOR102780,41,MN,36500.0,Full-time,Rent,27.0,0.4,19,592,Poor (<620)
BOR102781,47,NJ,25500.0,Retired,Rent,35.2,5.1,28,613,Poor (<620)
BOR102782,58,NJ,44900.0,Part-time,Own,29.7,3.0,41,691,Good (680-739)
BOR102783,43,OH,58800.0,Full-time,Rent,31.9,11.1,23,686,Good (680-739)
BOR102784,51,IL,33900.0,Full-time,Mortgage,27.5,4.3,30,634,Fair (620-679)
BOR102785,43,MA,74400.0,Self-employed,Rent,42.8,2.5,21,628,Fair (620-679)
BOR102786,35,IL,39500.0,Full-time,Mortgage,16.1,2.5,17,674,Fair (620-679)
BOR102787,39,TX,23400.0,Unemployed,Rent,27.6,2.3,21,738,Good (680-739)
BOR102788,38,CO,86500.0,Full-time,Mortgage,41.8,0.7,17,675,Fair (620-679)
BOR102789,48,MI,51000.0,Full-time,Own,29.5,2.9,28,785,Very Good (740-799)
BOR102790,42,MI,68800.0,Full-time,Rent,30.4,14.8,25,635,Fair (620-679)
BOR102791,31,NJ,69500.0,Full-time,Rent,41.1,2.9,11,693,Good (680-739)
BOR102792,38,NV,30500.0,Full-time,Rent,36.1,11.2,18,657,Fair (620-679)
BOR102793,23,NC,36900.0,Full-time,Rent,40.0,0.3,6,718,Good (680-739)
BOR102794,39,CO,74300.0,Full-time,Mortgage,43.5,5.9,16,629,Fair (620-679)
BOR102795,41,NM,106500.0,Full-time,Own,17.1,1.3,25,805,Exceptional (800+)
BOR102796,63,IN,48000.0,Full-time,Mortgage,26.9,4.8,42,570,Poor (<620)
BOR102797,57,NJ,35200.0,Full-time,Mortgage,23.2,4.9,37,792,Very Good (740-799)
BOR102798,29,CO,99400.0,Full-time,Mortgage,34.7,9.8,11,686,Good (680-739)
BOR102799,43,NJ,35200.0,Full-time,Mortgage,41.8,17.1,23,716,Good (680-739)
BOR102800,44,NJ,54100.0,Retired,Other,6.4,10.2,26,767,Very Good (740-799)
BOR102801,38,WA,38500.0,Full-time,Own,15.6,0.9,15,736,Good (680-739)
BOR102802,39,GA,52600.0,Full-time,Rent,10.7,3.4,20,633,Fair (620-679)
BOR102803,37,FL,30500.0,Retired,Rent,22.8,3.0,17,719,Good (680-739)
BOR102804,63,NJ,39400.0,Part-time,Rent,31.7,6.2,45,801,Exceptional (800+)
BOR102805,36,NY,35200.0,Full-time,Rent,47.4,4.8,19,622,Fair (620-679)
BOR102806,45,NJ,62800.0,Self-employed,Rent,18.1,2.1,28,818,Exceptional (800+)
BOR102807,19,AZ,50200.0,Self-employed,Rent,55.1,2.5,1,705,Good (680-739)
BOR102808,51,MS,69300.0,Part-time,Mortgage,36.4,6.5,28,652,Fair (620-679)
BOR102809,55,CA,32200.0,Full-time,Mortgage,36.7,6.1,39,622,Fair (620-679)
BOR102810,28,TN,42500.0,Full-time,Rent,38.3,3.3,11,665,Fair (620-679)
BOR102811,35,NJ,61800.0,Retired,Mortgage,17.0,2.4,14,553,Poor (<620)
BOR102812,46,CA,68600.0,Full-time,Rent,25.2,2.3,29,653,Fair (620-679)
BOR102813,41,OH,24300.0,Self-employed,Mortgage,20.9,5.1,19,663,Fair (620-679)
BOR102814,47,FL,53800.0,Full-time,Rent,37.5,12.2,25,610,Poor (<620)
BOR102815,38,IL,32300.0,Part-time,Mortgage,22.0,0.7,21,729,Good (680-739)
BOR102816,63,OH,70200.0,Unemployed,Mortgage,28.9,1.0,47,666,Fair (620-679)
BOR102817,33,NJ,107700.0,Full-time,Rent,24.3,4.3,15,639,Fair (620-679)
BOR102818,73,AZ,18000.0,Full-time,Mortgage,45.3,1.4,55,659,Fair (620-679)
BOR102819,56,CA,34700.0,Self-employed,Mortgage,24.9,0.5,40,703,Good (680-739)
BOR102820,51,PA,52500.0,Part-time,Rent,20.0,0.3,28,685,Good (680-739)
BOR102821,29,FL,46500.0,Part-time,Own,35.8,0.2,12,634,Fair (620-679)
BOR102822,52,AZ,71200.0,Unemployed,Mortgage,30.4,3.0,32,688,Good (680-739)
BOR102823,48,NC,48300.0,Full-time,Rent,45.0,11.4,30,677,Fair (620-679)
BOR102824,19,AZ,36700.0,Full-time,Own,34.1,1.6,2,606,Poor (<620)
BOR102825,24,IL,29500.0,Full-time,Mortgage,33.7,5.6,6,661,Fair (620-679)
BOR102826,45,CA,27300.0,Full-time,Rent,39.8,16.0,28,718,Good (680-739)
BOR102827,39,NM,33400.0,Full-time,Mortgage,35.6,14.0,20,717,Good (680-739)
BOR102828,35,FL,36200.0,Full-time,Mortgage,38.9,4.4,15,665,Fair (620-679)
BOR102829,54,NY,55400.0,Full-time,Rent,38.1,5.0,31,724,Good (680-739)
BOR102830,30,NY,43500.0,Full-time,Other,27.7,1.3,9,616,Poor (<620)
BOR102831,36,NH,34800.0,Full-time,Mortgage,19.0,5.2,20,618,Poor (<620)
BOR102832,33,TN,29600.0,Part-time,Mortgage,29.2,5.3,16,664,Fair (620-679)
BOR102833,47,TN,34000.0,Full-time,Other,10.9,3.8,29,777,Very Good (740-799)
BOR102834,20,NH,36200.0,Full-time,Rent,23.6,0.8,1,691,Good (680-739)
BOR102835,35,FL,33300.0,Full-time,Rent,27.1,0.3,18,662,Fair (620-679)
BOR102836,20,NH,63100.0,Full-time,Own,44.0,3.7,1,780,Very Good (740-799)
BOR102837,37,PA,86300.0,Self-employed,Rent,29.5,0.4,15,661,Fair (620-679)
BOR102838,50,TN,27500.0,Full-time,Rent,48.5,1.6,34,825,Exceptional (800+)
BOR102839,50,NJ,77200.0,Part-time,Mortgage,35.7,1.3,27,647,Fair (620-679)
BOR102840,32,MI,63700.0,Retired,Rent,14.7,5.4,11,614,Poor (<620)
BOR102841,47,MS,50600.0,Full-time,Own,42.5,7.7,28,669,Fair (620-679)
BOR102842,39,NY,92700.0,Full-time,Mortgage,41.4,0.0,22,664,Fair (620-679)
BOR102843,57,NH,43200.0,Retired,Rent,14.2,1.3,34,627,Fair (620-679)
BOR102844,39,MI,55900.0,Full-time,Own,38.3,1.6,21,849,Exceptional (800+)
BOR102845,19,IN,49300.0,Part-time,Other,45.5,2.5,1,701,Good (680-739)
BOR102846,52,UT,47700.0,Full-time,Rent,9.6,4.0,29,710,Good (680-739)
BOR102847,35,TX,57300.0,Full-time,Rent,20.3,4.0,17,650,Fair (620-679)
BOR102848,38,MS,47600.0,Self-employed,Own,40.5,15.7,22,642,Fair (620-679)
BOR102849,45,AZ,57500.0,Full-time,Rent,29.3,1.6,29,747,Very Good (740-799)
BOR102850,24,MD,34500.0,Full-time,Rent,45.9,2.3,4,571,Poor (<620)
BOR102851,42,NY,35000.0,Full-time,Own,40.6,0.9,19,606,Poor (<620)
BOR102852,47,AZ,34400.0,Self-employed,Rent,39.5,0.1,25,664,Fair (620-679)
BOR102853,45,MO,39600.0,Full-time,Mortgage,42.8,9.3,23,768,Very Good (740-799)
BOR102854,34,NJ,73600.0,Part-time,Rent,23.0,2.0,11,656,Fair (620-679)
BOR102855,53,PA,37900.0,Full-time,Rent,28.1,2.3,32,707,Good (680-739)
BOR102856,29,OH,62500.0,Full-time,Rent,50.6,8.8,12,682,Good (680-739)
BOR102857,33,LA,52500.0,Full-time,Mortgage,27.7,1.7,14,764,Very Good (740-799)
BOR102858,39,CA,38200.0,Full-time,Rent,42.1,3.8,21,577,Poor (<620)
BOR102859,45,MD,84000.0,Full-time,Mortgage,29.2,1.2,28,728,Good (680-739)
BOR102860,37,NH,64900.0,Full-time,Rent,23.5,5.1,17,667,Fair (620-679)
BOR102861,56,CA,46700.0,Full-time,Rent,21.3,11.3,38,740,Very Good (740-799)
BOR102862,45,PA,45000.0,Full-time,Rent,36.7,1.1,23,627,Fair (620-679)
BOR102863,42,MO,48600.0,Full-time,Rent,44.2,4.9,23,682,Good (680-739)
BOR102864,44,TX,23400.0,Full-time,Rent,36.1,5.9,24,673,Fair (620-679)
BOR102865,50,MA,32200.0,Full-time,Rent,33.7,2.6,29,615,Poor (<620)
BOR102866,44,MO,57400.0,Full-time,Rent,19.7,1.5,27,597,Poor (<620)
BOR102867,19,MA,22900.0,Retired,Mortgage,31.2,9.5,3,642,Fair (620-679)
BOR102868,54,NC,33300.0,Full-time,Rent,33.0,7.6,35,688,Good (680-739)
BOR102869,42,MD,39100.0,Retired,Rent,22.4,0.4,21,631,Fair (620-679)
BOR102870,49,TN,172200.0,Full-time,Rent,35.5,0.2,28,659,Fair (620-679)
BOR102871,36,IL,63100.0,Self-employed,Mortgage,24.3,3.0,15,557,Poor (<620)
BOR102872,19,AZ,76400.0,Full-time,Mortgage,27.3,1.4,1,656,Fair (620-679)
BOR102873,19,LA,32500.0,Full-time,Own,38.9,1.6,1,747,Very Good (740-799)
BOR102874,30,IN,54900.0,Full-time,Rent,47.2,0.2,8,726,Good (680-739)
BOR102875,47,VA,21100.0,Part-time,Mortgage,46.3,1.5,25,674,Fair (620-679)
BOR102876,57,NC,40200.0,Self-employed,Rent,29.8,3.8,37,696,Good (680-739)
BOR102877,45,TX,58500.0,Part-time,Mortgage,36.7,2.5,22,626,Fair (620-679)
BOR102878,28,OH,24600.0,Full-time,Rent,37.6,7.3,6,786,Very Good (740-799)
BOR102879,32,CA,55700.0,Full-time,Mortgage,37.5,0.1,16,814,Exceptional (800+)
BOR102880,57,NH,57800.0,Part-time,Rent,32.5,7.7,41,691,Good (680-739)
BOR102881,25,IL,35600.0,Full-time,Rent,44.2,5.8,2,848,Exceptional (800+)
BOR102882,66,NV,32000.0,Full-time,Rent,25.1,4.2,43,636,Fair (620-679)
BOR102883,64,PA,33800.0,Part-time,Own,19.8,7.5,42,599,Poor (<620)
BOR102884,67,GA,39900.0,Full-time,Rent,34.8,14.3,45,634,Fair (620-679)
BOR102885,46,NJ,40400.0,Full-time,Rent,28.1,2.4,26,666,Fair (620-679)
BOR102886,37,NC,58600.0,Self-employed,Mortgage,50.4,11.0,16,830,Exceptional (800+)
BOR102887,45,MN,36700.0,Retired,Mortgage,26.6,0.2,27,662,Fair (620-679)
BOR102888,52,UT,95900.0,Full-time,Rent,41.6,1.8,32,624,Fair (620-679)
BOR102889,33,LA,95600.0,Unemployed,Rent,36.0,7.1,16,622,Fair (620-679)
BOR102890,28,PA,51900.0,Self-employed,Rent,17.3,2.2,8,754,Very Good (740-799)
BOR102891,38,MN,39900.0,Full-time,Rent,37.2,5.1,22,745,Very Good (740-799)
BOR102892,32,NY,36700.0,Part-time,Mortgage,24.7,10.7,15,648,Fair (620-679)
BOR102893,56,MS,53800.0,Retired,Mortgage,55.3,1.0,38,558,Poor (<620)
BOR102894,34,WA,58200.0,Part-time,Rent,23.4,1.4,13,607,Poor (<620)
BOR102895,42,NC,42600.0,Full-time,Mortgage,22.0,2.4,23,792,Very Good (740-799)
BOR102896,53,PA,39100.0,Full-time,Rent,9.4,16.8,34,725,Good (680-739)
BOR102897,56,CA,54700.0,Full-time,Rent,23.6,4.2,34,684,Good (680-739)
BOR102898,44,OH,48100.0,Full-time,Own,38.5,0.1,23,801,Exceptional (800+)
BOR102899,46,MS,36000.0,Full-time,Mortgage,20.9,1.0,28,807,Exceptional (800+)
BOR102900,29,MN,49100.0,Full-time,Mortgage,36.4,0.1,12,678,Fair (620-679)
BOR102901,53,UT,35500.0,Full-time,Own,33.8,2.4,35,679,Fair (620-679)
BOR102902,56,FL,33200.0,Full-time,Mortgage,21.5,3.0,39,642,Fair (620-679)
BOR102903,19,TN,46500.0,Self-employed,Mortgage,30.1,0.5,2,662,Fair (620-679)
BOR102904,62,OH,36000.0,Full-time,Own,21.8,1.6,39,583,Poor (<620)
BOR102905,33,AZ,33500.0,Full-time,Mortgage,39.8,4.7,10,583,Poor (<620)
BOR102906,48,NC,74700.0,Full-time,Rent,13.0,10.9,28,568,Poor (<620)
BOR102907,42,GA,39100.0,Unemployed,Rent,38.6,3.8,25,750,Very Good (740-799)
BOR102908,40,MA,106900.0,Full-time,Mortgage,24.0,0.4,17,579,Poor (<620)
BOR102909,39,PA,61800.0,Full-time,Rent,32.4,13.7,19,807,Exceptional (800+)
BOR102910,29,VA,32200.0,Full-time,Rent,35.9,0.4,12,633,Fair (620-679)
BOR102911,47,IN,78600.0,Full-time,Rent,32.7,6.0,29,793,Very Good (740-799)
BOR102912,38,NY,33800.0,Self-employed,Other,51.9,9.5,19,656,Fair (620-679)
BOR102913,25,MS,113300.0,Full-time,Rent,27.1,0.3,5,578,Poor (<620)
BOR102914,29,WA,51600.0,Full-time,Rent,17.6,2.3,11,763,Very Good (740-799)
BOR102915,25,NV,59500.0,Full-time,Rent,53.0,7.6,9,771,Very Good (740-799)
BOR102916,35,IN,47300.0,Part-time,Rent,35.0,0.8,17,621,Fair (620-679)
BOR102917,47,MD,52600.0,Full-time,Mortgage,32.8,2.4,25,658,Fair (620-679)
BOR102918,32,MD,42100.0,Full-time,Rent,53.7,0.1,9,621,Fair (620-679)
BOR102919,53,LA,30700.0,Full-time,Mortgage,18.2,5.1,34,672,Fair (620-679)
BOR102920,40,TN,54300.0,Full-time,Rent,30.5,3.9,18,687,Good (680-739)
BOR102921,38,OH,74000.0,Full-time,Rent,20.5,2.1,20,657,Fair (620-679)
BOR102922,41,FL,27300.0,Full-time,Rent,30.2,1.8,23,562,Poor (<620)
BOR102923,58,TN,93300.0,Self-employed,Mortgage,17.0,2.6,40,642,Fair (620-679)
BOR102924,25,TX,61100.0,Full-time,Rent,32.3,0.6,3,726,Good (680-739)
BOR102925,61,OH,38300.0,Full-time,Rent,31.5,0.5,38,666,Fair (620-679)
BOR102926,53,TX,38000.0,Full-time,Mortgage,31.0,5.4,30,659,Fair (620-679)
BOR102927,41,AZ,107900.0,Unemployed,Rent,8.7,0.4,23,619,Poor (<620)
BOR102928,55,PA,71100.0,Full-time,Own,39.1,6.5,34,640,Fair (620-679)
BOR102929,37,TN,77900.0,Full-time,Rent,29.1,2.7,18,772,Very Good (740-799)
BOR102930,44,MN,41600.0,Self-employed,Mortgage,57.7,10.2,22,606,Poor (<620)
BOR102931,35,NV,59900.0,Full-time,Rent,26.7,19.2,13,727,Good (680-739)
BOR102932,53,GA,54600.0,Unemployed,Rent,25.1,0.3,31,683,Good (680-739)
BOR102933,33,AZ,43100.0,Part-time,Rent,33.0,2.3,10,696,Good (680-739)
BOR102934,40,AZ,49000.0,Part-time,Mortgage,19.1,2.8,23,632,Fair (620-679)
BOR102935,49,VA,76800.0,Full-time,Rent,43.7,1.7,26,657,Fair (620-679)
BOR102936,54,IN,95800.0,Full-time,Mortgage,22.1,7.4,37,680,Good (680-739)
BOR102937,31,IL,41600.0,Self-employed,Rent,23.2,1.1,14,646,Fair (620-679)
BOR102938,50,NH,25800.0,Full-time,Mortgage,39.9,3.8,28,702,Good (680-739)
BOR102939,29,FL,97700.0,Full-time,Rent,34.1,0.3,9,710,Good (680-739)
BOR102940,19,NV,98300.0,Full-time,Rent,33.9,6.8,1,821,Exceptional (800+)
BOR102941,32,TN,55800.0,Full-time,Rent,18.4,1.8,12,698,Good (680-739)
BOR102942,51,OH,104500.0,Full-time,Mortgage,41.7,2.4,32,556,Poor (<620)
BOR102943,41,WI,54000.0,Full-time,Own,21.7,3.2,19,756,Very Good (740-799)
BOR102944,35,TX,31000.0,Full-time,Mortgage,14.7,1.5,14,667,Fair (620-679)
BOR102945,42,MN,25800.0,Self-employed,Rent,35.7,3.6,23,811,Exceptional (800+)
BOR102946,41,MA,25700.0,Full-time,Other,29.9,0.6,21,776,Very Good (740-799)
BOR102947,48,FL,46700.0,Full-time,Rent,29.6,1.8,29,647,Fair (620-679)
BOR102948,22,TX,37800.0,Full-time,Rent,38.7,5.6,5,727,Good (680-739)
BOR102949,40,CO,35900.0,Part-time,Own,28.8,5.5,22,641,Fair (620-679)
BOR102950,42,GA,44400.0,Part-time,Rent,14.5,0.9,26,680,Good (680-739)
BOR102951,25,LA,68600.0,Full-time,Mortgage,28.6,5.8,4,724,Good (680-739)
BOR102952,24,CO,36500.0,Unemployed,Own,34.9,10.0,3,752,Very Good (740-799)
BOR102953,37,MD,33800.0,Full-time,Mortgage,33.8,1.5,16,738,Good (680-739)
BOR102954,41,OH,37600.0,Full-time,Mortgage,30.2,1.8,23,685,Good (680-739)
BOR102955,41,MD,70600.0,Full-time,Rent,56.1,0.2,18,841,Exceptional (800+)
BOR102956,34,NM,45200.0,Retired,Own,48.6,15.9,13,656,Fair (620-679)
BOR102957,34,FL,52900.0,Self-employed,Mortgage,20.0,7.6,14,576,Poor (<620)
BOR102958,36,NC,93800.0,Full-time,Rent,18.3,0.9,16,588,Poor (<620)
BOR102959,45,IL,167600.0,Full-time,Rent,45.3,2.7,22,776,Very Good (740-799)
BOR102960,56,MI,62200.0,Full-time,Mortgage,42.7,3.2,40,675,Fair (620-679)
BOR102961,19,WI,59500.0,Full-time,Mortgage,46.8,8.5,1,690,Good (680-739)
BOR102962,48,VA,27400.0,Full-time,Rent,27.6,1.6,29,645,Fair (620-679)
BOR102963,40,MA,55000.0,Self-employed,Rent,30.4,0.1,24,651,Fair (620-679)
BOR102964,47,GA,47900.0,Part-time,Mortgage,14.2,5.2,29,629,Fair (620-679)
BOR102965,55,NY,69700.0,Full-time,Rent,33.4,6.7,39,711,Good (680-739)
BOR102966,32,OH,39100.0,Unemployed,Mortgage,25.6,2.5,12,674,Fair (620-679)
BOR102967,52,LA,51000.0,Full-time,Mortgage,24.2,4.4,29,708,Good (680-739)
BOR102968,26,TN,61200.0,Full-time,Rent,41.2,4.2,5,702,Good (680-739)
BOR102969,43,MI,109600.0,Full-time,Rent,30.4,1.3,23,652,Fair (620-679)
BOR102970,38,MN,94200.0,Unemployed,Rent,40.2,1.7,22,585,Poor (<620)
BOR102971,42,TX,82400.0,Full-time,Mortgage,30.9,2.1,24,580,Poor (<620)
BOR102972,29,OH,64700.0,Full-time,Other,37.5,2.7,11,850,Exceptional (800+)
BOR102973,46,IL,38400.0,Full-time,Own,18.9,0.1,27,776,Very Good (740-799)
BOR102974,60,NH,64700.0,Unemployed,Other,22.1,2.7,38,767,Very Good (740-799)
BOR102975,29,MD,32900.0,Full-time,Rent,36.5,6.4,10,636,Fair (620-679)
BOR102976,43,TN,42500.0,Full-time,Rent,48.9,11.8,26,681,Good (680-739)
BOR102977,51,CA,103800.0,Self-employed,Mortgage,36.7,1.6,35,627,Fair (620-679)
BOR102978,37,PA,59400.0,Full-time,Mortgage,32.2,0.1,21,595,Poor (<620)
BOR102979,57,TN,51600.0,Full-time,Mortgage,47.0,7.8,34,642,Fair (620-679)
BOR102980,36,MI,54700.0,Full-time,Own,29.8,6.6,19,766,Very Good (740-799)
BOR102981,40,MS,44700.0,Full-time,Mortgage,24.0,5.6,22,735,Good (680-739)
BOR102982,29,CO,18000.0,Self-employed,Mortgage,32.1,4.3,9,617,Poor (<620)
BOR102983,43,NJ,26400.0,Self-employed,Rent,35.7,4.7,23,660,Fair (620-679)
BOR102984,41,CO,61600.0,Full-time,Rent,19.3,7.0,19,729,Good (680-739)
BOR102985,49,NH,30800.0,Full-time,Own,33.3,0.2,27,643,Fair (620-679)
BOR102986,33,NJ,44400.0,Full-time,Rent,14.8,0.4,16,685,Good (680-739)
BOR102987,33,IN,26800.0,Full-time,Mortgage,29.0,4.1,10,706,Good (680-739)
BOR102988,47,MS,33700.0,Full-time,Rent,30.4,0.4,28,705,Good (680-739)
BOR102989,58,OH,46500.0,Unemployed,Rent,31.7,24.5,41,697,Good (680-739)
BOR102990,49,LA,70700.0,Full-time,Rent,12.4,2.9,29,638,Fair (620-679)
BOR102991,63,FL,77300.0,Full-time,Own,33.0,4.0,46,644,Fair (620-679)
BOR102992,48,IN,33500.0,Full-time,Own,40.7,2.5,30,606,Poor (<620)
BOR102993,47,MN,53500.0,Self-employed,Own,46.1,4.6,30,579,Poor (<620)
BOR102994,49,TN,24600.0,Full-time,Other,46.5,6.5,27,673,Fair (620-679)
BOR102995,59,WA,47800.0,Self-employed,Mortgage,32.3,11.4,42,733,Good (680-739)
BOR102996,56,TN,71600.0,Full-time,Rent,56.8,1.2,33,590,Poor (<620)
BOR102997,28,NY,45200.0,Full-time,Mortgage,24.4,0.8,10,698,Good (680-739)
BOR102998,51,IL,84300.0,Full-time,Mortgage,24.7,0.2,34,731,Good (680-739)
BOR102999,44,OH,68000.0,Self-employed,Mortgage,32.2,1.7,23,561,Poor (<620)
BOR103000,39,TN,52000.0,Full-time,Mortgage,40.3,4.9,20,662,Fair (620-679)
BOR103001,20,NJ,41700.0,Full-time,Mortgage,38.4,7.8,3,787,Very Good (740-799)
BOR103002,23,OH,36700.0,Part-time,Mortgage,8.3,0.2,4,716,Good (680-739)
BOR103003,37,LA,24200.0,Full-time,Mortgage,22.4,0.5,20,558,Poor (<620)
BOR103004,23,MI,26000.0,Full-time,Mortgage,39.7,0.0,2,723,Good (680-739)
BOR103005,37,NJ,73000.0,Full-time,Rent,23.1,3.9,18,631,Fair (620-679)
BOR103006,50,NJ,92100.0,Full-time,Mortgage,30.7,2.4,34,725,Good (680-739)
BOR103007,34,PA,28700.0,Self-employed,Mortgage,35.6,0.9,18,635,Fair (620-679)
BOR103008,42,MD,48100.0,Full-time,Mortgage,36.8,4.1,19,677,Fair (620-679)
BOR103009,28,NJ,23000.0,Full-time,Rent,40.6,1.3,10,645,Fair (620-679)
BOR103010,45,CA,30000.0,Full-time,Mortgage,44.7,5.6,23,680,Good (680-739)
BOR103011,47,UT,52400.0,Unemployed,Rent,38.3,22.5,28,643,Fair (620-679)
BOR103012,24,NV,36900.0,Full-time,Mortgage,19.7,4.8,3,665,Fair (620-679)
BOR103013,32,MD,19700.0,Full-time,Mortgage,37.9,0.2,12,604,Poor (<620)
BOR103014,26,LA,101100.0,Self-employed,Mortgage,42.8,0.7,7,712,Good (680-739)
BOR103015,47,MS,45600.0,Self-employed,Mortgage,36.5,10.1,26,691,Good (680-739)
BOR103016,43,NC,28400.0,Full-time,Mortgage,44.9,0.6,27,575,Poor (<620)
BOR103017,40,TN,49400.0,Full-time,Mortgage,34.4,7.1,21,745,Very Good (740-799)
BOR103018,39,TN,45000.0,Self-employed,Other,30.7,17.1,23,669,Fair (620-679)
BOR103019,45,OH,56400.0,Full-time,Rent,23.5,2.1,25,691,Good (680-739)
BOR103020,45,IL,40000.0,Unemployed,Rent,52.3,0.3,25,730,Good (680-739)
BOR103021,35,FL,53700.0,Full-time,Rent,21.5,2.3,13,701,Good (680-739)
BOR103022,33,IN,71300.0,Full-time,Mortgage,32.0,4.9,17,756,Very Good (740-799)
BOR103023,40,MN,25800.0,Full-time,Rent,28.4,4.0,19,661,Fair (620-679)
BOR103024,39,CO,34100.0,Full-time,Mortgage,18.7,9.2,18,747,Very Good (740-799)
BOR103025,66,GA,68000.0,Full-time,Rent,40.9,4.6,46,688,Good (680-739)
BOR103026,36,IL,36400.0,Full-time,Rent,37.0,4.3,13,713,Good (680-739)
BOR103027,44,NJ,44900.0,Retired,Rent,34.4,4.0,22,706,Good (680-739)
BOR103028,47,AZ,37700.0,Full-time,Rent,25.7,1.2,29,761,Very Good (740-799)
BOR103029,58,MS,38800.0,Full-time,Own,37.6,2.5,40,727,Good (680-739)
BOR103030,31,LA,37400.0,Full-time,Other,29.4,7.2,10,651,Fair (620-679)
BOR103031,57,MS,26500.0,Full-time,Own,36.8,10.9,34,638,Fair (620-679)
BOR103032,39,NV,57300.0,Full-time,Own,46.4,5.8,21,677,Fair (620-679)
BOR103033,71,UT,75200.0,Full-time,Own,7.6,3.1,50,631,Fair (620-679)
BOR103034,45,VA,43100.0,Full-time,Rent,42.0,7.3,28,612,Poor (<620)
BOR103035,26,TX,71500.0,Part-time,Mortgage,55.7,3.0,5,542,Poor (<620)
BOR103036,39,TX,37400.0,Full-time,Rent,49.2,8.8,21,579,Poor (<620)
BOR103037,57,MI,36400.0,Self-employed,Rent,39.7,6.0,35,809,Exceptional (800+)
BOR103038,42,OH,56100.0,Full-time,Rent,44.2,1.1,21,637,Fair (620-679)
BOR103039,40,PA,56500.0,Full-time,Own,23.5,3.6,24,804,Exceptional (800+)
BOR103040,50,UT,44300.0,Full-time,Mortgage,34.4,0.5,29,706,Good (680-739)
BOR103041,37,PA,63200.0,Full-time,Rent,30.5,5.4,20,677,Fair (620-679)
BOR103042,38,UT,26100.0,Retired,Mortgage,27.3,7.4,21,582,Poor (<620)
BOR103043,30,CO,40700.0,Self-employed,Mortgage,41.9,3.0,10,680,Good (680-739)
BOR103044,62,IN,72000.0,Unemployed,Rent,30.0,0.5,42,803,Exceptional (800+)
BOR103045,26,MO,71900.0,Part-time,Rent,13.5,0.2,6,781,Very Good (740-799)
BOR103046,43,NC,67900.0,Retired,Rent,36.4,1.6,25,698,Good (680-739)
BOR103047,47,IN,73800.0,Full-time,Rent,31.7,2.1,24,605,Poor (<620)
BOR103048,41,PA,39400.0,Full-time,Mortgage,38.9,3.0,20,618,Poor (<620)
BOR103049,26,MS,21600.0,Full-time,Rent,27.9,5.9,6,625,Fair (620-679)
BOR103050,29,GA,41500.0,Self-employed,Other,14.8,0.4,8,763,Very Good (740-799)
BOR103051,47,OH,62100.0,Unemployed,Mortgage,22.3,0.7,29,786,Very Good (740-799)
BOR103052,32,MD,66800.0,Part-time,Own,22.8,2.8,13,693,Good (680-739)
BOR103053,19,IN,36800.0,Self-employed,Mortgage,21.7,2.6,1,660,Fair (620-679)
BOR103054,46,NJ,30200.0,Self-employed,Rent,26.4,0.2,30,781,Very Good (740-799)
BOR103055,31,TN,31500.0,Full-time,Own,39.3,1.9,13,616,Poor (<620)
BOR103056,49,PA,36500.0,Full-time,Mortgage,18.2,0.4,27,683,Good (680-739)
BOR103057,39,MO,19900.0,Part-time,Mortgage,40.8,6.8,18,710,Good (680-739)
BOR103058,38,OH,36800.0,Full-time,Rent,19.3,1.8,15,624,Fair (620-679)
BOR103059,42,OH,47600.0,Full-time,Mortgage,28.2,1.3,22,639,Fair (620-679)
BOR103060,27,PA,44600.0,Full-time,Rent,31.6,0.5,11,634,Fair (620-679)
BOR103061,31,NC,40200.0,Full-time,Rent,29.0,0.9,14,772,Very Good (740-799)
BOR103062,38,NC,34200.0,Retired,Rent,38.2,0.0,20,804,Exceptional (800+)
BOR103063,27,NJ,36000.0,Part-time,Mortgage,30.9,4.3,9,687,Good (680-739)
BOR103064,50,PA,36300.0,Full-time,Own,30.4,6.6,27,663,Fair (620-679)
BOR103065,37,PA,64100.0,Full-time,Mortgage,8.2,1.1,16,641,Fair (620-679)
BOR103066,24,AZ,46600.0,Full-time,Own,36.0,3.8,2,680,Good (680-739)
BOR103067,34,NY,193900.0,Full-time,Own,50.8,5.5,11,644,Fair (620-679)
BOR103068,42,MD,40200.0,Full-time,Mortgage,27.1,0.2,22,674,Fair (620-679)
BOR103069,36,NM,56800.0,Full-time,Mortgage,38.6,0.7,17,707,Good (680-739)
BOR103070,46,NJ,40600.0,Full-time,Rent,23.8,1.4,26,654,Fair (620-679)
BOR103071,48,MS,40100.0,Full-time,Own,41.9,4.9,27,668,Fair (620-679)
BOR103072,70,FL,94200.0,Full-time,Other,37.2,1.7,49,668,Fair (620-679)
BOR103073,55,TX,73000.0,Part-time,Own,28.3,2.2,36,659,Fair (620-679)
BOR103074,21,MD,21200.0,Full-time,Mortgage,27.7,1.5,5,651,Fair (620-679)
BOR103075,37,CO,29400.0,Full-time,Rent,38.5,1.0,18,730,Good (680-739)
BOR103076,38,NV,43900.0,Unemployed,Rent,32.4,2.5,19,565,Poor (<620)
BOR103077,48,TX,36900.0,Full-time,Own,19.7,11.8,27,782,Very Good (740-799)
BOR103078,30,MN,23700.0,Self-employed,Rent,16.7,18.0,10,689,Good (680-739)
BOR103079,35,MI,49100.0,Full-time,Rent,37.9,0.8,12,720,Good (680-739)
BOR103080,26,GA,20000.0,Full-time,Mortgage,24.4,1.6,5,727,Good (680-739)
BOR103081,34,PA,49400.0,Full-time,Rent,32.4,5.6,16,634,Fair (620-679)
BOR103082,34,NH,64800.0,Unemployed,Mortgage,37.9,0.3,12,621,Fair (620-679)
BOR103083,37,TX,69100.0,Self-employed,Mortgage,20.0,2.0,18,613,Poor (<620)
BOR103084,27,NV,43700.0,Full-time,Own,21.9,3.1,9,664,Fair (620-679)
BOR103085,53,IN,92000.0,Self-employed,Own,48.2,1.4,37,725,Good (680-739)
BOR103086,47,WI,54100.0,Full-time,Rent,27.9,1.0,25,642,Fair (620-679)
BOR103087,24,MD,68200.0,Full-time,Own,42.2,1.1,3,720,Good (680-739)
BOR103088,41,LA,33500.0,Full-time,Own,57.1,18.1,25,526,Poor (<620)
BOR103089,22,PA,92500.0,Full-time,Own,34.4,4.2,3,655,Fair (620-679)
BOR103090,57,CA,46600.0,Full-time,Rent,23.4,5.1,38,756,Very Good (740-799)
BOR103091,60,TN,94800.0,Full-time,Rent,33.3,1.3,44,669,Fair (620-679)
BOR103092,40,NC,85900.0,Full-time,Rent,30.1,1.6,18,626,Fair (620-679)
BOR103093,31,NY,52400.0,Full-time,Other,32.7,5.9,11,637,Fair (620-679)
BOR103094,33,PA,56000.0,Full-time,Other,39.2,8.7,16,500,Poor (<620)
BOR103095,36,NC,43000.0,Full-time,Mortgage,40.3,5.9,15,614,Poor (<620)
BOR103096,40,TX,32300.0,Full-time,Mortgage,12.0,2.1,20,749,Very Good (740-799)
BOR103097,57,TX,61000.0,Full-time,Rent,43.9,1.9,41,642,Fair (620-679)
BOR103098,52,MS,59600.0,Full-time,Own,34.7,0.1,32,650,Fair (620-679)
BOR103099,53,GA,22500.0,Full-time,Mortgage,26.3,0.1,33,528,Poor (<620)
BOR103100,43,NH,44900.0,Full-time,Rent,39.3,1.4,26,574,Poor (<620)
BOR103101,27,UT,68900.0,Full-time,Mortgage,21.5,3.7,5,757,Very Good (740-799)
BOR103102,32,NY,90200.0,Full-time,Mortgage,22.0,15.2,11,720,Good (680-739)
BOR103103,42,MD,64600.0,Full-time,Rent,42.6,0.4,22,596,Poor (<620)
BOR103104,27,TN,23600.0,Full-time,Rent,32.7,5.4,6,639,Fair (620-679)
BOR103105,45,MD,29000.0,Full-time,Rent,47.7,14.9,23,678,Fair (620-679)
BOR103106,51,FL,39900.0,Full-time,Rent,25.1,2.1,31,602,Poor (<620)
BOR103107,48,PA,87500.0,Self-employed,Mortgage,34.9,8.7,29,550,Poor (<620)
BOR103108,47,TX,35500.0,Full-time,Rent,35.9,7.6,28,670,Fair (620-679)
BOR103109,19,TN,75100.0,Full-time,Own,36.1,1.7,2,717,Good (680-739)
BOR103110,57,NH,35200.0,Self-employed,Other,38.2,6.9,37,718,Good (680-739)
BOR103111,22,MO,59300.0,Full-time,Mortgage,36.6,9.6,5,737,Good (680-739)
BOR103112,39,MD,30500.0,Full-time,Mortgage,32.2,3.1,23,579,Poor (<620)
BOR103113,48,NH,42700.0,Full-time,Rent,12.6,2.3,31,684,Good (680-739)
BOR103114,45,MO,28000.0,Unemployed,Rent,40.6,11.3,29,663,Fair (620-679)
BOR103115,26,TX,89300.0,Full-time,Mortgage,8.3,1.7,5,674,Fair (620-679)
BOR103116,28,LA,34100.0,Full-time,Own,19.7,2.7,11,666,Fair (620-679)
BOR103117,44,NC,23200.0,Full-time,Mortgage,25.0,8.3,26,637,Fair (620-679)
BOR103118,47,CA,22400.0,Full-time,Rent,41.0,0.2,28,500,Poor (<620)
BOR103119,28,WA,44900.0,Full-time,Rent,29.8,2.6,8,756,Very Good (740-799)
BOR103120,46,MS,37900.0,Unemployed,Own,50.7,3.8,29,701,Good (680-739)
BOR103121,23,OH,62400.0,Full-time,Rent,18.1,1.4,1,584,Poor (<620)
BOR103122,48,WA,41900.0,Part-time,Mortgage,21.0,1.1,32,711,Good (680-739)
BOR103123,30,PA,78800.0,Self-employed,Rent,9.5,4.3,14,651,Fair (620-679)
BOR103124,42,TX,39200.0,Full-time,Rent,20.5,3.5,25,653,Fair (620-679)
BOR103125,40,TX,74000.0,Full-time,Rent,25.7,1.9,24,630,Fair (620-679)
BOR103126,55,MD,30400.0,Full-time,Own,46.6,1.5,38,715,Good (680-739)
BOR103127,44,LA,23700.0,Part-time,Rent,42.5,5.5,23,628,Fair (620-679)
BOR103128,34,NY,32200.0,Full-time,Rent,34.4,0.2,14,609,Poor (<620)
BOR103129,45,GA,28100.0,Full-time,Rent,28.9,0.9,29,754,Very Good (740-799)
BOR103130,67,PA,26700.0,Full-time,Other,39.6,0.9,47,668,Fair (620-679)
BOR103131,50,CA,56200.0,Full-time,Rent,44.7,1.6,33,670,Fair (620-679)
BOR103132,40,AZ,41400.0,Full-time,Other,25.5,8.2,24,725,Good (680-739)
BOR103133,31,MD,49700.0,Full-time,Rent,26.5,1.1,12,637,Fair (620-679)
BOR103134,34,IN,59100.0,Self-employed,Rent,27.7,6.3,12,650,Fair (620-679)
BOR103135,49,MI,21800.0,Retired,Mortgage,14.7,9.4,26,700,Good (680-739)
BOR103136,30,AZ,60300.0,Retired,Mortgage,44.1,2.9,14,580,Poor (<620)
BOR103137,41,FL,27100.0,Full-time,Rent,26.2,2.2,21,694,Good (680-739)
BOR103138,58,PA,36000.0,Full-time,Rent,29.1,5.2,39,631,Fair (620-679)
BOR103139,43,MS,19900.0,Full-time,Mortgage,46.6,0.7,26,736,Good (680-739)
BOR103140,28,CO,62600.0,Full-time,Mortgage,26.6,3.9,8,716,Good (680-739)
BOR103141,67,MS,21800.0,Retired,Own,44.7,8.5,47,707,Good (680-739)
BOR103142,62,MS,27200.0,Full-time,Rent,14.5,2.9,46,576,Poor (<620)
BOR103143,47,IN,28100.0,Full-time,Rent,37.6,5.7,28,673,Fair (620-679)
BOR103144,56,MS,44000.0,Part-time,Own,27.5,12.7,33,603,Poor (<620)
BOR103145,38,NJ,43400.0,Full-time,Own,16.2,3.2,22,678,Fair (620-679)
BOR103146,50,CA,67200.0,Part-time,Other,20.6,1.7,34,530,Poor (<620)
BOR103147,36,TX,44500.0,Full-time,Mortgage,33.4,3.8,16,580,Poor (<620)
BOR103148,25,FL,72000.0,Self-employed,Rent,22.4,4.9,2,757,Very Good (740-799)
BOR103149,72,FL,55300.0,Unemployed,Rent,35.8,10.0,51,704,Good (680-739)
BOR103150,24,NC,30500.0,Full-time,Other,24.5,1.1,3,657,Fair (620-679)
BOR103151,45,MD,34500.0,Full-time,Own,15.8,3.9,22,621,Fair (620-679)
BOR103152,44,MN,92000.0,Full-time,Rent,41.7,3.3,28,610,Poor (<620)
BOR103153,47,MA,81000.0,Self-employed,Other,34.9,6.0,26,693,Good (680-739)
BOR103154,40,NY,67600.0,Full-time,Own,14.0,5.6,17,658,Fair (620-679)
BOR103155,40,CO,71700.0,Unemployed,Rent,38.5,0.4,18,781,Very Good (740-799)
BOR103156,43,NC,57500.0,Self-employed,Rent,33.2,2.6,26,668,Fair (620-679)
BOR103157,47,CA,54200.0,Full-time,Own,27.7,16.2,24,684,Good (680-739)
BOR103158,41,GA,47700.0,Full-time,Mortgage,28.1,7.8,22,590,Poor (<620)
BOR103159,40,NC,100200.0,Full-time,Mortgage,45.4,4.2,22,657,Fair (620-679)
BOR103160,25,OH,37800.0,Full-time,Own,35.2,1.9,8,692,Good (680-739)
BOR103161,65,NV,52000.0,Full-time,Own,45.9,7.6,45,656,Fair (620-679)
BOR103162,47,CO,21600.0,Full-time,Mortgage,36.8,1.7,30,648,Fair (620-679)
BOR103163,44,MD,24500.0,Full-time,Rent,34.3,13.3,21,701,Good (680-739)
BOR103164,34,NY,105500.0,Full-time,Other,24.4,0.8,17,778,Very Good (740-799)
BOR103165,29,NV,61500.0,Full-time,Rent,33.6,1.8,9,689,Good (680-739)
BOR103166,51,MO,42400.0,Full-time,Rent,42.2,5.6,35,754,Very Good (740-799)
BOR103167,39,PA,48300.0,Full-time,Rent,32.8,1.8,22,720,Good (680-739)
BOR103168,48,IN,25300.0,Part-time,Own,51.4,0.2,26,750,Very Good (740-799)
BOR103169,25,VA,38500.0,Full-time,Mortgage,42.2,4.1,2,640,Fair (620-679)
BOR103170,60,NJ,24200.0,Full-time,Rent,20.0,12.7,41,667,Fair (620-679)
BOR103171,52,FL,40800.0,Unemployed,Other,27.2,2.5,34,667,Fair (620-679)
BOR103172,40,WA,63300.0,Retired,Mortgage,38.7,2.5,19,716,Good (680-739)
BOR103173,47,FL,57200.0,Full-time,Rent,16.7,13.1,29,732,Good (680-739)
BOR103174,50,PA,95300.0,Self-employed,Other,30.8,1.0,32,688,Good (680-739)
BOR103175,25,NY,53200.0,Full-time,Rent,22.7,0.7,4,737,Good (680-739)
BOR103176,61,UT,18000.0,Part-time,Rent,32.4,7.2,42,643,Fair (620-679)
BOR103177,47,GA,112200.0,Full-time,Other,22.8,6.2,29,738,Good (680-739)
BOR103178,33,NC,31900.0,Full-time,Rent,42.5,0.7,15,746,Very Good (740-799)
BOR103179,28,NC,50200.0,Retired,Own,26.9,10.1,9,724,Good (680-739)
BOR103180,53,LA,48800.0,Full-time,Other,38.6,0.1,31,689,Good (680-739)
BOR103181,44,AZ,52000.0,Full-time,Rent,17.1,2.6,27,726,Good (680-739)
BOR103182,47,MS,47600.0,Self-employed,Mortgage,29.0,7.2,30,622,Fair (620-679)
BOR103183,41,GA,48000.0,Full-time,Other,19.2,1.5,25,693,Good (680-739)
BOR103184,29,FL,25700.0,Full-time,Own,43.9,0.9,12,700,Good (680-739)
BOR103185,47,AZ,149400.0,Full-time,Rent,24.3,8.4,31,594,Poor (<620)
BOR103186,39,NC,62500.0,Part-time,Rent,31.1,0.5,19,711,Good (680-739)
BOR103187,41,MN,47700.0,Full-time,Mortgage,35.5,3.4,23,599,Poor (<620)
BOR103188,70,LA,106800.0,Full-time,Rent,24.5,13.0,49,652,Fair (620-679)
BOR103189,51,VA,28800.0,Full-time,Own,20.0,3.2,32,683,Good (680-739)
BOR103190,52,UT,68900.0,Full-time,Other,33.9,6.6,31,633,Fair (620-679)
BOR103191,74,AZ,36300.0,Full-time,Rent,12.7,5.5,52,685,Good (680-739)
BOR103192,46,OH,55900.0,Full-time,Rent,45.4,0.7,30,684,Good (680-739)
BOR103193,42,WA,56400.0,Full-time,Other,30.6,2.9,25,627,Fair (620-679)
BOR103194,33,CA,18000.0,Part-time,Own,17.3,0.2,11,717,Good (680-739)
BOR103195,36,NV,24500.0,Self-employed,Rent,29.4,3.9,15,630,Fair (620-679)
BOR103196,19,FL,95200.0,Full-time,Rent,37.8,10.5,3,829,Exceptional (800+)
BOR103197,50,GA,41600.0,Full-time,Own,23.8,2.6,27,673,Fair (620-679)
BOR103198,26,AZ,114800.0,Full-time,Own,12.6,0.3,4,604,Poor (<620)
BOR103199,52,TX,84100.0,Full-time,Rent,30.8,0.6,33,616,Poor (<620)
BOR103200,40,TX,42200.0,Full-time,Mortgage,39.6,1.1,20,755,Very Good (740-799)
BOR103201,43,MD,40600.0,Full-time,Mortgage,34.3,0.5,20,653,Fair (620-679)
BOR103202,40,TX,97900.0,Full-time,Rent,36.0,4.4,17,591,Poor (<620)
BOR103203,58,VA,120100.0,Full-time,Mortgage,41.6,2.6,37,735,Good (680-739)
BOR103204,56,NC,41000.0,Retired,Mortgage,47.8,12.3,36,653,Fair (620-679)
BOR103205,41,IL,93200.0,Full-time,Mortgage,5.1,3.9,18,722,Good (680-739)
BOR103206,30,PA,74100.0,Full-time,Mortgage,18.8,0.6,13,741,Very Good (740-799)
BOR103207,52,CO,80100.0,Full-time,Rent,33.7,1.9,34,698,Good (680-739)
BOR103208,29,UT,48800.0,Self-employed,Own,34.8,2.2,9,836,Exceptional (800+)
BOR103209,22,NY,34500.0,Part-time,Other,16.5,4.4,1,568,Poor (<620)
BOR103210,47,UT,29000.0,Full-time,Own,24.2,5.2,29,627,Fair (620-679)
BOR103211,56,TN,25900.0,Full-time,Mortgage,49.2,6.3,39,663,Fair (620-679)
BOR103212,36,IN,110200.0,Full-time,Rent,28.5,4.6,16,827,Exceptional (800+)
BOR103213,46,MD,46900.0,Full-time,Own,34.1,2.8,23,797,Very Good (740-799)
BOR103214,36,MD,27900.0,Full-time,Rent,49.9,0.7,20,764,Very Good (740-799)
BOR103215,50,NV,73200.0,Full-time,Mortgage,32.9,5.1,32,628,Fair (620-679)
BOR103216,54,VA,37600.0,Full-time,Other,39.9,5.0,32,636,Fair (620-679)
BOR103217,38,AZ,34800.0,Full-time,Mortgage,37.7,3.4,21,626,Fair (620-679)
BOR103218,29,NC,118300.0,Unemployed,Own,28.6,8.4,7,629,Fair (620-679)
BOR103219,24,FL,25600.0,Full-time,Rent,28.1,0.4,4,777,Very Good (740-799)
BOR103220,52,IN,51800.0,Full-time,Mortgage,43.8,1.9,36,664,Fair (620-679)
BOR103221,27,CA,35700.0,Retired,Rent,31.9,3.6,10,673,Fair (620-679)
BOR103222,45,OH,33300.0,Full-time,Rent,21.9,5.6,29,730,Good (680-739)
BOR103223,50,FL,24100.0,Full-time,Rent,42.8,4.2,32,572,Poor (<620)
BOR103224,35,PA,47900.0,Part-time,Own,5.0,1.7,18,683,Good (680-739)
BOR103225,39,IN,31500.0,Full-time,Rent,47.8,3.5,20,609,Poor (<620)
BOR103226,53,TN,60800.0,Self-employed,Own,30.1,9.7,33,661,Fair (620-679)
BOR103227,31,NJ,45700.0,Full-time,Own,32.1,0.4,14,642,Fair (620-679)
BOR103228,30,FL,40500.0,Retired,Mortgage,32.8,2.8,7,639,Fair (620-679)
BOR103229,38,NJ,31500.0,Full-time,Mortgage,45.3,6.9,22,695,Good (680-739)
BOR103230,56,NC,88800.0,Self-employed,Mortgage,33.7,6.2,35,694,Good (680-739)
BOR103231,60,MD,64900.0,Full-time,Rent,31.8,4.2,42,666,Fair (620-679)
BOR103232,40,MA,34300.0,Full-time,Rent,22.5,6.5,23,704,Good (680-739)
BOR103233,32,WA,25300.0,Full-time,Mortgage,24.9,0.6,15,624,Fair (620-679)
BOR103234,54,WA,19900.0,Full-time,Own,38.4,15.0,32,724,Good (680-739)
BOR103235,21,UT,77800.0,Full-time,Rent,34.2,2.7,1,667,Fair (620-679)
BOR103236,44,CO,70200.0,Full-time,Rent,48.9,13.9,23,649,Fair (620-679)
BOR103237,40,WA,74700.0,Full-time,Mortgage,23.9,3.8,24,628,Fair (620-679)
BOR103238,57,VA,44200.0,Full-time,Rent,20.5,4.1,35,664,Fair (620-679)
BOR103239,58,CA,67000.0,Full-time,Rent,35.0,2.2,37,802,Exceptional (800+)
BOR103240,30,NM,74000.0,Full-time,Mortgage,31.1,5.4,14,676,Fair (620-679)
BOR103241,43,NC,45200.0,Self-employed,Rent,20.0,3.3,23,606,Poor (<620)
BOR103242,34,OH,39700.0,Part-time,Other,26.8,4.5,12,740,Very Good (740-799)
BOR103243,37,NH,30100.0,Full-time,Rent,39.0,11.1,17,649,Fair (620-679)
BOR103244,48,MD,56500.0,Self-employed,Own,18.8,4.1,27,698,Good (680-739)
BOR103245,37,TX,60000.0,Self-employed,Own,20.6,0.4,17,641,Fair (620-679)
BOR103246,43,TX,38800.0,Full-time,Rent,24.7,1.8,27,763,Very Good (740-799)
BOR103247,52,CA,40900.0,Full-time,Mortgage,24.9,8.3,32,642,Fair (620-679)
BOR103248,59,TN,42300.0,Full-time,Own,39.9,0.8,38,771,Very Good (740-799)
BOR103249,44,TX,66600.0,Full-time,Mortgage,26.4,4.6,24,612,Poor (<620)
BOR103250,42,MS,25100.0,Retired,Rent,48.3,0.0,19,661,Fair (620-679)
BOR103251,28,MS,28400.0,Full-time,Own,21.6,1.5,9,771,Very Good (740-799)
BOR103252,60,AZ,28600.0,Full-time,Own,35.6,1.8,39,691,Good (680-739)
BOR103253,47,TN,43600.0,Full-time,Rent,31.6,7.1,29,828,Exceptional (800+)
BOR103254,43,GA,53700.0,Full-time,Mortgage,32.0,1.4,27,663,Fair (620-679)
BOR103255,42,TX,28800.0,Self-employed,Mortgage,7.4,3.6,24,697,Good (680-739)
BOR103256,45,WI,70200.0,Self-employed,Other,21.0,3.4,24,804,Exceptional (800+)
BOR103257,50,FL,90100.0,Unemployed,Rent,30.3,1.7,34,582,Poor (<620)
BOR103258,52,TX,56200.0,Full-time,Mortgage,12.3,5.1,35,574,Poor (<620)
BOR103259,60,GA,77300.0,Full-time,Mortgage,5.0,1.5,41,628,Fair (620-679)
BOR103260,44,CA,30900.0,Self-employed,Rent,19.7,4.3,22,733,Good (680-739)
BOR103261,62,NJ,31200.0,Part-time,Rent,35.4,1.4,43,575,Poor (<620)
BOR103262,54,MD,58800.0,Retired,Rent,36.8,4.4,38,719,Good (680-739)
BOR103263,40,MN,45800.0,Full-time,Own,19.8,0.9,18,714,Good (680-739)
BOR103264,21,TN,31200.0,Full-time,Rent,30.0,1.0,1,811,Exceptional (800+)
BOR103265,42,NV,88500.0,Full-time,Mortgage,36.2,3.4,23,748,Very Good (740-799)
BOR103266,60,NJ,53300.0,Self-employed,Other,45.3,0.9,42,704,Good (680-739)
BOR103267,32,NV,64000.0,Full-time,Own,44.9,2.5,10,768,Very Good (740-799)
BOR103268,42,WA,34400.0,Self-employed,Mortgage,41.1,2.2,19,715,Good (680-739)
BOR103269,43,IL,99300.0,Full-time,Rent,26.6,0.6,21,650,Fair (620-679)
BOR103270,52,NM,43500.0,Part-time,Rent,31.5,15.9,36,606,Poor (<620)
BOR103271,36,OH,73800.0,Part-time,Rent,32.7,6.0,18,643,Fair (620-679)
BOR103272,31,CA,35900.0,Full-time,Mortgage,29.8,0.5,9,677,Fair (620-679)
BOR103273,48,OH,50300.0,Full-time,Rent,18.2,7.5,29,691,Good (680-739)
BOR103274,32,NC,59900.0,Full-time,Rent,46.4,3.1,12,541,Poor (<620)
BOR103275,19,NC,114500.0,Retired,Rent,36.3,6.7,1,666,Fair (620-679)
BOR103276,63,WA,38300.0,Full-time,Rent,40.7,2.2,44,682,Good (680-739)
BOR103277,52,LA,51100.0,Full-time,Mortgage,38.6,1.7,36,716,Good (680-739)
BOR103278,64,GA,60900.0,Self-employed,Rent,27.7,0.5,46,786,Very Good (740-799)
BOR103279,51,WA,24700.0,Full-time,Mortgage,17.0,7.4,29,692,Good (680-739)
BOR103280,49,NC,18000.0,Full-time,Mortgage,39.5,2.2,27,621,Fair (620-679)
BOR103281,45,NV,29800.0,Self-employed,Mortgage,38.9,0.8,23,562,Poor (<620)
BOR103282,39,PA,72100.0,Part-time,Mortgage,34.9,1.8,18,725,Good (680-739)
BOR103283,47,FL,101000.0,Full-time,Own,53.5,0.7,31,624,Fair (620-679)
BOR103284,34,WA,30800.0,Retired,Mortgage,26.3,0.1,17,736,Good (680-739)
BOR103285,28,MO,27000.0,Part-time,Rent,28.9,3.2,7,771,Very Good (740-799)
BOR103286,37,MN,93000.0,Full-time,Own,34.1,1.1,20,580,Poor (<620)
BOR103287,56,MA,36200.0,Full-time,Rent,27.0,1.5,34,716,Good (680-739)
BOR103288,26,MN,39400.0,Self-employed,Mortgage,29.7,13.1,6,764,Very Good (740-799)
BOR103289,26,MI,89900.0,Full-time,Own,42.3,3.0,10,746,Very Good (740-799)
BOR103290,48,CA,83500.0,Full-time,Own,25.5,13.6,28,544,Poor (<620)
BOR103291,36,FL,71000.0,Full-time,Rent,26.2,11.1,17,625,Fair (620-679)
BOR103292,47,TX,21600.0,Full-time,Rent,37.8,3.2,24,597,Poor (<620)
BOR103293,53,NC,26500.0,Full-time,Other,18.8,3.5,36,714,Good (680-739)
BOR103294,47,WA,77200.0,Full-time,Rent,31.2,0.5,24,707,Good (680-739)
BOR103295,33,NC,53800.0,Self-employed,Other,30.7,1.3,14,505,Poor (<620)
BOR103296,56,AZ,32900.0,Full-time,Mortgage,38.3,3.3,39,660,Fair (620-679)
BOR103297,50,VA,39900.0,Full-time,Rent,40.0,10.7,33,732,Good (680-739)
BOR103298,41,MO,76900.0,Full-time,Rent,30.4,2.1,24,690,Good (680-739)
BOR103299,41,MO,92700.0,Self-employed,Rent,31.1,10.6,25,690,Good (680-739)
BOR103300,45,GA,46500.0,Full-time,Rent,31.6,0.7,29,656,Fair (620-679)
BOR103301,37,NC,34200.0,Full-time,Rent,28.9,0.4,21,611,Poor (<620)
BOR103302,21,MA,41200.0,Full-time,Mortgage,44.9,5.4,1,679,Fair (620-679)
BOR103303,50,TN,85300.0,Full-time,Rent,37.0,0.1,27,683,Good (680-739)
BOR103304,49,GA,84600.0,Self-employed,Mortgage,44.7,0.9,27,720,Good (680-739)
BOR103305,19,NC,50900.0,Full-time,Own,23.2,1.6,3,725,Good (680-739)
BOR103306,47,MD,36700.0,Full-time,Rent,44.5,12.9,31,686,Good (680-739)
BOR103307,62,IN,75900.0,Self-employed,Own,33.2,2.3,45,751,Very Good (740-799)
BOR103308,27,NY,96800.0,Full-time,Rent,38.8,8.2,6,656,Fair (620-679)
BOR103309,40,NJ,24200.0,Full-time,Mortgage,12.9,1.1,19,586,Poor (<620)
BOR103310,39,LA,42000.0,Full-time,Rent,48.3,1.2,20,711,Good (680-739)
BOR103311,61,CA,78400.0,Self-employed,Mortgage,36.4,1.5,40,688,Good (680-739)
BOR103312,54,LA,48200.0,Retired,Mortgage,50.6,0.5,31,712,Good (680-739)
BOR103313,30,PA,37400.0,Full-time,Mortgage,43.1,3.7,14,598,Poor (<620)
BOR103314,45,WA,50700.0,Full-time,Rent,11.5,0.7,27,796,Very Good (740-799)
BOR103315,69,NJ,55100.0,Full-time,Own,47.2,4.4,49,726,Good (680-739)
BOR103316,34,CA,28100.0,Full-time,Mortgage,33.9,3.2,16,661,Fair (620-679)
BOR103317,41,MS,48600.0,Full-time,Mortgage,38.4,2.6,22,619,Poor (<620)
BOR103318,47,NJ,55000.0,Full-time,Mortgage,37.4,3.5,31,750,Very Good (740-799)
BOR103319,34,UT,37400.0,Full-time,Rent,31.0,0.8,17,608,Poor (<620)
BOR103320,62,GA,32800.0,Full-time,Rent,28.0,1.0,45,827,Exceptional (800+)
BOR103321,35,LA,36600.0,Full-time,Rent,39.1,0.2,13,640,Fair (620-679)
BOR103322,24,MS,30100.0,Unemployed,Own,23.7,0.0,3,792,Very Good (740-799)
BOR103323,35,AZ,68400.0,Full-time,Rent,32.3,11.5,12,668,Fair (620-679)
BOR103324,49,PA,30000.0,Retired,Rent,46.0,1.1,26,783,Very Good (740-799)
BOR103325,31,MD,50800.0,Full-time,Mortgage,19.8,0.2,13,632,Fair (620-679)
BOR103326,45,AZ,39400.0,Full-time,Rent,30.0,4.6,24,681,Good (680-739)
BOR103327,48,NM,33900.0,Full-time,Mortgage,43.7,2.1,31,732,Good (680-739)
BOR103328,26,NJ,86400.0,Unemployed,Own,23.8,2.0,4,723,Good (680-739)
BOR103329,34,OH,44000.0,Self-employed,Rent,12.9,0.3,16,752,Very Good (740-799)
BOR103330,45,NY,34500.0,Full-time,Rent,12.2,3.3,25,648,Fair (620-679)
BOR103331,49,MD,33000.0,Full-time,Rent,27.3,1.3,26,686,Good (680-739)
BOR103332,35,NH,54300.0,Full-time,Rent,48.8,3.8,15,761,Very Good (740-799)
BOR103333,43,CA,67600.0,Full-time,Rent,24.4,0.3,21,634,Fair (620-679)
BOR103334,38,WI,82600.0,Full-time,Other,29.1,6.1,21,717,Good (680-739)
BOR103335,50,MS,43200.0,Retired,Rent,32.5,3.8,28,666,Fair (620-679)
BOR103336,47,TX,42100.0,Full-time,Rent,43.1,1.6,28,693,Good (680-739)
BOR103337,37,FL,49500.0,Self-employed,Rent,40.6,8.0,14,685,Good (680-739)
BOR103338,47,MD,50300.0,Full-time,Mortgage,30.5,0.9,29,629,Fair (620-679)
BOR103339,36,IN,32900.0,Full-time,Mortgage,38.0,15.8,19,663,Fair (620-679)
BOR103340,46,TX,90000.0,Full-time,Rent,42.6,2.2,25,689,Good (680-739)
BOR103341,47,NV,47100.0,Part-time,Own,15.5,0.4,25,673,Fair (620-679)
BOR103342,69,WA,59300.0,Full-time,Rent,28.2,1.6,53,782,Very Good (740-799)
BOR103343,37,MS,56400.0,Full-time,Mortgage,20.0,8.3,14,746,Very Good (740-799)
BOR103344,39,LA,55900.0,Full-time,Mortgage,24.7,7.6,19,699,Good (680-739)
BOR103345,33,NV,29700.0,Full-time,Own,38.5,6.9,12,630,Fair (620-679)
BOR103346,29,WA,46500.0,Full-time,Mortgage,20.0,12.3,7,626,Fair (620-679)
BOR103347,36,OH,130100.0,Full-time,Own,55.1,0.6,17,808,Exceptional (800+)
BOR103348,49,WA,95200.0,Self-employed,Mortgage,38.6,1.0,26,614,Poor (<620)
BOR103349,50,FL,50000.0,Part-time,Rent,26.2,8.0,27,687,Good (680-739)
BOR103350,45,IN,39500.0,Self-employed,Mortgage,30.7,5.8,24,703,Good (680-739)
BOR103351,37,NY,18000.0,Self-employed,Own,19.1,0.5,21,660,Fair (620-679)
BOR103352,35,WA,37300.0,Full-time,Mortgage,17.3,2.9,15,615,Poor (<620)
BOR103353,30,TX,45000.0,Full-time,Own,28.1,3.3,12,629,Fair (620-679)
BOR103354,34,GA,40400.0,Full-time,Rent,45.1,2.1,18,644,Fair (620-679)
BOR103355,25,IL,41700.0,Full-time,Rent,17.9,0.3,9,634,Fair (620-679)
BOR103356,57,TN,61700.0,Self-employed,Mortgage,44.3,0.4,34,766,Very Good (740-799)
BOR103357,63,MN,29700.0,Self-employed,Mortgage,30.1,21.8,44,679,Fair (620-679)
BOR103358,19,TX,52700.0,Full-time,Own,34.4,19.7,3,646,Fair (620-679)
BOR103359,44,NV,44400.0,Full-time,Rent,32.7,3.5,23,687,Good (680-739)
BOR103360,44,LA,31300.0,Full-time,Own,39.7,0.0,23,723,Good (680-739)
BOR103361,44,NC,99000.0,Full-time,Rent,43.0,10.3,25,658,Fair (620-679)
BOR103362,34,IN,65300.0,Full-time,Mortgage,29.9,1.5,14,739,Good (680-739)
BOR103363,53,NJ,32700.0,Retired,Rent,37.1,0.7,33,597,Poor (<620)
BOR103364,46,PA,58900.0,Full-time,Mortgage,45.0,0.2,23,756,Very Good (740-799)
BOR103365,53,WA,25000.0,Retired,Own,40.1,6.5,34,679,Fair (620-679)
BOR103366,32,TX,34600.0,Full-time,Mortgage,27.9,5.7,16,677,Fair (620-679)
BOR103367,24,LA,84700.0,Full-time,Rent,30.0,4.4,8,635,Fair (620-679)
BOR103368,46,MS,54600.0,Full-time,Rent,22.1,2.9,25,600,Poor (<620)
BOR103369,29,NV,52700.0,Full-time,Rent,50.2,8.9,13,572,Poor (<620)
BOR103370,54,AZ,72700.0,Full-time,Mortgage,35.1,0.8,31,630,Fair (620-679)
BOR103371,19,AZ,61400.0,Full-time,Rent,18.0,4.8,3,718,Good (680-739)
BOR103372,35,NH,41400.0,Full-time,Own,23.6,1.5,14,618,Poor (<620)
BOR103373,34,OH,71100.0,Full-time,Rent,30.5,1.3,12,579,Poor (<620)
BOR103374,37,TX,21800.0,Full-time,Rent,45.4,3.5,20,621,Fair (620-679)
BOR103375,44,AZ,34500.0,Full-time,Own,30.1,1.1,28,655,Fair (620-679)
BOR103376,46,NC,44600.0,Part-time,Rent,38.0,4.2,23,658,Fair (620-679)
BOR103377,49,NC,59700.0,Full-time,Rent,24.9,4.3,31,672,Fair (620-679)
BOR103378,50,CA,40300.0,Full-time,Other,38.4,1.2,32,747,Very Good (740-799)
BOR103379,39,TN,20900.0,Self-employed,Own,45.0,16.2,19,761,Very Good (740-799)
BOR103380,66,OH,19600.0,Full-time,Rent,39.9,2.0,48,810,Exceptional (800+)
BOR103381,58,PA,45200.0,Self-employed,Own,7.4,1.1,38,574,Poor (<620)
BOR103382,37,TX,37600.0,Full-time,Mortgage,30.5,2.7,19,624,Fair (620-679)
BOR103383,39,NC,31000.0,Part-time,Rent,21.4,0.9,19,725,Good (680-739)
BOR103384,37,LA,28700.0,Full-time,Mortgage,38.7,0.2,21,650,Fair (620-679)
BOR103385,45,NC,49500.0,Part-time,Mortgage,32.7,1.6,25,736,Good (680-739)
BOR103386,29,MO,83800.0,Part-time,Rent,49.1,2.1,9,693,Good (680-739)
BOR103387,32,CO,49500.0,Full-time,Own,28.7,6.6,13,783,Very Good (740-799)
BOR103388,19,NC,84300.0,Full-time,Rent,32.7,8.1,1,748,Very Good (740-799)
BOR103389,36,NV,39400.0,Part-time,Rent,30.8,5.3,15,749,Very Good (740-799)
BOR103390,54,MD,56900.0,Full-time,Mortgage,39.2,4.9,36,653,Fair (620-679)
BOR103391,39,AZ,85700.0,Full-time,Rent,22.3,12.2,21,674,Fair (620-679)
BOR103392,40,CA,43400.0,Full-time,Other,22.0,5.5,23,660,Fair (620-679)
BOR103393,44,CA,47200.0,Full-time,Mortgage,26.4,3.0,25,582,Poor (<620)
BOR103394,29,NH,39400.0,Part-time,Mortgage,37.8,0.2,10,776,Very Good (740-799)
BOR103395,41,MN,60900.0,Full-time,Own,42.4,3.7,22,728,Good (680-739)
BOR103396,52,MS,70000.0,Full-time,Other,31.1,6.6,34,658,Fair (620-679)
BOR103397,45,MS,54600.0,Full-time,Own,37.9,9.4,27,765,Very Good (740-799)
BOR103398,53,CA,42100.0,Self-employed,Mortgage,37.1,3.4,32,639,Fair (620-679)
BOR103399,56,MN,23700.0,Full-time,Rent,31.4,6.2,33,561,Poor (<620)
BOR103400,49,NJ,45600.0,Full-time,Rent,31.2,3.1,28,745,Very Good (740-799)
BOR103401,32,MN,42800.0,Full-time,Rent,39.6,10.3,9,597,Poor (<620)
BOR103402,37,CA,51900.0,Full-time,Own,51.2,6.5,17,667,Fair (620-679)
BOR103403,64,GA,49100.0,Full-time,Rent,41.9,13.1,43,693,Good (680-739)
BOR103404,45,CO,94600.0,Full-time,Rent,44.0,0.1,27,705,Good (680-739)
BOR103405,43,MN,34100.0,Full-time,Rent,52.4,11.0,22,735,Good (680-739)
BOR103406,31,TN,23000.0,Self-employed,Rent,25.0,2.6,11,718,Good (680-739)
BOR103407,40,GA,27900.0,Part-time,Own,39.0,6.4,18,716,Good (680-739)
BOR103408,50,GA,35100.0,Self-employed,Own,46.6,4.9,31,629,Fair (620-679)
BOR103409,41,UT,75900.0,Self-employed,Own,41.4,1.5,23,699,Good (680-739)
BOR103410,35,NJ,26000.0,Full-time,Mortgage,26.0,1.1,16,582,Poor (<620)
BOR103411,38,NJ,27600.0,Part-time,Mortgage,24.0,16.5,18,782,Very Good (740-799)
BOR103412,55,AZ,56200.0,Full-time,Mortgage,48.3,0.7,39,589,Poor (<620)
BOR103413,49,NJ,68300.0,Self-employed,Mortgage,36.2,6.0,31,657,Fair (620-679)
BOR103414,47,AZ,23200.0,Retired,Rent,35.1,7.2,28,594,Poor (<620)
BOR103415,46,NJ,21000.0,Full-time,Rent,32.2,7.7,23,633,Fair (620-679)
BOR103416,27,NV,32700.0,Full-time,Rent,47.1,2.0,7,681,Good (680-739)
BOR103417,44,MS,62700.0,Full-time,Mortgage,41.7,3.0,24,646,Fair (620-679)
BOR103418,54,MS,49700.0,Self-employed,Mortgage,30.1,0.9,36,754,Very Good (740-799)
BOR103419,38,AZ,33300.0,Full-time,Own,41.1,2.5,18,695,Good (680-739)
BOR103420,53,NJ,65000.0,Full-time,Rent,33.8,4.5,30,650,Fair (620-679)
BOR103421,48,MD,49300.0,Self-employed,Rent,40.7,0.4,29,671,Fair (620-679)
BOR103422,51,NV,44400.0,Full-time,Own,45.6,15.7,29,759,Very Good (740-799)
BOR103423,42,AZ,22600.0,Full-time,Mortgage,44.4,13.3,22,739,Good (680-739)
BOR103424,52,MD,33000.0,Full-time,Own,14.7,12.6,30,606,Poor (<620)
BOR103425,23,CO,112500.0,Full-time,Mortgage,37.1,10.3,5,636,Fair (620-679)
BOR103426,41,MO,40100.0,Full-time,Own,46.8,4.6,22,711,Good (680-739)
BOR103427,50,WI,30300.0,Full-time,Rent,24.8,3.9,30,703,Good (680-739)
BOR103428,45,IL,39300.0,Full-time,Mortgage,51.9,2.2,28,612,Poor (<620)
BOR103429,54,WA,49200.0,Full-time,Rent,38.2,9.2,37,729,Good (680-739)
BOR103430,39,MA,69400.0,Retired,Mortgage,41.6,0.0,19,622,Fair (620-679)
BOR103431,34,CA,61700.0,Part-time,Mortgage,41.6,9.9,17,765,Very Good (740-799)
BOR103432,21,LA,34400.0,Full-time,Rent,18.6,1.1,4,714,Good (680-739)
BOR103433,38,TN,82600.0,Full-time,Own,42.0,7.2,21,606,Poor (<620)
BOR103434,47,NY,67300.0,Self-employed,Rent,36.9,6.1,26,646,Fair (620-679)
BOR103435,50,NV,38200.0,Full-time,Own,27.5,3.4,33,644,Fair (620-679)
BOR103436,24,MD,44000.0,Retired,Mortgage,48.2,0.7,4,690,Good (680-739)
BOR103437,55,CO,61100.0,Retired,Rent,13.1,0.8,36,667,Fair (620-679)
BOR103438,29,MI,75600.0,Unemployed,Own,25.9,3.9,12,606,Poor (<620)
BOR103439,40,NV,23500.0,Full-time,Own,46.5,6.7,24,589,Poor (<620)
BOR103440,34,NJ,48100.0,Full-time,Mortgage,42.1,4.5,13,716,Good (680-739)
BOR103441,46,MA,46000.0,Full-time,Mortgage,26.6,11.5,28,699,Good (680-739)
BOR103442,42,CA,36100.0,Full-time,Mortgage,24.9,2.9,19,687,Good (680-739)
BOR103443,49,IN,36000.0,Full-time,Rent,30.4,4.0,30,698,Good (680-739)
BOR103444,63,MD,74900.0,Full-time,Own,35.9,1.8,45,640,Fair (620-679)
BOR103445,46,AZ,59300.0,Part-time,Rent,28.6,0.3,29,692,Good (680-739)
BOR103446,34,WA,120300.0,Full-time,Rent,32.1,3.5,18,845,Exceptional (800+)
BOR103447,47,NV,36100.0,Full-time,Rent,33.9,1.0,29,756,Very Good (740-799)
BOR103448,64,MO,49600.0,Full-time,Other,29.8,3.1,47,661,Fair (620-679)
BOR103449,49,OH,53600.0,Full-time,Rent,28.7,2.0,29,646,Fair (620-679)
BOR103450,52,UT,69800.0,Part-time,Own,21.5,7.6,36,500,Poor (<620)
BOR103451,22,MD,85900.0,Self-employed,Own,33.0,0.4,1,749,Very Good (740-799)
BOR103452,46,NH,48600.0,Self-employed,Rent,32.8,6.2,27,731,Good (680-739)
BOR103453,38,UT,28500.0,Part-time,Mortgage,23.9,4.3,20,645,Fair (620-679)
BOR103454,33,MS,33900.0,Full-time,Mortgage,36.1,6.0,17,587,Poor (<620)
BOR103455,41,CO,49700.0,Self-employed,Rent,45.0,4.7,25,605,Poor (<620)
BOR103456,42,TN,77300.0,Full-time,Mortgage,33.9,6.3,25,709,Good (680-739)
BOR103457,34,PA,24300.0,Self-employed,Mortgage,37.6,0.9,13,674,Fair (620-679)
BOR103458,43,AZ,27500.0,Full-time,Mortgage,43.1,2.4,27,725,Good (680-739)
BOR103459,39,CO,65600.0,Part-time,Mortgage,32.9,2.7,16,686,Good (680-739)
BOR103460,49,WA,26100.0,Full-time,Own,42.2,10.3,33,743,Very Good (740-799)
BOR103461,44,LA,28100.0,Full-time,Other,10.2,12.5,21,704,Good (680-739)
BOR103462,46,FL,77800.0,Full-time,Mortgage,26.2,0.6,28,734,Good (680-739)
BOR103463,53,MI,42200.0,Full-time,Rent,22.2,5.5,34,544,Poor (<620)
BOR103464,48,WA,40800.0,Full-time,Own,47.4,0.3,27,600,Poor (<620)
BOR103465,41,NJ,86300.0,Self-employed,Own,39.6,1.3,24,656,Fair (620-679)
BOR103466,19,FL,28900.0,Full-time,Own,21.2,0.3,2,750,Very Good (740-799)
BOR103467,47,PA,26400.0,Part-time,Own,23.5,1.9,26,802,Exceptional (800+)
BOR103468,30,NV,97100.0,Self-employed,Rent,19.5,5.1,10,669,Fair (620-679)
BOR103469,40,VA,51800.0,Full-time,Own,36.5,1.3,18,640,Fair (620-679)
BOR103470,45,TX,63300.0,Unemployed,Mortgage,35.2,6.2,26,553,Poor (<620)
BOR103471,57,CA,40500.0,Full-time,Rent,29.0,8.4,37,736,Good (680-739)
BOR103472,63,VA,44400.0,Full-time,Mortgage,24.5,4.9,45,644,Fair (620-679)
BOR103473,30,PA,34000.0,Full-time,Own,32.9,0.2,12,850,Exceptional (800+)
BOR103474,25,MD,53800.0,Part-time,Mortgage,59.0,0.3,2,632,Fair (620-679)
BOR103475,45,MN,67800.0,Full-time,Own,29.4,7.3,27,817,Exceptional (800+)
BOR103476,44,IL,50900.0,Full-time,Mortgage,44.7,3.3,21,729,Good (680-739)
BOR103477,27,TN,75200.0,Full-time,Mortgage,30.2,2.3,8,613,Poor (<620)
BOR103478,41,PA,62800.0,Self-employed,Mortgage,42.9,0.5,21,695,Good (680-739)
BOR103479,48,GA,29100.0,Self-employed,Mortgage,39.3,2.0,31,730,Good (680-739)
BOR103480,26,LA,43700.0,Full-time,Mortgage,32.9,2.9,8,665,Fair (620-679)
BOR103481,29,AZ,38100.0,Full-time,Rent,39.6,2.6,10,734,Good (680-739)
BOR103482,33,LA,65500.0,Part-time,Own,45.2,2.6,11,733,Good (680-739)
BOR103483,38,IL,57400.0,Self-employed,Mortgage,33.9,3.9,16,719,Good (680-739)
BOR103484,49,NC,49400.0,Full-time,Rent,31.4,1.4,29,679,Fair (620-679)
BOR103485,37,VA,73600.0,Part-time,Rent,39.9,3.3,17,604,Poor (<620)
BOR103486,42,VA,20100.0,Full-time,Mortgage,49.5,0.8,26,675,Fair (620-679)
BOR103487,68,NH,35500.0,Full-time,Rent,19.3,1.9,50,691,Good (680-739)
BOR103488,30,FL,36900.0,Full-time,Other,20.5,10.1,7,558,Poor (<620)
BOR103489,33,NV,52200.0,Self-employed,Rent,47.4,1.1,12,691,Good (680-739)
BOR103490,49,LA,59800.0,Part-time,Rent,27.8,1.5,27,674,Fair (620-679)
BOR103491,53,AZ,46600.0,Full-time,Rent,45.7,5.1,35,596,Poor (<620)
BOR103492,46,NC,25800.0,Part-time,Rent,26.5,1.3,25,658,Fair (620-679)
BOR103493,63,WA,56000.0,Full-time,Mortgage,28.5,3.1,46,660,Fair (620-679)
BOR103494,45,GA,49400.0,Full-time,Rent,43.6,4.8,24,805,Exceptional (800+)
BOR103495,19,MN,24100.0,Self-employed,Mortgage,40.6,4.2,3,694,Good (680-739)
BOR103496,42,WA,40800.0,Full-time,Mortgage,21.9,5.6,19,747,Very Good (740-799)
BOR103497,34,MS,55200.0,Self-employed,Own,39.2,0.5,12,672,Fair (620-679)
BOR103498,58,TN,98100.0,Self-employed,Rent,26.5,0.1,37,558,Poor (<620)
BOR103499,53,WA,28600.0,Part-time,Mortgage,37.6,4.7,33,724,Good (680-739)
BOR103500,22,MD,66500.0,Full-time,Rent,33.8,6.1,1,637,Fair (620-679)
BOR103501,57,WA,28700.0,Self-employed,Rent,31.5,7.6,41,658,Fair (620-679)
BOR103502,52,MS,26300.0,Full-time,Mortgage,27.1,1.4,35,612,Poor (<620)
BOR103503,37,PA,27000.0,Full-time,Mortgage,16.5,1.0,18,685,Good (680-739)
BOR103504,40,NH,61200.0,Full-time,Mortgage,26.9,4.2,24,749,Very Good (740-799)
BOR103505,58,NV,49400.0,Full-time,Rent,40.2,3.3,40,741,Very Good (740-799)
BOR103506,19,LA,40500.0,Full-time,Mortgage,37.8,4.3,1,783,Very Good (740-799)
BOR103507,46,VA,57300.0,Full-time,Rent,24.9,4.5,28,792,Very Good (740-799)
BOR103508,54,NV,47500.0,Full-time,Rent,44.3,5.8,35,547,Poor (<620)
BOR103509,40,GA,49000.0,Full-time,Own,36.9,2.1,17,602,Poor (<620)
BOR103510,49,CO,40700.0,Retired,Rent,39.5,9.5,28,562,Poor (<620)
BOR103511,42,NY,29400.0,Full-time,Mortgage,23.0,3.7,19,721,Good (680-739)
BOR103512,32,GA,99800.0,Full-time,Mortgage,51.4,0.5,15,635,Fair (620-679)
BOR103513,31,NJ,87600.0,Retired,Other,38.2,5.0,10,648,Fair (620-679)
BOR103514,50,NC,95400.0,Self-employed,Mortgage,48.8,1.0,27,666,Fair (620-679)
BOR103515,33,MI,36600.0,Part-time,Own,27.1,0.2,16,705,Good (680-739)
BOR103516,23,NV,34300.0,Full-time,Mortgage,15.1,0.6,7,583,Poor (<620)
BOR103517,42,OH,38700.0,Full-time,Rent,24.0,1.7,26,598,Poor (<620)
BOR103518,35,WI,75600.0,Full-time,Rent,43.9,2.7,12,680,Good (680-739)
BOR103519,27,TX,46600.0,Self-employed,Own,22.2,2.4,11,758,Very Good (740-799)
BOR103520,42,CO,36500.0,Full-time,Own,48.4,1.4,23,678,Fair (620-679)
BOR103521,50,MN,54900.0,Part-time,Rent,26.2,7.0,34,629,Fair (620-679)
BOR103522,41,NJ,33500.0,Self-employed,Own,37.3,4.1,23,540,Poor (<620)
BOR103523,28,MD,25300.0,Full-time,Mortgage,35.8,4.7,5,742,Very Good (740-799)
BOR103524,47,MS,49400.0,Full-time,Other,30.4,1.3,30,632,Fair (620-679)
BOR103525,53,MN,37000.0,Full-time,Rent,30.4,4.1,36,605,Poor (<620)
BOR103526,68,MI,46300.0,Full-time,Mortgage,23.6,4.5,52,569,Poor (<620)
BOR103527,58,VA,18000.0,Full-time,Mortgage,53.1,0.4,37,586,Poor (<620)
BOR103528,29,MN,31200.0,Full-time,Mortgage,38.6,2.9,12,618,Poor (<620)
BOR103529,51,GA,45700.0,Full-time,Rent,17.2,4.2,33,664,Fair (620-679)
BOR103530,44,NV,23600.0,Full-time,Own,19.9,3.5,22,601,Poor (<620)
BOR103531,27,NC,23900.0,Full-time,Rent,38.8,9.5,5,692,Good (680-739)
BOR103532,44,NV,47500.0,Full-time,Own,33.3,0.8,25,664,Fair (620-679)
BOR103533,64,FL,63900.0,Full-time,Mortgage,15.3,0.3,42,824,Exceptional (800+)
BOR103534,55,TX,31200.0,Full-time,Rent,58.8,0.8,35,569,Poor (<620)
BOR103535,29,NH,41400.0,Full-time,Rent,5.6,1.0,11,690,Good (680-739)
BOR103536,41,LA,41900.0,Self-employed,Rent,28.8,3.7,24,691,Good (680-739)
BOR103537,47,LA,23100.0,Full-time,Mortgage,33.6,2.5,29,613,Poor (<620)
BOR103538,20,UT,79400.0,Full-time,Mortgage,26.6,1.6,4,686,Good (680-739)
BOR103539,21,NJ,42900.0,Full-time,Own,42.0,0.8,2,730,Good (680-739)
BOR103540,43,GA,43200.0,Full-time,Own,38.6,1.4,27,686,Good (680-739)
BOR103541,43,NY,55200.0,Full-time,Mortgage,34.9,12.6,27,770,Very Good (740-799)
BOR103542,19,WA,23100.0,Full-time,Rent,32.7,8.7,2,538,Poor (<620)
BOR103543,46,IL,70500.0,Full-time,Rent,38.8,1.7,30,625,Fair (620-679)
BOR103544,54,MS,74800.0,Retired,Other,31.3,6.4,37,776,Very Good (740-799)
BOR103545,38,CA,49700.0,Self-employed,Rent,18.3,6.0,16,739,Good (680-739)
BOR103546,42,NY,57400.0,Full-time,Rent,43.1,1.1,19,715,Good (680-739)
BOR103547,48,OH,40300.0,Full-time,Own,50.9,7.9,29,760,Very Good (740-799)
BOR103548,46,PA,68800.0,Full-time,Rent,34.3,6.9,26,555,Poor (<620)
BOR103549,21,IL,32200.0,Full-time,Mortgage,34.5,14.1,2,732,Good (680-739)
BOR103550,30,IN,46000.0,Full-time,Mortgage,33.1,4.4,10,749,Very Good (740-799)
BOR103551,36,NC,47200.0,Retired,Own,20.3,2.0,16,637,Fair (620-679)
BOR103552,31,TN,45800.0,Full-time,Mortgage,28.0,13.2,13,850,Exceptional (800+)
BOR103553,59,LA,75400.0,Self-employed,Rent,41.4,0.3,41,693,Good (680-739)
BOR103554,49,TN,124800.0,Full-time,Mortgage,36.0,2.9,28,537,Poor (<620)
BOR103555,28,MD,44400.0,Self-employed,Rent,50.6,5.5,6,705,Good (680-739)
BOR103556,38,NC,57600.0,Full-time,Rent,40.9,16.9,21,633,Fair (620-679)
BOR103557,55,PA,32500.0,Full-time,Rent,29.4,4.4,39,756,Very Good (740-799)
BOR103558,33,NC,74200.0,Full-time,Mortgage,40.2,1.2,17,716,Good (680-739)
BOR103559,51,UT,36900.0,Full-time,Rent,31.5,4.6,34,641,Fair (620-679)
BOR103560,58,TN,192000.0,Full-time,Mortgage,17.0,1.0,39,778,Very Good (740-799)
BOR103561,56,OH,22000.0,Full-time,Own,44.0,1.4,33,741,Very Good (740-799)
BOR103562,43,NJ,122600.0,Self-employed,Mortgage,38.6,2.7,23,626,Fair (620-679)
BOR103563,56,NV,72800.0,Self-employed,Mortgage,62.9,7.9,33,670,Fair (620-679)
BOR103564,35,MO,28100.0,Full-time,Mortgage,28.1,11.8,12,714,Good (680-739)
BOR103565,71,AZ,132400.0,Full-time,Mortgage,40.9,6.8,55,656,Fair (620-679)
BOR103566,44,LA,30700.0,Self-employed,Mortgage,26.1,3.7,27,658,Fair (620-679)
BOR103567,55,MO,40500.0,Unemployed,Rent,24.8,1.9,35,682,Good (680-739)
BOR103568,37,IN,26000.0,Full-time,Rent,56.8,15.8,14,611,Poor (<620)
BOR103569,47,PA,43700.0,Full-time,Rent,12.9,3.2,26,535,Poor (<620)
BOR103570,48,FL,45500.0,Full-time,Mortgage,33.1,11.1,29,696,Good (680-739)
BOR103571,30,UT,67700.0,Full-time,Rent,50.9,6.5,12,551,Poor (<620)
BOR103572,29,TN,139700.0,Self-employed,Rent,18.0,2.8,11,615,Poor (<620)
BOR103573,39,NJ,37000.0,Full-time,Mortgage,28.4,0.7,23,565,Poor (<620)
BOR103574,54,MA,18000.0,Part-time,Mortgage,42.5,3.6,34,573,Poor (<620)
BOR103575,19,TX,62400.0,Full-time,Mortgage,21.4,4.5,1,708,Good (680-739)
BOR103576,37,NV,36400.0,Full-time,Mortgage,36.7,13.8,17,666,Fair (620-679)
BOR103577,57,IL,105700.0,Full-time,Rent,25.5,1.2,35,663,Fair (620-679)
BOR103578,26,NV,45900.0,Full-time,Mortgage,46.8,1.6,5,594,Poor (<620)
BOR103579,56,AZ,33100.0,Full-time,Own,46.5,0.3,35,637,Fair (620-679)
BOR103580,27,OH,29600.0,Full-time,Rent,28.6,0.7,11,704,Good (680-739)
BOR103581,30,CA,61700.0,Full-time,Rent,5.0,3.0,13,677,Fair (620-679)
BOR103582,39,NV,41200.0,Retired,Rent,38.6,0.0,17,733,Good (680-739)
BOR103583,63,PA,90300.0,Self-employed,Mortgage,43.7,3.2,43,743,Very Good (740-799)
BOR103584,33,TX,42400.0,Full-time,Rent,38.7,4.5,16,664,Fair (620-679)
BOR103585,20,CO,88100.0,Retired,Own,37.4,12.4,3,560,Poor (<620)
BOR103586,24,NC,25100.0,Full-time,Rent,36.1,5.8,1,631,Fair (620-679)
BOR103587,52,MI,21300.0,Full-time,Other,30.0,0.6,32,674,Fair (620-679)
BOR103588,25,OH,67700.0,Full-time,Rent,25.8,4.9,6,630,Fair (620-679)
BOR103589,55,LA,37800.0,Self-employed,Mortgage,33.8,1.0,36,611,Poor (<620)
BOR103590,42,GA,41400.0,Full-time,Rent,31.0,2.5,22,685,Good (680-739)
BOR103591,41,IL,29600.0,Retired,Mortgage,40.1,4.9,21,838,Exceptional (800+)
BOR103592,45,GA,28600.0,Full-time,Rent,24.7,0.7,25,648,Fair (620-679)
BOR103593,31,PA,62100.0,Retired,Rent,28.9,3.5,13,680,Good (680-739)
BOR103594,43,GA,46200.0,Part-time,Own,34.0,0.7,27,595,Poor (<620)
BOR103595,27,TX,28900.0,Self-employed,Own,25.5,0.2,7,761,Very Good (740-799)
BOR103596,57,PA,66600.0,Unemployed,Rent,19.2,0.2,37,737,Good (680-739)
BOR103597,29,NJ,79100.0,Full-time,Mortgage,39.5,2.9,9,732,Good (680-739)
BOR103598,46,LA,44400.0,Full-time,Mortgage,20.0,1.4,23,768,Very Good (740-799)
BOR103599,29,TX,73200.0,Full-time,Rent,34.9,9.9,12,652,Fair (620-679)
BOR103600,35,IL,29700.0,Self-employed,Rent,38.4,5.7,14,660,Fair (620-679)
BOR103601,37,MS,60500.0,Full-time,Rent,47.2,3.2,21,791,Very Good (740-799)
BOR103602,77,LA,50200.0,Full-time,Rent,56.1,0.8,55,721,Good (680-739)
BOR103603,41,MO,32700.0,Full-time,Rent,46.2,2.6,20,536,Poor (<620)
BOR103604,31,OH,117500.0,Full-time,Mortgage,25.9,7.9,12,710,Good (680-739)
BOR103605,36,NJ,51800.0,Full-time,Own,30.0,9.6,19,642,Fair (620-679)
BOR103606,23,IL,35700.0,Full-time,Rent,36.0,0.7,4,738,Good (680-739)
BOR103607,39,NY,47000.0,Retired,Rent,32.4,7.3,19,707,Good (680-739)
BOR103608,63,MI,31500.0,Full-time,Rent,34.5,2.6,47,567,Poor (<620)
BOR103609,45,MA,27700.0,Unemployed,Rent,45.5,0.7,29,697,Good (680-739)
BOR103610,52,NC,38100.0,Full-time,Rent,34.3,6.9,35,694,Good (680-739)
BOR103611,30,TN,39300.0,Full-time,Mortgage,42.1,12.3,12,704,Good (680-739)
BOR103612,39,GA,32500.0,Retired,Rent,21.7,0.7,19,717,Good (680-739)
BOR103613,43,NC,81900.0,Part-time,Mortgage,37.8,0.9,27,777,Very Good (740-799)
BOR103614,32,MN,33000.0,Full-time,Rent,16.2,4.5,13,707,Good (680-739)
BOR103615,46,LA,30700.0,Self-employed,Mortgage,44.1,8.0,28,681,Good (680-739)
BOR103616,48,NC,27300.0,Full-time,Mortgage,31.1,5.0,28,755,Very Good (740-799)
BOR103617,48,MA,26200.0,Full-time,Mortgage,19.1,1.4,27,826,Exceptional (800+)
BOR103618,39,OH,74000.0,Part-time,Rent,30.1,3.0,18,739,Good (680-739)
BOR103619,54,TX,52400.0,Part-time,Rent,37.7,10.0,33,693,Good (680-739)
BOR103620,38,WI,63600.0,Full-time,Rent,20.5,6.6,18,708,Good (680-739)
BOR103621,37,PA,73700.0,Full-time,Rent,24.1,2.2,20,697,Good (680-739)
BOR103622,58,NJ,40100.0,Full-time,Mortgage,28.9,27.3,38,681,Good (680-739)
BOR103623,28,WA,90400.0,Full-time,Mortgage,41.2,2.8,12,821,Exceptional (800+)
BOR103624,21,PA,35200.0,Full-time,Mortgage,12.8,1.0,2,631,Fair (620-679)
BOR103625,31,FL,28500.0,Full-time,Mortgage,37.5,4.2,15,755,Very Good (740-799)
BOR103626,46,NC,55200.0,Full-time,Rent,30.4,0.3,28,672,Fair (620-679)
BOR103627,56,UT,49800.0,Self-employed,Rent,43.6,2.8,34,584,Poor (<620)
BOR103628,33,TN,49700.0,Unemployed,Own,36.9,0.9,17,668,Fair (620-679)
BOR103629,63,MI,73600.0,Self-employed,Rent,46.5,7.8,45,644,Fair (620-679)
BOR103630,41,TX,48900.0,Full-time,Rent,37.0,6.2,25,718,Good (680-739)
BOR103631,40,TN,53700.0,Full-time,Own,20.8,1.0,17,686,Good (680-739)
BOR103632,31,FL,86000.0,Retired,Rent,37.2,1.4,9,614,Poor (<620)
BOR103633,64,AZ,52600.0,Full-time,Mortgage,37.8,0.0,44,776,Very Good (740-799)
BOR103634,39,CO,58200.0,Full-time,Mortgage,25.9,2.0,22,751,Very Good (740-799)
BOR103635,25,NJ,24600.0,Full-time,Mortgage,27.4,0.3,2,783,Very Good (740-799)
BOR103636,70,GA,248600.0,Full-time,Own,8.7,1.6,54,695,Good (680-739)
BOR103637,46,TX,22800.0,Retired,Own,40.1,2.7,29,678,Fair (620-679)
BOR103638,51,CA,36600.0,Full-time,Mortgage,31.3,17.4,31,726,Good (680-739)
BOR103639,61,NJ,36100.0,Full-time,Own,27.0,1.3,38,642,Fair (620-679)
BOR103640,48,LA,120400.0,Full-time,Rent,22.6,0.4,31,688,Good (680-739)
BOR103641,53,OH,35600.0,Self-employed,Own,27.7,4.8,30,669,Fair (620-679)
BOR103642,42,MA,56900.0,Full-time,Own,37.1,0.9,25,585,Poor (<620)
BOR103643,50,MO,36200.0,Full-time,Rent,34.5,4.2,33,688,Good (680-739)
BOR103644,41,TX,29200.0,Retired,Rent,29.3,3.0,18,651,Fair (620-679)
BOR103645,41,PA,60300.0,Retired,Rent,20.4,5.2,18,664,Fair (620-679)
BOR103646,42,NC,33700.0,Full-time,Rent,29.2,3.6,25,704,Good (680-739)
BOR103647,36,MO,51200.0,Full-time,Rent,24.2,3.8,18,763,Very Good (740-799)
BOR103648,47,NJ,61800.0,Retired,Own,30.4,10.0,28,625,Fair (620-679)
BOR103649,47,WI,110000.0,Retired,Rent,38.7,1.1,30,658,Fair (620-679)
BOR103650,51,LA,26400.0,Full-time,Mortgage,27.1,2.2,28,630,Fair (620-679)
BOR103651,49,CO,43500.0,Full-time,Rent,49.2,5.9,31,626,Fair (620-679)
BOR103652,65,NH,44300.0,Full-time,Mortgage,26.8,0.2,43,641,Fair (620-679)
BOR103653,54,CO,46600.0,Full-time,Rent,15.3,6.3,38,667,Fair (620-679)
BOR103654,39,NV,148100.0,Full-time,Rent,30.2,3.3,20,718,Good (680-739)
BOR103655,46,NV,43100.0,Full-time,Own,26.4,0.8,26,701,Good (680-739)
BOR103656,58,MD,18000.0,Self-employed,Mortgage,65.0,1.8,41,611,Poor (<620)
BOR103657,30,MN,42600.0,Full-time,Mortgage,27.8,11.7,10,764,Very Good (740-799)
BOR103658,65,MS,44200.0,Retired,Own,17.1,8.0,46,741,Very Good (740-799)
BOR103659,32,VA,41800.0,Full-time,Mortgage,32.4,3.0,14,621,Fair (620-679)
BOR103660,52,IN,33700.0,Full-time,Rent,30.4,1.3,33,760,Very Good (740-799)
BOR103661,41,WA,25700.0,Retired,Mortgage,20.3,8.4,23,701,Good (680-739)
BOR103662,40,NV,123200.0,Full-time,Mortgage,35.6,2.6,22,670,Fair (620-679)
BOR103663,25,NJ,53800.0,Full-time,Mortgage,37.7,4.6,9,703,Good (680-739)
BOR103664,52,NV,42800.0,Full-time,Own,32.8,2.5,32,678,Fair (620-679)
BOR103665,26,MN,121500.0,Full-time,Mortgage,29.3,11.7,5,715,Good (680-739)
BOR103666,24,UT,31500.0,Full-time,Rent,28.3,2.2,1,692,Good (680-739)
BOR103667,55,OH,61100.0,Retired,Own,25.8,1.3,37,658,Fair (620-679)
BOR103668,62,MD,26600.0,Unemployed,Rent,19.2,4.3,43,548,Poor (<620)
BOR103669,33,CO,65400.0,Full-time,Rent,46.8,4.7,14,714,Good (680-739)
BOR103670,53,MS,28000.0,Full-time,Other,56.4,0.0,32,656,Fair (620-679)
BOR103671,51,MS,57600.0,Full-time,Mortgage,21.7,1.5,31,731,Good (680-739)
BOR103672,40,MA,112300.0,Retired,Mortgage,26.0,0.1,21,711,Good (680-739)
BOR103673,57,MA,48600.0,Full-time,Own,21.2,0.3,35,657,Fair (620-679)
BOR103674,39,PA,18000.0,Full-time,Mortgage,40.9,2.9,22,746,Very Good (740-799)
BOR103675,47,NH,47400.0,Full-time,Rent,21.8,19.1,26,693,Good (680-739)
BOR103676,26,OH,57900.0,Retired,Rent,39.0,5.2,9,691,Good (680-739)
BOR103677,26,MD,69900.0,Full-time,Other,36.3,3.4,3,671,Fair (620-679)
BOR103678,55,MN,90500.0,Full-time,Rent,30.5,4.8,34,789,Very Good (740-799)
BOR103679,48,NJ,92600.0,Full-time,Mortgage,45.6,0.5,27,634,Fair (620-679)
BOR103680,39,IL,44000.0,Full-time,Mortgage,28.5,19.4,17,659,Fair (620-679)
BOR103681,64,PA,34700.0,Full-time,Mortgage,32.0,5.1,46,600,Poor (<620)
BOR103682,64,LA,28200.0,Full-time,Rent,19.8,2.5,48,727,Good (680-739)
BOR103683,46,WA,36600.0,Full-time,Rent,7.6,7.4,24,642,Fair (620-679)
BOR103684,24,FL,57800.0,Full-time,Own,42.6,6.2,1,649,Fair (620-679)
BOR103685,40,MD,25400.0,Full-time,Rent,25.8,0.7,20,646,Fair (620-679)
BOR103686,31,OH,30700.0,Self-employed,Rent,43.6,7.9,12,684,Good (680-739)
BOR103687,42,LA,60100.0,Part-time,Rent,28.5,3.1,25,599,Poor (<620)
BOR103688,30,GA,34900.0,Full-time,Mortgage,30.9,0.6,13,534,Poor (<620)
BOR103689,27,PA,55100.0,Full-time,Rent,34.1,0.3,7,710,Good (680-739)
BOR103690,19,TX,32300.0,Full-time,Rent,26.6,1.0,2,543,Poor (<620)
BOR103691,43,WA,53100.0,Full-time,Own,15.8,1.9,27,736,Good (680-739)
BOR103692,19,NJ,32900.0,Self-employed,Mortgage,23.3,1.1,1,781,Very Good (740-799)
BOR103693,37,CO,19800.0,Full-time,Mortgage,22.5,0.6,19,669,Fair (620-679)
BOR103694,49,VA,71700.0,Full-time,Own,31.7,0.7,32,764,Very Good (740-799)
BOR103695,32,NC,34100.0,Full-time,Rent,43.2,11.3,16,678,Fair (620-679)
BOR103696,28,OH,41700.0,Retired,Rent,24.7,11.6,10,784,Very Good (740-799)
BOR103697,40,OH,34200.0,Part-time,Other,31.0,6.4,24,650,Fair (620-679)
BOR103698,31,MS,59600.0,Full-time,Mortgage,34.4,2.0,9,526,Poor (<620)
BOR103699,43,PA,54200.0,Full-time,Rent,24.1,10.8,26,675,Fair (620-679)
BOR103700,29,NH,59500.0,Full-time,Own,35.9,4.8,13,791,Very Good (740-799)
BOR103701,40,NC,36400.0,Full-time,Mortgage,43.0,8.6,20,715,Good (680-739)
BOR103702,37,FL,45600.0,Full-time,Rent,35.9,5.5,18,647,Fair (620-679)
BOR103703,41,OH,56300.0,Unemployed,Rent,31.5,1.0,22,701,Good (680-739)
BOR103704,61,TX,93500.0,Full-time,Other,23.6,15.3,41,743,Very Good (740-799)
BOR103705,43,MN,53500.0,Part-time,Mortgage,30.8,0.7,24,674,Fair (620-679)
BOR103706,47,WA,29700.0,Full-time,Rent,24.5,12.5,31,850,Exceptional (800+)
BOR103707,34,NC,52600.0,Full-time,Mortgage,26.1,3.9,14,646,Fair (620-679)
BOR103708,44,IN,43300.0,Full-time,Rent,30.8,1.2,24,745,Very Good (740-799)
BOR103709,38,TN,19000.0,Full-time,Own,29.9,2.0,21,730,Good (680-739)
BOR103710,41,NM,20300.0,Full-time,Own,42.3,1.1,20,635,Fair (620-679)
BOR103711,49,UT,45300.0,Retired,Other,26.1,5.0,28,652,Fair (620-679)
BOR103712,35,MO,47000.0,Full-time,Mortgage,35.9,5.2,14,746,Very Good (740-799)
BOR103713,36,NV,40800.0,Full-time,Rent,27.4,3.9,16,689,Good (680-739)
BOR103714,35,MN,69400.0,Full-time,Own,22.9,4.8,14,702,Good (680-739)
BOR103715,35,WA,30600.0,Unemployed,Rent,38.1,1.7,18,574,Poor (<620)
BOR103716,43,MD,25000.0,Full-time,Rent,36.2,2.4,27,723,Good (680-739)
BOR103717,37,TX,32200.0,Full-time,Own,26.0,0.2,17,699,Good (680-739)
BOR103718,59,CO,35400.0,Self-employed,Mortgage,5.0,1.8,37,676,Fair (620-679)
BOR103719,73,UT,45400.0,Full-time,Rent,43.2,2.5,55,703,Good (680-739)
BOR103720,34,TX,32600.0,Full-time,Own,39.8,6.9,14,653,Fair (620-679)
BOR103721,45,NV,18000.0,Full-time,Mortgage,43.5,1.5,24,642,Fair (620-679)
BOR103722,53,MS,18000.0,Full-time,Mortgage,44.1,4.7,30,664,Fair (620-679)
BOR103723,38,IL,49300.0,Full-time,Own,32.1,1.7,21,650,Fair (620-679)
BOR103724,29,WA,28100.0,Full-time,Own,27.8,5.2,7,822,Exceptional (800+)
BOR103725,62,MS,18900.0,Self-employed,Mortgage,14.1,1.1,46,739,Good (680-739)
BOR103726,49,UT,61800.0,Full-time,Mortgage,33.4,0.4,27,617,Poor (<620)
BOR103727,45,NY,93500.0,Full-time,Other,27.5,2.3,28,812,Exceptional (800+)
BOR103728,58,NC,44700.0,Full-time,Own,24.2,1.2,39,652,Fair (620-679)
BOR103729,50,MD,52600.0,Full-time,Own,18.4,4.4,31,682,Good (680-739)
BOR103730,40,IL,52800.0,Self-employed,Rent,21.7,2.7,17,738,Good (680-739)
BOR103731,29,NC,18000.0,Full-time,Rent,18.5,1.5,8,552,Poor (<620)
BOR103732,35,CA,69600.0,Full-time,Mortgage,41.9,7.8,16,665,Fair (620-679)
BOR103733,55,PA,81500.0,Part-time,Mortgage,43.2,3.3,37,643,Fair (620-679)
BOR103734,49,AZ,106600.0,Full-time,Mortgage,24.6,0.3,26,693,Good (680-739)
BOR103735,39,IN,38300.0,Full-time,Other,44.2,4.7,21,704,Good (680-739)
BOR103736,62,IN,28000.0,Self-employed,Rent,33.0,9.3,40,675,Fair (620-679)
BOR103737,39,MN,85900.0,Part-time,Mortgage,46.7,2.1,20,672,Fair (620-679)
BOR103738,53,NJ,58400.0,Full-time,Mortgage,38.0,0.3,36,749,Very Good (740-799)
BOR103739,44,OH,69100.0,Full-time,Rent,38.3,4.7,22,700,Good (680-739)
BOR103740,64,CA,34900.0,Full-time,Rent,34.5,2.5,48,683,Good (680-739)
BOR103741,50,IL,52700.0,Self-employed,Own,24.8,15.7,28,690,Good (680-739)
BOR103742,42,GA,29000.0,Full-time,Other,18.8,3.7,20,799,Very Good (740-799)
BOR103743,39,PA,46500.0,Full-time,Rent,34.0,2.5,16,691,Good (680-739)
BOR103744,41,CA,39900.0,Self-employed,Rent,31.0,5.0,18,647,Fair (620-679)
BOR103745,32,PA,133900.0,Full-time,Rent,58.0,3.5,10,556,Poor (<620)
BOR103746,25,IN,59700.0,Full-time,Rent,39.5,7.6,9,587,Poor (<620)
BOR103747,45,TN,18000.0,Part-time,Rent,23.6,0.5,26,650,Fair (620-679)
BOR103748,35,MS,46600.0,Full-time,Rent,31.2,3.4,13,673,Fair (620-679)
BOR103749,35,MN,55000.0,Full-time,Rent,28.3,1.0,15,644,Fair (620-679)
BOR103750,40,AZ,37700.0,Full-time,Rent,31.6,1.4,20,703,Good (680-739)
BOR103751,42,NY,28400.0,Full-time,Rent,18.9,1.1,22,643,Fair (620-679)
BOR103752,41,AZ,62800.0,Full-time,Own,41.1,4.9,24,621,Fair (620-679)
BOR103753,62,TX,30300.0,Self-employed,Mortgage,28.0,3.2,39,720,Good (680-739)
BOR103754,49,NJ,60400.0,Full-time,Mortgage,38.5,2.1,32,769,Very Good (740-799)
BOR103755,66,MI,29100.0,Self-employed,Own,26.0,0.5,45,608,Poor (<620)
BOR103756,36,NJ,36700.0,Full-time,Rent,28.0,3.3,20,696,Good (680-739)
BOR103757,50,GA,71700.0,Part-time,Rent,37.9,1.9,30,556,Poor (<620)
BOR103758,36,MD,58100.0,Full-time,Own,11.3,0.9,13,584,Poor (<620)
BOR103759,34,NV,47300.0,Full-time,Rent,41.9,4.2,13,642,Fair (620-679)
BOR103760,67,MN,46000.0,Retired,Mortgage,46.7,7.0,45,754,Very Good (740-799)
BOR103761,32,TN,48600.0,Full-time,Rent,46.5,0.3,9,629,Fair (620-679)
BOR103762,19,AZ,32700.0,Full-time,Rent,25.0,1.4,1,627,Fair (620-679)
BOR103763,33,CA,23600.0,Full-time,Own,35.0,10.9,16,682,Good (680-739)
BOR103764,19,MD,60200.0,Full-time,Rent,27.5,8.6,1,682,Good (680-739)
BOR103765,30,AZ,92800.0,Part-time,Own,17.1,1.1,7,629,Fair (620-679)
BOR103766,31,OH,61200.0,Full-time,Own,32.9,10.0,10,809,Exceptional (800+)
BOR103767,41,NC,52300.0,Full-time,Mortgage,17.4,1.3,23,663,Fair (620-679)
BOR103768,19,MS,27100.0,Full-time,Own,38.0,1.6,2,687,Good (680-739)
BOR103769,55,TN,69200.0,Full-time,Rent,40.2,13.6,37,654,Fair (620-679)
BOR103770,19,VA,57900.0,Full-time,Rent,44.9,2.4,1,709,Good (680-739)
BOR103771,39,TN,65600.0,Self-employed,Rent,37.1,0.2,22,760,Very Good (740-799)
BOR103772,37,NJ,74300.0,Full-time,Mortgage,27.9,1.1,19,788,Very Good (740-799)
BOR103773,51,VA,95200.0,Full-time,Mortgage,30.1,0.5,33,630,Fair (620-679)
BOR103774,45,GA,28200.0,Unemployed,Mortgage,33.2,0.8,27,752,Very Good (740-799)
BOR103775,55,NJ,26100.0,Full-time,Own,46.6,0.0,35,716,Good (680-739)
BOR103776,37,MD,49800.0,Full-time,Rent,46.7,1.8,16,743,Very Good (740-799)
BOR103777,35,TX,30800.0,Unemployed,Mortgage,31.2,4.0,18,674,Fair (620-679)
BOR103778,46,MN,28500.0,Full-time,Mortgage,41.8,3.8,24,668,Fair (620-679)
BOR103779,53,GA,80700.0,Full-time,Rent,26.8,6.4,36,741,Very Good (740-799)
BOR103780,51,MO,29600.0,Full-time,Rent,36.4,29.5,30,742,Very Good (740-799)
BOR103781,45,IN,46400.0,Full-time,Other,28.5,3.6,27,782,Very Good (740-799)
BOR103782,44,IN,22400.0,Part-time,Other,34.4,7.4,24,693,Good (680-739)
BOR103783,41,TN,48000.0,Full-time,Mortgage,23.8,0.8,25,673,Fair (620-679)
BOR103784,46,UT,79400.0,Self-employed,Rent,17.8,4.8,29,520,Poor (<620)
BOR103785,65,WA,80500.0,Full-time,Other,19.5,1.7,44,575,Poor (<620)
BOR103786,38,MD,74600.0,Full-time,Rent,37.8,5.5,21,654,Fair (620-679)
BOR103787,37,MD,45000.0,Full-time,Rent,20.9,5.4,20,608,Poor (<620)
BOR103788,36,IL,76900.0,Self-employed,Rent,28.6,0.5,14,733,Good (680-739)
BOR103789,46,GA,56600.0,Full-time,Own,40.9,2.3,24,595,Poor (<620)
BOR103790,19,NJ,38300.0,Full-time,Rent,43.2,1.1,1,647,Fair (620-679)
BOR103791,39,OH,55400.0,Full-time,Mortgage,22.2,1.0,20,650,Fair (620-679)
BOR103792,52,NC,69500.0,Full-time,Rent,8.0,0.5,32,758,Very Good (740-799)
BOR103793,35,MI,25700.0,Full-time,Rent,24.0,1.6,16,640,Fair (620-679)
BOR103794,43,TN,28900.0,Retired,Mortgage,34.0,3.9,26,709,Good (680-739)
BOR103795,66,IL,43700.0,Full-time,Rent,38.7,7.1,43,693,Good (680-739)
BOR103796,45,NV,26900.0,Full-time,Mortgage,20.2,2.0,23,739,Good (680-739)
BOR103797,19,NJ,26700.0,Full-time,Own,14.3,2.6,3,735,Good (680-739)
BOR103798,24,MD,38600.0,Full-time,Rent,22.9,6.5,8,678,Fair (620-679)
BOR103799,38,TX,72900.0,Self-employed,Mortgage,26.8,1.9,17,570,Poor (<620)
BOR103800,31,VA,72300.0,Retired,Rent,52.9,10.1,13,665,Fair (620-679)
BOR103801,42,CA,53900.0,Full-time,Rent,33.1,1.1,22,679,Fair (620-679)
BOR103802,37,MO,50600.0,Self-employed,Mortgage,38.5,3.6,18,699,Good (680-739)
BOR103803,55,NC,119300.0,Self-employed,Rent,43.0,1.3,34,632,Fair (620-679)
BOR103804,28,NM,36600.0,Full-time,Own,27.5,7.4,6,754,Very Good (740-799)
BOR103805,39,NC,52000.0,Full-time,Rent,33.0,3.3,16,681,Good (680-739)
BOR103806,44,AZ,35800.0,Full-time,Mortgage,34.5,1.1,27,620,Fair (620-679)
BOR103807,45,OH,26100.0,Unemployed,Mortgage,38.1,2.5,28,650,Fair (620-679)
BOR103808,43,TN,79500.0,Self-employed,Rent,30.7,1.3,25,805,Exceptional (800+)
BOR103809,19,VA,40600.0,Full-time,Mortgage,42.4,4.6,1,723,Good (680-739)
BOR103810,42,NC,63700.0,Full-time,Rent,43.0,0.6,24,748,Very Good (740-799)
BOR103811,39,PA,41700.0,Self-employed,Mortgage,29.2,6.4,18,612,Poor (<620)
BOR103812,51,FL,81700.0,Part-time,Rent,39.6,6.0,34,635,Fair (620-679)
BOR103813,50,FL,29800.0,Retired,Rent,35.9,0.7,31,636,Fair (620-679)
BOR103814,44,NH,78700.0,Part-time,Rent,58.6,2.5,28,692,Good (680-739)
BOR103815,45,NJ,69700.0,Full-time,Own,41.0,4.6,28,669,Fair (620-679)
BOR103816,57,CA,20800.0,Full-time,Rent,35.9,6.7,34,648,Fair (620-679)
BOR103817,55,UT,37000.0,Full-time,Rent,26.3,0.2,38,656,Fair (620-679)
BOR103818,44,CA,73800.0,Full-time,Rent,21.7,0.3,25,628,Fair (620-679)
BOR103819,67,NJ,97400.0,Full-time,Rent,37.3,14.7,48,668,Fair (620-679)
BOR103820,33,MD,64300.0,Self-employed,Rent,14.9,9.8,12,752,Very Good (740-799)
BOR103821,27,MS,39000.0,Part-time,Mortgage,48.2,3.6,6,582,Poor (<620)
BOR103822,41,MD,30200.0,Full-time,Rent,11.4,7.5,21,703,Good (680-739)
BOR103823,37,VA,60200.0,Full-time,Rent,21.7,6.8,17,770,Very Good (740-799)
BOR103824,19,NH,38500.0,Full-time,Rent,42.0,0.4,1,668,Fair (620-679)
BOR103825,33,TX,39200.0,Part-time,Rent,31.6,1.1,17,646,Fair (620-679)
BOR103826,45,NH,42200.0,Full-time,Own,33.8,6.4,28,740,Very Good (740-799)
BOR103827,40,NV,69300.0,Full-time,Mortgage,25.1,7.0,24,616,Poor (<620)
BOR103828,32,MS,105100.0,Full-time,Own,30.7,0.2,14,679,Fair (620-679)
BOR103829,42,OH,74000.0,Self-employed,Rent,38.8,0.4,24,612,Poor (<620)
BOR103830,42,NY,46800.0,Full-time,Mortgage,23.7,5.7,26,558,Poor (<620)
BOR103831,50,IN,31100.0,Full-time,Rent,29.4,3.9,34,670,Fair (620-679)
BOR103832,33,WA,63000.0,Self-employed,Own,32.1,0.3,14,598,Poor (<620)
BOR103833,51,WA,98700.0,Full-time,Rent,29.3,6.4,34,679,Fair (620-679)
BOR103834,28,MS,73200.0,Full-time,Own,39.5,4.7,7,752,Very Good (740-799)
BOR103835,35,TN,51200.0,Full-time,Mortgage,36.6,4.9,14,801,Exceptional (800+)
BOR103836,61,GA,37400.0,Full-time,Rent,31.0,3.4,41,686,Good (680-739)
BOR103837,29,NJ,54500.0,Full-time,Rent,14.9,2.7,10,746,Very Good (740-799)
BOR103838,33,NY,78400.0,Retired,Rent,43.8,2.0,10,706,Good (680-739)
BOR103839,26,PA,51800.0,Full-time,Rent,22.8,2.0,5,655,Fair (620-679)
BOR103840,31,NY,44500.0,Self-employed,Own,49.8,12.6,8,555,Poor (<620)
BOR103841,43,NV,34200.0,Full-time,Rent,23.6,7.9,25,786,Very Good (740-799)
BOR103842,49,MD,149500.0,Full-time,Mortgage,34.5,2.9,29,612,Poor (<620)
BOR103843,41,AZ,31200.0,Full-time,Own,38.4,4.9,25,770,Very Good (740-799)
BOR103844,37,MI,30000.0,Part-time,Rent,30.0,6.6,18,715,Good (680-739)
BOR103845,26,MO,50200.0,Unemployed,Other,35.1,1.7,10,617,Poor (<620)
BOR103846,32,NV,42600.0,Full-time,Mortgage,29.2,1.2,14,700,Good (680-739)
BOR103847,22,LA,73900.0,Retired,Own,50.9,2.2,6,819,Exceptional (800+)
BOR103848,50,AZ,75000.0,Part-time,Rent,34.0,0.5,33,780,Very Good (740-799)
BOR103849,51,NV,27000.0,Retired,Other,30.8,1.1,29,647,Fair (620-679)
BOR103850,41,WA,33200.0,Full-time,Mortgage,34.4,3.0,20,634,Fair (620-679)
BOR103851,46,VA,31400.0,Part-time,Rent,43.3,1.9,23,687,Good (680-739)
BOR103852,52,LA,66400.0,Retired,Own,35.9,5.8,29,669,Fair (620-679)
BOR103853,42,MI,56500.0,Part-time,Mortgage,33.8,0.8,25,758,Very Good (740-799)
BOR103854,58,MI,39500.0,Self-employed,Own,17.7,3.5,41,728,Good (680-739)
BOR103855,29,GA,51400.0,Full-time,Rent,43.6,0.1,6,570,Poor (<620)
BOR103856,37,WA,28100.0,Full-time,Rent,35.5,1.4,15,710,Good (680-739)
BOR103857,35,AZ,33400.0,Full-time,Rent,27.5,0.2,17,668,Fair (620-679)
BOR103858,49,IN,26000.0,Full-time,Own,35.3,5.4,31,682,Good (680-739)
BOR103859,24,NJ,49800.0,Full-time,Own,45.9,12.8,3,696,Good (680-739)
BOR103860,58,IL,49700.0,Self-employed,Rent,39.2,1.2,38,758,Very Good (740-799)
BOR103861,48,LA,29900.0,Full-time,Rent,51.7,0.5,29,744,Very Good (740-799)
BOR103862,62,NC,56400.0,Retired,Mortgage,40.7,0.5,44,631,Fair (620-679)
BOR103863,41,MS,75000.0,Full-time,Rent,12.7,6.2,21,676,Fair (620-679)
BOR103864,34,IL,29300.0,Full-time,Mortgage,44.6,7.3,11,651,Fair (620-679)
BOR103865,49,AZ,40300.0,Full-time,Rent,14.6,3.6,27,571,Poor (<620)
BOR103866,53,AZ,58800.0,Unemployed,Rent,45.5,6.6,32,673,Fair (620-679)
BOR103867,32,NV,46500.0,Full-time,Mortgage,40.9,1.2,10,800,Exceptional (800+)
BOR103868,19,NY,25100.0,Retired,Rent,48.8,0.4,3,569,Poor (<620)
BOR103869,19,MS,38200.0,Full-time,Mortgage,36.4,6.4,1,678,Fair (620-679)
BOR103870,44,AZ,37700.0,Full-time,Mortgage,34.9,4.5,25,676,Fair (620-679)
BOR103871,59,MA,43200.0,Self-employed,Rent,44.4,1.2,41,699,Good (680-739)
BOR103872,25,WA,44000.0,Full-time,Other,20.2,7.4,3,617,Poor (<620)
BOR103873,38,CA,94300.0,Full-time,Own,32.4,0.2,16,587,Poor (<620)
BOR103874,37,WA,42500.0,Full-time,Own,29.7,0.3,21,590,Poor (<620)
BOR103875,64,OH,21500.0,Full-time,Rent,27.7,0.9,46,767,Very Good (740-799)
BOR103876,68,NC,48600.0,Self-employed,Mortgage,26.3,2.7,47,616,Poor (<620)
BOR103877,46,IN,102400.0,Full-time,Rent,33.6,0.3,29,648,Fair (620-679)
BOR103878,52,WA,43300.0,Full-time,Mortgage,39.2,3.3,35,817,Exceptional (800+)
BOR103879,51,FL,38300.0,Full-time,Other,46.9,23.3,33,632,Fair (620-679)
BOR103880,26,TX,40600.0,Full-time,Mortgage,29.2,1.3,8,702,Good (680-739)
BOR103881,49,PA,60600.0,Self-employed,Rent,28.3,4.1,31,749,Very Good (740-799)
BOR103882,29,PA,40600.0,Full-time,Rent,5.0,2.2,7,746,Very Good (740-799)
BOR103883,39,TN,23600.0,Unemployed,Other,46.6,0.0,19,593,Poor (<620)
BOR103884,55,PA,34500.0,Full-time,Own,18.4,9.6,36,634,Fair (620-679)
BOR103885,42,LA,45300.0,Full-time,Mortgage,36.8,4.7,22,700,Good (680-739)
BOR103886,54,IL,59300.0,Full-time,Mortgage,34.9,6.0,31,805,Exceptional (800+)
BOR103887,57,FL,35900.0,Self-employed,Rent,41.9,3.3,38,631,Fair (620-679)
BOR103888,20,LA,40800.0,Full-time,Mortgage,23.2,2.4,1,648,Fair (620-679)
BOR103889,19,GA,47600.0,Full-time,Rent,37.7,11.6,1,707,Good (680-739)
BOR103890,55,NJ,32900.0,Full-time,Mortgage,48.3,2.9,38,720,Good (680-739)
BOR103891,55,UT,44700.0,Retired,Rent,34.3,4.7,39,724,Good (680-739)
BOR103892,44,NM,57500.0,Full-time,Rent,23.2,1.2,24,625,Fair (620-679)
BOR103893,46,MD,27300.0,Full-time,Own,17.3,6.2,24,645,Fair (620-679)
BOR103894,52,TX,53500.0,Full-time,Rent,46.9,1.4,32,694,Good (680-739)
BOR103895,51,TN,28500.0,Full-time,Own,27.6,4.3,30,762,Very Good (740-799)
BOR103896,37,NH,28800.0,Full-time,Other,29.6,0.6,20,664,Fair (620-679)
BOR103897,52,NM,34600.0,Full-time,Rent,57.3,0.4,34,679,Fair (620-679)
BOR103898,37,FL,86200.0,Full-time,Mortgage,41.2,9.0,19,613,Poor (<620)
BOR103899,44,MI,21600.0,Full-time,Mortgage,43.5,0.9,24,801,Exceptional (800+)
BOR103900,43,GA,37800.0,Full-time,Rent,48.4,4.2,25,690,Good (680-739)
BOR103901,31,NY,46100.0,Full-time,Rent,16.4,6.2,12,750,Very Good (740-799)
BOR103902,32,MD,78800.0,Self-employed,Rent,47.3,0.6,15,682,Good (680-739)
BOR103903,68,OH,112000.0,Full-time,Mortgage,48.7,0.3,52,686,Good (680-739)
BOR103904,30,NC,38600.0,Full-time,Mortgage,27.5,6.6,12,582,Poor (<620)
BOR103905,45,FL,59400.0,Full-time,Own,39.5,5.8,22,540,Poor (<620)
BOR103906,48,WA,44700.0,Full-time,Mortgage,41.7,0.8,32,761,Very Good (740-799)
BOR103907,40,PA,44600.0,Part-time,Other,24.9,7.0,22,685,Good (680-739)
BOR103908,49,NJ,52700.0,Full-time,Rent,41.1,2.7,29,693,Good (680-739)
BOR103909,45,NY,22800.0,Full-time,Mortgage,25.6,3.9,23,599,Poor (<620)
BOR103910,31,UT,45600.0,Retired,Mortgage,57.9,2.3,15,621,Fair (620-679)
BOR103911,47,NY,57100.0,Self-employed,Rent,33.6,5.4,25,749,Very Good (740-799)
BOR103912,34,WA,31700.0,Part-time,Mortgage,37.7,2.8,13,793,Very Good (740-799)
BOR103913,62,PA,57300.0,Full-time,Rent,15.7,5.2,40,640,Fair (620-679)
BOR103914,46,TX,21400.0,Full-time,Rent,36.0,1.3,26,724,Good (680-739)
BOR103915,33,PA,48600.0,Full-time,Rent,44.2,4.2,17,692,Good (680-739)
BOR103916,45,TX,85300.0,Full-time,Mortgage,23.1,0.2,29,672,Fair (620-679)
BOR103917,30,NY,42300.0,Full-time,Rent,26.8,6.0,8,800,Exceptional (800+)
BOR103918,44,WA,30000.0,Part-time,Rent,24.9,0.5,22,651,Fair (620-679)
BOR103919,38,IN,24600.0,Full-time,Rent,20.5,1.7,19,761,Very Good (740-799)
BOR103920,31,FL,55600.0,Self-employed,Rent,19.0,0.6,13,705,Good (680-739)
BOR103921,31,NJ,70800.0,Full-time,Rent,42.3,6.9,9,679,Fair (620-679)
BOR103922,70,MA,45500.0,Full-time,Mortgage,19.3,1.9,48,769,Very Good (740-799)
BOR103923,42,IL,37800.0,Full-time,Own,14.2,2.3,23,699,Good (680-739)
BOR103924,36,MI,19600.0,Part-time,Own,26.7,1.0,19,674,Fair (620-679)
BOR103925,34,TX,49300.0,Full-time,Rent,32.5,0.3,13,770,Very Good (740-799)
BOR103926,47,IL,34200.0,Full-time,Mortgage,37.8,9.4,25,761,Very Good (740-799)
BOR103927,33,VA,35100.0,Part-time,Rent,23.1,5.4,15,758,Very Good (740-799)
BOR103928,28,NH,96500.0,Full-time,Own,26.1,2.0,11,500,Poor (<620)
BOR103929,41,NH,20700.0,Full-time,Rent,37.4,7.5,20,709,Good (680-739)
BOR103930,41,NH,22000.0,Full-time,Rent,41.0,1.2,25,694,Good (680-739)
BOR103931,36,NJ,51700.0,Self-employed,Own,44.4,10.0,13,678,Fair (620-679)
BOR103932,30,TX,39200.0,Full-time,Mortgage,36.8,0.0,11,720,Good (680-739)
BOR103933,36,NC,36900.0,Part-time,Mortgage,15.4,4.5,18,697,Good (680-739)
BOR103934,35,OH,52700.0,Full-time,Rent,23.2,3.6,12,724,Good (680-739)
BOR103935,34,CA,52300.0,Full-time,Rent,44.5,2.9,16,663,Fair (620-679)
BOR103936,44,FL,30100.0,Full-time,Rent,49.7,3.3,27,777,Very Good (740-799)
BOR103937,68,NJ,35700.0,Unemployed,Mortgage,31.1,9.2,47,731,Good (680-739)
BOR103938,57,NC,47700.0,Full-time,Rent,30.2,3.2,37,715,Good (680-739)
BOR103939,64,PA,50300.0,Retired,Mortgage,22.0,4.5,45,712,Good (680-739)
BOR103940,34,MD,58000.0,Full-time,Rent,46.2,3.1,18,755,Very Good (740-799)
BOR103941,61,NC,35900.0,Full-time,Rent,21.4,16.5,43,746,Very Good (740-799)
BOR103942,44,NV,54500.0,Full-time,Mortgage,51.6,1.7,23,673,Fair (620-679)
BOR103943,53,OH,71500.0,Full-time,Mortgage,31.2,4.9,30,744,Very Good (740-799)
BOR103944,46,AZ,47600.0,Full-time,Mortgage,23.4,3.3,30,691,Good (680-739)
BOR103945,37,PA,44500.0,Full-time,Rent,14.2,2.8,21,805,Exceptional (800+)
BOR103946,50,WA,41900.0,Part-time,Rent,29.3,1.0,34,751,Very Good (740-799)
BOR103947,47,NY,35300.0,Part-time,Rent,30.7,6.8,25,639,Fair (620-679)
BOR103948,20,PA,30600.0,Unemployed,Rent,28.8,0.4,1,831,Exceptional (800+)
BOR103949,40,TN,40800.0,Full-time,Own,32.1,2.4,24,543,Poor (<620)
BOR103950,51,OH,57100.0,Part-time,Own,45.9,0.4,30,721,Good (680-739)
BOR103951,44,PA,31300.0,Full-time,Rent,38.2,7.6,23,635,Fair (620-679)
BOR103952,47,MS,45100.0,Full-time,Mortgage,33.9,15.1,30,802,Exceptional (800+)
BOR103953,32,TX,42800.0,Full-time,Mortgage,43.4,1.9,14,696,Good (680-739)
BOR103954,44,AZ,103800.0,Retired,Mortgage,22.8,3.6,26,628,Fair (620-679)
BOR103955,40,AZ,64600.0,Full-time,Rent,39.1,4.8,19,663,Fair (620-679)
BOR103956,39,OH,64100.0,Full-time,Rent,38.9,0.9,20,634,Fair (620-679)
BOR103957,33,NJ,70500.0,Full-time,Mortgage,47.0,5.1,12,660,Fair (620-679)
BOR103958,52,FL,36500.0,Full-time,Rent,18.3,4.6,32,659,Fair (620-679)
BOR103959,45,MD,86600.0,Full-time,Other,23.3,11.6,27,631,Fair (620-679)
BOR103960,44,IL,50100.0,Part-time,Rent,23.9,6.4,28,698,Good (680-739)
BOR103961,66,PA,45700.0,Full-time,Mortgage,36.8,7.0,48,705,Good (680-739)
BOR103962,47,GA,27000.0,Full-time,Rent,34.2,1.3,28,615,Poor (<620)
BOR103963,55,MS,38900.0,Full-time,Rent,37.7,1.1,34,572,Poor (<620)
BOR103964,44,MN,21100.0,Full-time,Own,10.9,18.0,22,700,Good (680-739)
BOR103965,37,NM,41700.0,Full-time,Rent,46.7,6.7,21,715,Good (680-739)
BOR103966,28,IN,36000.0,Full-time,Other,34.4,4.6,5,727,Good (680-739)
BOR103967,44,IN,39000.0,Full-time,Mortgage,37.5,4.7,26,716,Good (680-739)
BOR103968,19,VA,25000.0,Full-time,Own,35.7,1.9,1,782,Very Good (740-799)
BOR103969,44,MS,64000.0,Full-time,Mortgage,25.7,2.7,27,745,Very Good (740-799)
BOR103970,45,WA,60900.0,Full-time,Rent,37.2,0.6,23,850,Exceptional (800+)
BOR103971,38,NC,99700.0,Full-time,Rent,32.8,1.2,19,850,Exceptional (800+)
BOR103972,40,IN,98500.0,Full-time,Mortgage,32.6,0.8,19,566,Poor (<620)
BOR103973,26,AZ,50000.0,Full-time,Mortgage,36.9,7.1,9,537,Poor (<620)
BOR103974,58,NY,73900.0,Full-time,Rent,31.0,3.3,35,680,Good (680-739)
BOR103975,37,MI,52400.0,Full-time,Rent,18.4,6.1,16,713,Good (680-739)
BOR103976,29,GA,38500.0,Unemployed,Rent,30.2,0.3,11,675,Fair (620-679)
BOR103977,48,NV,41100.0,Part-time,Own,48.3,14.9,26,726,Good (680-739)
BOR103978,42,MI,62200.0,Full-time,Rent,26.5,10.0,25,662,Fair (620-679)
BOR103979,37,NV,293500.0,Full-time,Mortgage,32.9,0.1,19,635,Fair (620-679)
BOR103980,35,NJ,78800.0,Full-time,Rent,40.3,6.4,18,645,Fair (620-679)
BOR103981,41,CO,52100.0,Full-time,Mortgage,53.2,3.9,21,667,Fair (620-679)
BOR103982,57,NY,58000.0,Full-time,Other,29.4,2.5,35,735,Good (680-739)
BOR103983,47,MS,57700.0,Self-employed,Mortgage,19.7,2.6,28,648,Fair (620-679)
BOR103984,41,VA,44800.0,Self-employed,Other,38.7,0.6,20,661,Fair (620-679)
BOR103985,51,OH,65500.0,Unemployed,Other,23.9,0.4,34,717,Good (680-739)
BOR103986,41,OH,43500.0,Full-time,Rent,35.0,7.3,19,667,Fair (620-679)
BOR103987,46,OH,29600.0,Retired,Mortgage,38.1,2.5,25,753,Very Good (740-799)
BOR103988,43,NC,57900.0,Part-time,Mortgage,27.2,1.7,20,620,Fair (620-679)
BOR103989,48,MD,61500.0,Full-time,Mortgage,29.3,3.9,30,606,Poor (<620)
BOR103990,36,NM,43700.0,Retired,Mortgage,40.2,0.4,18,700,Good (680-739)
BOR103991,27,MO,53600.0,Retired,Mortgage,42.9,9.0,7,706,Good (680-739)
BOR103992,52,AZ,71900.0,Full-time,Rent,32.4,1.1,36,624,Fair (620-679)
BOR103993,59,NJ,45600.0,Self-employed,Rent,33.7,6.0,37,767,Very Good (740-799)
BOR103994,28,NV,38100.0,Self-employed,Rent,20.8,1.1,9,805,Exceptional (800+)
BOR103995,43,NV,33900.0,Full-time,Mortgage,33.2,0.2,22,639,Fair (620-679)
BOR103996,36,GA,41600.0,Full-time,Mortgage,28.1,15.5,19,777,Very Good (740-799)
BOR103997,52,UT,93000.0,Full-time,Rent,32.8,6.2,33,525,Poor (<620)
BOR103998,44,MI,42600.0,Unemployed,Rent,46.2,12.7,24,750,Very Good (740-799)
BOR103999,78,MN,54800.0,Full-time,Own,20.7,4.9,55,624,Fair (620-679)
BOR104000,37,UT,40300.0,Full-time,Mortgage,43.8,7.8,16,743,Very Good (740-799)
BOR104001,59,MD,38800.0,Full-time,Mortgage,33.9,0.3,36,618,Poor (<620)
BOR104002,61,PA,31400.0,Full-time,Rent,31.7,4.0,39,676,Fair (620-679)
BOR104003,47,MA,48800.0,Full-time,Mortgage,23.3,3.4,26,627,Fair (620-679)
BOR104004,41,FL,36900.0,Full-time,Other,34.8,8.0,25,666,Fair (620-679)
BOR104005,42,MN,82700.0,Self-employed,Other,53.7,1.1,22,799,Very Good (740-799)
BOR104006,41,GA,44400.0,Full-time,Rent,6.5,0.5,25,673,Fair (620-679)
BOR104007,55,MD,45700.0,Retired,Rent,12.4,0.5,36,817,Exceptional (800+)
BOR104008,31,MS,43000.0,Self-employed,Rent,30.2,0.2,8,655,Fair (620-679)
BOR104009,39,PA,55100.0,Full-time,Mortgage,35.3,3.8,17,777,Very Good (740-799)
BOR104010,38,MI,91200.0,Full-time,Mortgage,41.4,8.3,21,574,Poor (<620)
BOR104011,20,IN,29200.0,Full-time,Mortgage,36.5,1.0,3,661,Fair (620-679)
BOR104012,51,NJ,52800.0,Unemployed,Rent,15.6,2.5,33,645,Fair (620-679)
BOR104013,54,PA,23000.0,Full-time,Own,38.2,1.1,33,780,Very Good (740-799)
BOR104014,33,CA,80900.0,Self-employed,Rent,30.3,0.5,15,692,Good (680-739)
BOR104015,53,NJ,44400.0,Unemployed,Other,40.9,1.1,33,544,Poor (<620)
BOR104016,22,IN,23800.0,Full-time,Own,24.8,3.5,2,595,Poor (<620)
BOR104017,41,MA,26300.0,Retired,Own,16.7,0.9,25,614,Poor (<620)
BOR104018,39,PA,67300.0,Self-employed,Rent,27.5,4.1,18,741,Very Good (740-799)
BOR104019,42,NJ,22000.0,Full-time,Rent,36.9,0.0,20,732,Good (680-739)
BOR104020,42,NC,52900.0,Retired,Own,35.8,0.1,23,660,Fair (620-679)
BOR104021,40,OH,38500.0,Full-time,Mortgage,32.2,2.9,20,644,Fair (620-679)
BOR104022,36,MD,42700.0,Full-time,Mortgage,25.9,1.8,15,727,Good (680-739)
BOR104023,40,GA,34400.0,Full-time,Own,30.7,2.8,20,607,Poor (<620)
BOR104024,57,AZ,30400.0,Part-time,Own,46.8,2.9,39,710,Good (680-739)
BOR104025,34,MS,37400.0,Self-employed,Mortgage,57.5,2.5,14,704,Good (680-739)
BOR104026,68,AZ,60300.0,Full-time,Rent,36.3,1.1,48,662,Fair (620-679)
BOR104027,33,TN,40900.0,Full-time,Mortgage,42.3,5.6,10,706,Good (680-739)
BOR104028,44,TX,56400.0,Full-time,Mortgage,24.7,4.5,21,687,Good (680-739)
BOR104029,48,PA,41800.0,Full-time,Mortgage,45.5,0.3,28,712,Good (680-739)
BOR104030,37,FL,61400.0,Full-time,Own,28.5,4.1,14,593,Poor (<620)
BOR104031,58,CO,56200.0,Self-employed,Rent,19.3,5.4,36,720,Good (680-739)
BOR104032,48,NV,36600.0,Full-time,Rent,43.5,9.5,29,747,Very Good (740-799)
BOR104033,39,PA,30400.0,Full-time,Other,32.9,1.6,19,701,Good (680-739)
BOR104034,57,IL,71700.0,Full-time,Mortgage,45.9,11.4,37,719,Good (680-739)
BOR104035,29,NC,32300.0,Retired,Own,40.3,1.6,7,673,Fair (620-679)
BOR104036,34,MA,58400.0,Full-time,Rent,19.1,1.5,17,738,Good (680-739)
BOR104037,48,TN,47300.0,Full-time,Mortgage,33.8,4.4,26,684,Good (680-739)
BOR104038,51,MD,37900.0,Full-time,Rent,23.0,1.8,28,605,Poor (<620)
BOR104039,45,MS,56600.0,Full-time,Rent,44.6,4.0,22,733,Good (680-739)
BOR104040,39,GA,86300.0,Part-time,Mortgage,32.9,0.0,23,574,Poor (<620)
BOR104041,38,IN,61800.0,Full-time,Mortgage,25.4,2.9,18,698,Good (680-739)
BOR104042,55,AZ,49400.0,Part-time,Mortgage,11.7,2.1,36,655,Fair (620-679)
BOR104043,44,GA,96700.0,Full-time,Mortgage,43.7,9.8,26,651,Fair (620-679)
BOR104044,31,MS,22000.0,Full-time,Own,28.6,1.1,11,691,Good (680-739)
BOR104045,30,FL,28300.0,Full-time,Mortgage,29.4,0.6,7,634,Fair (620-679)
BOR104046,59,MD,37800.0,Full-time,Rent,36.8,13.4,43,713,Good (680-739)
BOR104047,32,MD,88300.0,Full-time,Own,23.2,5.3,11,684,Good (680-739)
BOR104048,44,MS,71300.0,Full-time,Mortgage,16.8,3.2,27,640,Fair (620-679)
BOR104049,57,WA,21500.0,Part-time,Mortgage,33.9,6.2,37,767,Very Good (740-799)
BOR104050,48,NC,38300.0,Full-time,Mortgage,22.7,4.3,26,693,Good (680-739)
BOR104051,32,NV,25700.0,Full-time,Own,31.2,0.2,11,721,Good (680-739)
BOR104052,29,MN,45800.0,Full-time,Rent,23.3,0.8,13,772,Very Good (740-799)
BOR104053,63,WA,70000.0,Full-time,Own,18.4,2.7,43,771,Very Good (740-799)
BOR104054,29,CO,72300.0,Self-employed,Rent,15.6,5.2,8,718,Good (680-739)
BOR104055,34,OH,52600.0,Part-time,Other,33.0,0.3,13,660,Fair (620-679)
BOR104056,45,MA,38500.0,Full-time,Own,43.0,2.5,26,587,Poor (<620)
BOR104057,38,LA,44700.0,Self-employed,Own,41.8,10.7,15,693,Good (680-739)
BOR104058,48,GA,63400.0,Full-time,Own,32.2,0.2,31,751,Very Good (740-799)
BOR104059,23,VA,134100.0,Full-time,Rent,46.2,6.7,2,703,Good (680-739)
BOR104060,38,UT,27400.0,Full-time,Other,26.6,1.2,21,500,Poor (<620)
BOR104061,49,MN,95300.0,Self-employed,Rent,40.2,2.5,27,737,Good (680-739)
BOR104062,49,LA,52000.0,Full-time,Rent,27.1,9.1,31,741,Very Good (740-799)
BOR104063,34,MI,67400.0,Full-time,Rent,24.7,15.0,13,660,Fair (620-679)
BOR104064,29,NH,50700.0,Retired,Rent,40.1,1.6,13,744,Very Good (740-799)
BOR104065,44,PA,87700.0,Retired,Rent,36.3,8.5,23,721,Good (680-739)
BOR104066,25,WA,54100.0,Self-employed,Mortgage,38.3,8.0,5,635,Fair (620-679)
BOR104067,56,VA,34800.0,Full-time,Mortgage,17.1,0.4,35,763,Very Good (740-799)
BOR104068,43,MN,57100.0,Full-time,Rent,42.3,0.1,20,598,Poor (<620)
BOR104069,33,MS,77400.0,Full-time,Rent,38.8,7.7,10,676,Fair (620-679)
BOR104070,28,MD,46600.0,Full-time,Mortgage,28.0,1.5,8,670,Fair (620-679)
BOR104071,33,TN,18300.0,Full-time,Mortgage,37.8,2.2,12,626,Fair (620-679)
BOR104072,22,NJ,44300.0,Self-employed,Mortgage,43.0,2.2,6,700,Good (680-739)
BOR104073,47,WA,48700.0,Full-time,Own,24.6,1.2,31,765,Very Good (740-799)
BOR104074,31,WA,45700.0,Full-time,Mortgage,24.7,12.4,12,761,Very Good (740-799)
BOR104075,46,CA,37300.0,Full-time,Mortgage,29.1,7.5,29,727,Good (680-739)
BOR104076,47,WA,84600.0,Full-time,Own,9.8,3.6,27,570,Poor (<620)
BOR104077,53,LA,18000.0,Part-time,Own,35.3,3.0,35,593,Poor (<620)
BOR104078,44,MD,48600.0,Full-time,Own,41.1,0.8,25,691,Good (680-739)
BOR104079,55,MN,49000.0,Self-employed,Rent,37.7,0.9,34,678,Fair (620-679)
BOR104080,58,MI,119700.0,Full-time,Rent,36.8,22.7,39,648,Fair (620-679)
BOR104081,44,AZ,46300.0,Full-time,Own,42.2,4.5,27,804,Exceptional (800+)
BOR104082,45,CA,57000.0,Full-time,Rent,31.0,3.1,26,687,Good (680-739)
BOR104083,34,MI,49300.0,Full-time,Mortgage,16.3,3.7,11,715,Good (680-739)
BOR104084,29,VA,48700.0,Unemployed,Rent,33.3,18.1,7,744,Very Good (740-799)
BOR104085,56,OH,103100.0,Part-time,Rent,45.0,0.9,39,684,Good (680-739)
BOR104086,48,CA,28300.0,Full-time,Mortgage,35.6,7.0,26,848,Exceptional (800+)
BOR104087,49,MD,34500.0,Retired,Mortgage,28.3,2.8,27,619,Poor (<620)
BOR104088,34,NJ,65500.0,Part-time,Rent,39.8,3.6,13,641,Fair (620-679)
BOR104089,60,NJ,52300.0,Full-time,Own,35.9,2.7,37,619,Poor (<620)
BOR104090,38,OH,41100.0,Retired,Rent,29.8,0.4,18,782,Very Good (740-799)
BOR104091,31,AZ,45200.0,Part-time,Rent,33.2,1.5,8,732,Good (680-739)
BOR104092,34,NJ,70400.0,Part-time,Mortgage,28.8,0.2,18,645,Fair (620-679)
BOR104093,60,VA,58000.0,Full-time,Rent,38.1,0.3,44,624,Fair (620-679)
BOR104094,28,MA,33800.0,Full-time,Rent,23.0,14.6,9,770,Very Good (740-799)
BOR104095,32,CA,51900.0,Self-employed,Rent,35.3,0.6,13,704,Good (680-739)
BOR104096,76,MS,45600.0,Part-time,Own,40.7,0.2,55,772,Very Good (740-799)
BOR104097,52,TX,57600.0,Self-employed,Own,34.4,5.7,30,676,Fair (620-679)
BOR104098,32,NJ,40400.0,Part-time,Mortgage,34.5,10.7,10,713,Good (680-739)
BOR104099,28,IL,27100.0,Self-employed,Rent,32.7,0.2,5,700,Good (680-739)
BOR104100,21,WA,63100.0,Full-time,Mortgage,37.3,0.6,3,639,Fair (620-679)
BOR104101,42,GA,59700.0,Full-time,Own,28.4,4.1,22,671,Fair (620-679)
BOR104102,50,LA,88200.0,Full-time,Mortgage,30.7,1.5,29,603,Poor (<620)
BOR104103,59,MI,25800.0,Full-time,Mortgage,23.0,0.0,42,712,Good (680-739)
BOR104104,19,IN,45200.0,Full-time,Mortgage,29.3,14.8,1,729,Good (680-739)
BOR104105,25,OH,42000.0,Full-time,Mortgage,12.0,3.6,7,744,Very Good (740-799)
BOR104106,40,CA,39000.0,Full-time,Mortgage,32.3,5.2,22,723,Good (680-739)
BOR104107,74,NJ,23300.0,Full-time,Rent,38.2,1.0,55,672,Fair (620-679)
BOR104108,52,AZ,28900.0,Full-time,Mortgage,31.3,3.8,33,781,Very Good (740-799)
BOR104109,45,NJ,52700.0,Full-time,Mortgage,41.2,16.2,23,738,Good (680-739)
BOR104110,26,UT,37200.0,Full-time,Mortgage,45.4,2.3,10,770,Very Good (740-799)
BOR104111,19,MD,32100.0,Full-time,Mortgage,31.8,0.3,1,774,Very Good (740-799)
BOR104112,41,NH,88800.0,Part-time,Own,22.0,3.1,24,672,Fair (620-679)
BOR104113,40,GA,135700.0,Full-time,Rent,42.9,2.0,21,705,Good (680-739)
BOR104114,38,MN,45500.0,Full-time,Rent,40.9,1.1,17,730,Good (680-739)
BOR104115,36,AZ,23700.0,Full-time,Mortgage,36.5,6.0,13,605,Poor (<620)
BOR104116,32,TN,55700.0,Full-time,Other,26.8,2.6,16,607,Poor (<620)
BOR104117,29,NH,18200.0,Self-employed,Rent,35.8,0.2,8,596,Poor (<620)
BOR104118,58,IN,25400.0,Retired,Rent,28.9,0.9,38,673,Fair (620-679)
BOR104119,30,LA,56200.0,Full-time,Mortgage,24.7,0.6,11,658,Fair (620-679)
BOR104120,38,MD,25000.0,Full-time,Rent,35.6,3.5,19,587,Poor (<620)
BOR104121,41,NY,40800.0,Self-employed,Rent,22.3,1.4,25,690,Good (680-739)
BOR104122,49,MD,23900.0,Part-time,Rent,39.6,0.6,33,674,Fair (620-679)
BOR104123,31,VA,47800.0,Full-time,Rent,34.8,0.4,11,757,Very Good (740-799)
BOR104124,53,MS,77300.0,Full-time,Mortgage,30.9,7.5,31,811,Exceptional (800+)
BOR104125,34,NV,35400.0,Retired,Own,31.6,3.1,15,710,Good (680-739)
BOR104126,39,FL,46200.0,Full-time,Rent,21.3,5.8,18,635,Fair (620-679)
BOR104127,61,NY,32300.0,Full-time,Mortgage,21.9,2.7,44,722,Good (680-739)
BOR104128,29,TX,33300.0,Self-employed,Rent,49.3,5.1,9,681,Good (680-739)
BOR104129,50,WA,32100.0,Full-time,Mortgage,30.5,5.3,27,664,Fair (620-679)
BOR104130,53,TX,66400.0,Retired,Mortgage,17.8,8.3,37,624,Fair (620-679)
BOR104131,45,MD,24700.0,Retired,Rent,41.2,5.3,29,650,Fair (620-679)
BOR104132,40,AZ,40200.0,Part-time,Rent,21.8,0.8,19,668,Fair (620-679)
BOR104133,67,NV,56100.0,Full-time,Own,37.8,3.4,44,732,Good (680-739)
BOR104134,41,GA,70200.0,Full-time,Mortgage,46.7,6.0,20,713,Good (680-739)
BOR104135,43,WA,56900.0,Full-time,Own,29.8,6.3,27,799,Very Good (740-799)
BOR104136,37,FL,45100.0,Full-time,Rent,43.6,0.1,20,724,Good (680-739)
BOR104137,43,LA,36100.0,Full-time,Mortgage,39.3,6.7,26,708,Good (680-739)
BOR104138,53,PA,70700.0,Full-time,Mortgage,47.7,2.0,37,660,Fair (620-679)
BOR104139,38,FL,31600.0,Full-time,Own,37.8,6.2,17,613,Poor (<620)
BOR104140,19,IL,31800.0,Part-time,Rent,26.7,11.5,1,643,Fair (620-679)
BOR104141,47,NV,85700.0,Self-employed,Own,11.2,7.5,24,635,Fair (620-679)
BOR104142,28,FL,54800.0,Full-time,Mortgage,24.1,5.8,11,514,Poor (<620)
BOR104143,50,TN,55700.0,Full-time,Mortgage,27.0,11.4,34,614,Poor (<620)
BOR104144,41,WI,61000.0,Full-time,Mortgage,41.9,3.4,19,784,Very Good (740-799)
BOR104145,52,CO,44700.0,Full-time,Own,44.1,2.5,34,704,Good (680-739)
BOR104146,30,PA,24400.0,Part-time,Rent,21.0,1.0,8,656,Fair (620-679)
BOR104147,35,TX,52200.0,Full-time,Mortgage,44.2,2.8,15,706,Good (680-739)
BOR104148,37,NJ,46200.0,Full-time,Rent,24.3,0.5,16,553,Poor (<620)
BOR104149,23,PA,31700.0,Full-time,Mortgage,23.7,1.4,1,698,Good (680-739)
BOR104150,54,MD,28600.0,Retired,Rent,18.2,0.4,38,763,Very Good (740-799)
BOR104151,21,NC,45700.0,Retired,Mortgage,35.4,4.5,2,672,Fair (620-679)
BOR104152,54,NJ,25300.0,Full-time,Other,26.1,9.9,38,565,Poor (<620)
BOR104153,46,FL,43700.0,Full-time,Mortgage,45.1,6.3,26,653,Fair (620-679)
BOR104154,39,AZ,41400.0,Full-time,Own,22.9,0.1,16,763,Very Good (740-799)
BOR104155,45,PA,44200.0,Full-time,Mortgage,39.3,7.6,27,697,Good (680-739)
BOR104156,45,MO,55900.0,Full-time,Mortgage,19.9,1.3,25,588,Poor (<620)
BOR104157,36,TX,61700.0,Full-time,Own,42.3,3.8,19,834,Exceptional (800+)
BOR104158,45,NH,33900.0,Full-time,Rent,33.2,0.9,29,599,Poor (<620)
BOR104159,50,MO,69000.0,Unemployed,Mortgage,34.9,0.4,34,664,Fair (620-679)
BOR104160,30,PA,42200.0,Part-time,Rent,28.4,4.4,12,613,Poor (<620)
BOR104161,45,CA,102600.0,Part-time,Mortgage,27.8,5.3,24,613,Poor (<620)
BOR104162,19,NC,35800.0,Self-employed,Rent,37.0,6.9,3,651,Fair (620-679)
BOR104163,19,PA,22600.0,Full-time,Rent,50.1,2.4,1,721,Good (680-739)
BOR104164,48,IL,67900.0,Full-time,Own,21.5,1.9,28,764,Very Good (740-799)
BOR104165,36,LA,56500.0,Self-employed,Mortgage,28.6,3.7,19,655,Fair (620-679)
BOR104166,31,TN,80100.0,Full-time,Mortgage,25.9,0.1,12,614,Poor (<620)
BOR104167,40,PA,53600.0,Full-time,Own,16.9,3.0,20,711,Good (680-739)
BOR104168,36,AZ,133700.0,Full-time,Rent,16.8,2.1,13,713,Good (680-739)
BOR104169,29,OH,42800.0,Full-time,Own,24.7,4.9,8,696,Good (680-739)
BOR104170,21,NH,74700.0,Full-time,Rent,28.0,5.1,1,698,Good (680-739)
BOR104171,19,CA,36800.0,Self-employed,Mortgage,46.2,3.7,1,673,Fair (620-679)
BOR104172,50,MD,58200.0,Self-employed,Other,41.9,1.5,34,686,Good (680-739)
BOR104173,36,MN,63300.0,Full-time,Rent,23.8,4.9,17,668,Fair (620-679)
BOR104174,53,TX,67800.0,Full-time,Own,39.7,9.5,30,750,Very Good (740-799)
BOR104175,36,PA,66100.0,Retired,Rent,24.0,4.1,13,825,Exceptional (800+)
BOR104176,45,MI,18000.0,Retired,Own,31.1,3.7,26,692,Good (680-739)
BOR104177,39,LA,45200.0,Full-time,Mortgage,35.2,1.1,21,680,Good (680-739)
BOR104178,42,AZ,36000.0,Self-employed,Rent,53.1,2.6,22,697,Good (680-739)
BOR104179,42,IN,39300.0,Self-employed,Mortgage,34.7,0.8,24,637,Fair (620-679)
BOR104180,36,MN,41000.0,Full-time,Rent,17.2,6.0,19,730,Good (680-739)
BOR104181,26,NV,72400.0,Full-time,Mortgage,39.4,2.8,10,709,Good (680-739)
BOR104182,50,VA,51100.0,Retired,Rent,43.4,8.6,27,653,Fair (620-679)
BOR104183,60,WA,37100.0,Part-time,Mortgage,40.9,1.0,40,739,Good (680-739)
BOR104184,61,MD,24100.0,Full-time,Mortgage,22.1,2.7,39,681,Good (680-739)
BOR104185,34,OH,93000.0,Retired,Own,33.2,10.0,15,617,Poor (<620)
BOR104186,32,LA,34800.0,Self-employed,Rent,31.8,3.6,14,703,Good (680-739)
BOR104187,34,CA,44000.0,Full-time,Rent,49.7,0.5,11,695,Good (680-739)
BOR104188,39,PA,122100.0,Full-time,Rent,38.2,1.2,16,742,Very Good (740-799)
BOR104189,40,MN,35300.0,Self-employed,Mortgage,49.2,1.7,20,734,Good (680-739)
BOR104190,29,NC,41200.0,Full-time,Mortgage,24.9,1.4,6,673,Fair (620-679)
BOR104191,23,NY,51800.0,Full-time,Rent,29.8,6.1,6,649,Fair (620-679)
BOR104192,42,PA,22600.0,Self-employed,Own,26.6,5.2,26,680,Good (680-739)
BOR104193,19,AZ,21500.0,Self-employed,Mortgage,41.8,0.5,3,704,Good (680-739)
BOR104194,40,NV,37500.0,Full-time,Mortgage,43.4,1.0,22,711,Good (680-739)
BOR104195,30,TX,38100.0,Full-time,Rent,35.9,0.5,7,700,Good (680-739)
BOR104196,50,CA,49500.0,Self-employed,Mortgage,32.9,16.4,34,674,Fair (620-679)
BOR104197,54,VA,30000.0,Full-time,Own,36.2,1.1,33,745,Very Good (740-799)
BOR104198,54,UT,56700.0,Full-time,Rent,18.2,2.4,37,636,Fair (620-679)
BOR104199,37,OH,18000.0,Self-employed,Mortgage,27.9,13.9,17,841,Exceptional (800+)
BOR104200,27,UT,45200.0,Self-employed,Own,28.7,7.7,5,730,Good (680-739)
BOR104201,31,LA,54800.0,Full-time,Mortgage,31.9,7.7,12,607,Poor (<620)
BOR104202,44,GA,54100.0,Full-time,Rent,25.5,5.4,24,692,Good (680-739)
BOR104203,21,NV,43300.0,Full-time,Rent,23.5,3.8,5,730,Good (680-739)
BOR104204,58,MD,34600.0,Full-time,Rent,16.0,7.4,35,657,Fair (620-679)
BOR104205,37,WA,42800.0,Unemployed,Rent,36.3,3.0,17,583,Poor (<620)
BOR104206,47,NJ,81200.0,Full-time,Rent,18.3,1.2,27,612,Poor (<620)
BOR104207,20,NV,35600.0,Full-time,Rent,42.0,3.1,3,715,Good (680-739)
BOR104208,30,MN,72400.0,Full-time,Rent,35.2,0.8,14,566,Poor (<620)
BOR104209,19,CO,77800.0,Full-time,Mortgage,40.9,5.5,1,586,Poor (<620)
BOR104210,53,NH,21400.0,Full-time,Mortgage,23.1,1.7,30,715,Good (680-739)
BOR104211,39,VA,44000.0,Full-time,Mortgage,50.6,0.4,16,666,Fair (620-679)
BOR104212,48,NV,30000.0,Full-time,Rent,54.2,3.3,29,635,Fair (620-679)
BOR104213,42,LA,23700.0,Self-employed,Own,32.3,0.1,19,648,Fair (620-679)
BOR104214,47,IL,66600.0,Self-employed,Mortgage,35.9,9.1,26,584,Poor (<620)
BOR104215,37,TX,57700.0,Full-time,Other,31.9,0.8,21,711,Good (680-739)
BOR104216,39,NJ,52500.0,Full-time,Mortgage,42.1,0.8,19,628,Fair (620-679)
BOR104217,40,LA,28600.0,Full-time,Own,39.9,0.5,21,645,Fair (620-679)
BOR104218,46,GA,51300.0,Full-time,Own,14.2,4.8,25,703,Good (680-739)
BOR104219,46,MD,25900.0,Self-employed,Other,23.7,3.6,26,663,Fair (620-679)
BOR104220,75,CA,48300.0,Self-employed,Rent,35.9,0.1,55,634,Fair (620-679)
BOR104221,61,NC,34600.0,Full-time,Rent,39.7,7.5,42,551,Poor (<620)
BOR104222,20,TN,74800.0,Part-time,Mortgage,33.5,3.3,4,704,Good (680-739)
BOR104223,39,NY,39600.0,Full-time,Rent,15.0,3.2,18,685,Good (680-739)
BOR104224,36,LA,51700.0,Full-time,Rent,37.6,1.2,16,646,Fair (620-679)
BOR104225,56,PA,51800.0,Full-time,Rent,50.2,0.4,36,613,Poor (<620)
BOR104226,37,MS,45100.0,Full-time,Rent,9.0,4.3,14,681,Good (680-739)
BOR104227,47,IL,48900.0,Full-time,Mortgage,41.4,5.7,31,711,Good (680-739)
BOR104228,19,NH,53500.0,Full-time,Rent,50.3,0.6,1,686,Good (680-739)
BOR104229,23,TN,31200.0,Full-time,Rent,41.4,9.8,6,786,Very Good (740-799)
BOR104230,66,TX,55900.0,Full-time,Own,31.2,0.9,47,726,Good (680-739)
BOR104231,42,TX,68800.0,Full-time,Mortgage,41.0,9.2,21,673,Fair (620-679)
BOR104232,29,TX,55800.0,Full-time,Mortgage,31.1,6.8,10,728,Good (680-739)
BOR104233,44,MA,39800.0,Full-time,Rent,37.4,0.2,22,683,Good (680-739)
BOR104234,28,NV,50400.0,Full-time,Mortgage,32.8,0.3,12,683,Good (680-739)
BOR104235,38,NJ,39600.0,Full-time,Rent,33.1,0.3,22,764,Very Good (740-799)
BOR104236,24,NJ,44200.0,Full-time,Mortgage,24.4,0.9,1,622,Fair (620-679)
BOR104237,32,MA,27300.0,Part-time,Rent,27.4,21.8,14,682,Good (680-739)
BOR104238,36,AZ,86800.0,Full-time,Rent,48.2,0.1,13,757,Very Good (740-799)
BOR104239,54,MD,111400.0,Part-time,Own,25.8,1.2,37,700,Good (680-739)
BOR104240,47,VA,34000.0,Full-time,Own,12.4,8.8,27,656,Fair (620-679)
BOR104241,49,MD,66400.0,Part-time,Rent,65.0,14.5,26,569,Poor (<620)
BOR104242,41,NH,89900.0,Full-time,Rent,27.6,0.5,25,532,Poor (<620)
BOR104243,51,NC,30300.0,Retired,Rent,29.3,5.3,33,815,Exceptional (800+)
BOR104244,31,CA,18000.0,Full-time,Mortgage,28.0,0.7,11,700,Good (680-739)
BOR104245,32,NY,92300.0,Unemployed,Rent,32.2,0.1,13,642,Fair (620-679)
BOR104246,46,AZ,46400.0,Full-time,Rent,24.4,2.7,27,703,Good (680-739)
BOR104247,38,NC,36900.0,Part-time,Mortgage,46.9,0.3,17,618,Poor (<620)
BOR104248,41,NM,47600.0,Full-time,Mortgage,30.0,1.9,23,658,Fair (620-679)
BOR104249,39,TN,39500.0,Full-time,Other,21.5,10.0,23,619,Poor (<620)
BOR104250,56,WA,176600.0,Full-time,Mortgage,5.0,1.0,36,588,Poor (<620)
BOR104251,57,MN,36700.0,Full-time,Mortgage,42.9,9.1,39,543,Poor (<620)
BOR104252,33,OH,54000.0,Full-time,Other,27.6,9.0,17,576,Poor (<620)
BOR104253,20,NV,83400.0,Full-time,Rent,35.8,4.8,1,746,Very Good (740-799)
BOR104254,32,CA,83200.0,Full-time,Rent,22.7,5.0,16,616,Poor (<620)
BOR104255,30,TN,76400.0,Full-time,Rent,32.9,2.5,9,715,Good (680-739)
BOR104256,51,MS,38500.0,Full-time,Mortgage,31.7,0.2,32,742,Very Good (740-799)
BOR104257,52,MN,43500.0,Full-time,Rent,41.2,6.7,33,681,Good (680-739)
BOR104258,29,NV,18000.0,Self-employed,Mortgage,33.7,3.3,8,661,Fair (620-679)
BOR104259,32,MI,45100.0,Full-time,Rent,20.8,6.6,11,689,Good (680-739)
BOR104260,23,NV,47300.0,Self-employed,Own,56.0,0.9,6,653,Fair (620-679)
BOR104261,43,AZ,65100.0,Full-time,Mortgage,36.3,0.3,22,758,Very Good (740-799)
BOR104262,40,TN,104600.0,Full-time,Mortgage,22.6,7.1,23,802,Exceptional (800+)
BOR104263,50,TX,64200.0,Self-employed,Mortgage,33.9,1.3,33,774,Very Good (740-799)
BOR104264,47,PA,75500.0,Part-time,Own,35.9,2.5,24,540,Poor (<620)
BOR104265,48,AZ,46300.0,Full-time,Rent,36.8,3.6,25,652,Fair (620-679)
BOR104266,22,TX,83100.0,Full-time,Rent,35.6,8.5,4,680,Good (680-739)
BOR104267,33,WI,46900.0,Full-time,Own,34.5,7.4,15,710,Good (680-739)
BOR104268,52,NV,77900.0,Full-time,Rent,41.2,0.4,33,568,Poor (<620)
BOR104269,35,MS,67000.0,Unemployed,Rent,39.3,7.4,16,567,Poor (<620)
BOR104270,21,FL,55600.0,Self-employed,Own,39.5,0.3,3,765,Very Good (740-799)
BOR104271,51,NM,23300.0,Full-time,Own,14.2,0.7,35,644,Fair (620-679)
BOR104272,34,TX,76300.0,Full-time,Rent,14.7,3.8,12,583,Poor (<620)
BOR104273,54,VA,55300.0,Full-time,Mortgage,24.1,4.2,34,608,Poor (<620)
BOR104274,41,NV,64000.0,Part-time,Mortgage,29.5,1.8,23,705,Good (680-739)
BOR104275,38,TX,53700.0,Full-time,Rent,24.4,5.5,18,627,Fair (620-679)
BOR104276,57,CA,58000.0,Self-employed,Rent,21.8,11.0,41,696,Good (680-739)
BOR104277,25,CA,83700.0,Full-time,Rent,34.4,0.9,5,616,Poor (<620)
BOR104278,58,WA,37700.0,Full-time,Rent,23.3,6.6,37,567,Poor (<620)
BOR104279,33,NV,57600.0,Full-time,Rent,8.0,3.2,11,773,Very Good (740-799)
BOR104280,43,NY,32900.0,Part-time,Own,18.4,12.6,22,706,Good (680-739)
BOR104281,43,NY,60400.0,Part-time,Own,25.9,9.9,25,658,Fair (620-679)
BOR104282,36,AZ,52200.0,Full-time,Rent,29.4,4.1,13,646,Fair (620-679)
BOR104283,32,IL,35100.0,Full-time,Rent,41.0,0.1,12,775,Very Good (740-799)
BOR104284,37,MD,48600.0,Full-time,Rent,36.3,13.4,16,718,Good (680-739)
BOR104285,29,NM,36100.0,Full-time,Rent,11.9,3.2,12,755,Very Good (740-799)
BOR104286,65,CO,39300.0,Full-time,Rent,46.5,2.5,48,642,Fair (620-679)
BOR104287,35,LA,54700.0,Full-time,Other,30.0,1.3,12,683,Good (680-739)
BOR104288,55,WA,52600.0,Self-employed,Mortgage,32.7,6.7,33,706,Good (680-739)
BOR104289,53,NV,19600.0,Full-time,Mortgage,33.2,0.7,32,644,Fair (620-679)
BOR104290,45,PA,55100.0,Self-employed,Other,23.5,0.1,28,674,Fair (620-679)
BOR104291,39,TX,40700.0,Retired,Rent,37.6,5.1,22,642,Fair (620-679)
BOR104292,43,IN,38700.0,Full-time,Own,12.5,11.6,24,706,Good (680-739)
BOR104293,48,TX,28100.0,Retired,Mortgage,45.4,7.3,32,594,Poor (<620)
BOR104294,42,LA,45700.0,Part-time,Rent,33.9,0.8,23,717,Good (680-739)
BOR104295,22,MD,36900.0,Self-employed,Own,35.6,4.4,5,700,Good (680-739)
BOR104296,19,UT,82700.0,Full-time,Own,37.3,7.9,1,667,Fair (620-679)
BOR104297,59,GA,21200.0,Self-employed,Own,27.6,7.0,42,709,Good (680-739)
BOR104298,19,WA,30200.0,Full-time,Rent,44.7,4.4,3,656,Fair (620-679)
BOR104299,43,WI,29300.0,Full-time,Mortgage,24.7,5.1,22,636,Fair (620-679)
BOR104300,38,OH,52400.0,Unemployed,Mortgage,22.0,11.4,18,715,Good (680-739)
BOR104301,43,AZ,79100.0,Retired,Own,33.5,1.3,27,718,Good (680-739)
BOR104302,27,IN,58500.0,Full-time,Rent,18.2,2.5,6,647,Fair (620-679)
BOR104303,45,NH,28500.0,Full-time,Rent,26.3,0.6,27,641,Fair (620-679)
BOR104304,43,WI,38400.0,Unemployed,Rent,34.6,16.4,20,668,Fair (620-679)
BOR104305,74,FL,32400.0,Full-time,Own,39.4,0.7,55,644,Fair (620-679)
BOR104306,43,VA,58600.0,Full-time,Other,31.6,14.3,26,779,Very Good (740-799)
BOR104307,57,MA,38100.0,Full-time,Other,23.0,4.5,41,701,Good (680-739)
BOR104308,23,NY,24700.0,Full-time,Mortgage,28.6,4.6,7,681,Good (680-739)
BOR104309,53,NJ,60700.0,Full-time,Other,25.3,0.6,35,619,Poor (<620)
BOR104310,44,GA,82300.0,Part-time,Mortgage,31.0,13.5,25,728,Good (680-739)
BOR104311,44,FL,43000.0,Full-time,Own,25.8,2.3,22,640,Fair (620-679)
BOR104312,44,WA,49200.0,Full-time,Rent,22.2,0.1,25,638,Fair (620-679)
BOR104313,61,PA,23700.0,Full-time,Rent,21.0,4.0,39,730,Good (680-739)
BOR104314,44,MA,18500.0,Part-time,Rent,13.6,2.1,26,705,Good (680-739)
BOR104315,32,PA,20300.0,Full-time,Mortgage,42.8,0.4,13,517,Poor (<620)
BOR104316,34,MD,45700.0,Full-time,Rent,39.2,1.2,11,670,Fair (620-679)
BOR104317,51,PA,40600.0,Self-employed,Rent,19.7,2.0,30,688,Good (680-739)
BOR104318,46,LA,59600.0,Part-time,Own,38.5,0.0,23,658,Fair (620-679)
BOR104319,23,CA,42700.0,Full-time,Rent,32.4,0.7,1,690,Good (680-739)
BOR104320,47,WA,72700.0,Self-employed,Mortgage,19.1,0.5,31,562,Poor (<620)
BOR104321,28,NC,69000.0,Full-time,Mortgage,21.5,11.3,12,500,Poor (<620)
BOR104322,46,IL,40300.0,Full-time,Mortgage,30.5,7.7,30,617,Poor (<620)
BOR104323,31,VA,29700.0,Self-employed,Rent,39.4,0.9,9,698,Good (680-739)
BOR104324,38,NV,19700.0,Full-time,Rent,37.9,7.6,17,500,Poor (<620)
BOR104325,34,MS,88900.0,Full-time,Rent,26.6,5.6,12,625,Fair (620-679)
BOR104326,59,GA,30500.0,Retired,Own,36.6,0.3,37,555,Poor (<620)
BOR104327,46,PA,23800.0,Full-time,Rent,30.4,0.3,25,664,Fair (620-679)
BOR104328,56,MD,49400.0,Self-employed,Rent,24.7,0.6,40,807,Exceptional (800+)
BOR104329,76,MA,23900.0,Full-time,Rent,41.6,2.6,55,666,Fair (620-679)
BOR104330,42,PA,49400.0,Full-time,Rent,33.6,4.6,19,673,Fair (620-679)
BOR104331,59,CO,40100.0,Full-time,Own,37.1,14.0,39,735,Good (680-739)
BOR104332,33,WA,70700.0,Full-time,Rent,21.0,4.3,17,681,Good (680-739)
BOR104333,56,IN,67900.0,Self-employed,Rent,26.8,18.1,39,666,Fair (620-679)
BOR104334,31,NC,76600.0,Self-employed,Own,40.2,1.1,12,740,Very Good (740-799)
BOR104335,41,NJ,51200.0,Full-time,Rent,29.2,4.6,19,711,Good (680-739)
BOR104336,47,PA,31700.0,Part-time,Mortgage,29.8,3.7,25,699,Good (680-739)
BOR104337,49,CO,29200.0,Full-time,Rent,21.4,1.9,28,671,Fair (620-679)
BOR104338,26,PA,36700.0,Part-time,Mortgage,34.0,0.2,5,658,Fair (620-679)
BOR104339,31,MN,114400.0,Full-time,Rent,21.2,3.3,11,740,Very Good (740-799)
BOR104340,48,MN,41700.0,Full-time,Mortgage,35.7,1.3,28,658,Fair (620-679)
BOR104341,37,WI,50100.0,Full-time,Rent,22.1,10.4,15,760,Very Good (740-799)
BOR104342,24,CA,92400.0,Full-time,Own,29.9,9.4,3,612,Poor (<620)
BOR104343,40,OH,52300.0,Full-time,Own,47.8,3.7,24,773,Very Good (740-799)
BOR104344,40,VA,33300.0,Full-time,Own,35.7,4.9,17,711,Good (680-739)
BOR104345,43,TN,64800.0,Unemployed,Mortgage,28.5,4.5,23,617,Poor (<620)
BOR104346,47,MS,38500.0,Full-time,Rent,40.6,4.5,30,713,Good (680-739)
BOR104347,47,MI,53100.0,Full-time,Mortgage,24.8,7.8,29,638,Fair (620-679)
BOR104348,32,LA,58700.0,Full-time,Mortgage,22.1,6.4,10,682,Good (680-739)
BOR104349,36,PA,37300.0,Full-time,Rent,28.4,3.5,16,648,Fair (620-679)
BOR104350,52,MI,50700.0,Full-time,Rent,43.0,6.7,30,671,Fair (620-679)
BOR104351,34,TX,95800.0,Self-employed,Rent,42.4,1.9,18,741,Very Good (740-799)
BOR104352,36,WI,35200.0,Full-time,Mortgage,27.0,2.4,16,714,Good (680-739)
BOR104353,23,NY,84300.0,Retired,Other,29.2,1.6,5,607,Poor (<620)
BOR104354,41,OH,35700.0,Full-time,Mortgage,36.2,2.5,20,611,Poor (<620)
BOR104355,45,MN,104900.0,Self-employed,Own,56.3,9.8,29,698,Good (680-739)
BOR104356,19,AZ,31700.0,Full-time,Mortgage,29.6,0.4,3,702,Good (680-739)
BOR104357,28,CA,39100.0,Full-time,Rent,45.8,0.3,9,636,Fair (620-679)
BOR104358,24,CA,91900.0,Self-employed,Own,34.5,5.0,1,783,Very Good (740-799)
BOR104359,50,WA,93800.0,Full-time,Rent,40.5,0.1,27,733,Good (680-739)
BOR104360,19,GA,67400.0,Full-time,Mortgage,42.1,2.9,1,639,Fair (620-679)
BOR104361,40,PA,28700.0,Part-time,Rent,33.8,2.9,24,633,Fair (620-679)
BOR104362,50,TN,48400.0,Full-time,Own,31.7,2.5,33,665,Fair (620-679)
BOR104363,43,IL,46700.0,Full-time,Rent,29.9,0.0,20,658,Fair (620-679)
BOR104364,36,TN,31700.0,Retired,Mortgage,35.5,0.9,16,762,Very Good (740-799)
BOR104365,45,MI,63800.0,Full-time,Mortgage,43.9,1.2,24,744,Very Good (740-799)
BOR104366,53,PA,32900.0,Self-employed,Own,45.2,1.8,36,682,Good (680-739)
BOR104367,40,NY,26100.0,Part-time,Mortgage,44.1,0.6,17,724,Good (680-739)
BOR104368,19,IL,22500.0,Self-employed,Mortgage,27.3,7.0,1,733,Good (680-739)
BOR104369,55,CA,100800.0,Full-time,Own,26.3,0.4,33,684,Good (680-739)
BOR104370,46,GA,37100.0,Full-time,Rent,23.7,0.6,28,706,Good (680-739)
BOR104371,41,MS,37400.0,Self-employed,Mortgage,33.5,8.4,22,719,Good (680-739)
BOR104372,19,NV,29300.0,Self-employed,Mortgage,41.3,0.2,3,712,Good (680-739)
BOR104373,37,MI,86300.0,Part-time,Own,26.3,1.5,18,629,Fair (620-679)
BOR104374,30,MA,25100.0,Self-employed,Mortgage,30.2,4.5,8,636,Fair (620-679)
BOR104375,26,AZ,27100.0,Full-time,Other,38.5,8.5,10,661,Fair (620-679)
BOR104376,39,NV,40300.0,Full-time,Mortgage,28.8,0.1,16,634,Fair (620-679)
BOR104377,35,IL,46200.0,Full-time,Rent,30.1,0.3,15,584,Poor (<620)
BOR104378,35,GA,62700.0,Full-time,Own,43.1,2.0,13,724,Good (680-739)
BOR104379,50,GA,34400.0,Full-time,Own,32.2,3.4,30,703,Good (680-739)
BOR104380,44,TX,93400.0,Full-time,Other,24.8,0.9,23,593,Poor (<620)
BOR104381,35,GA,34500.0,Full-time,Rent,33.0,2.5,13,664,Fair (620-679)
BOR104382,34,LA,29600.0,Full-time,Rent,36.3,3.2,14,668,Fair (620-679)
BOR104383,36,MS,28400.0,Full-time,Mortgage,57.0,4.9,16,692,Good (680-739)
BOR104384,38,FL,32900.0,Full-time,Rent,47.2,9.3,20,610,Poor (<620)
BOR104385,48,NJ,27600.0,Full-time,Rent,63.9,4.7,30,592,Poor (<620)
BOR104386,28,MI,65400.0,Full-time,Own,21.3,3.1,6,714,Good (680-739)
BOR104387,59,WA,29700.0,Full-time,Own,45.9,1.7,42,580,Poor (<620)
BOR104388,48,AZ,43900.0,Full-time,Rent,47.5,8.0,28,665,Fair (620-679)
BOR104389,19,CA,29300.0,Full-time,Own,32.3,5.5,1,659,Fair (620-679)
BOR104390,42,NV,27500.0,Retired,Mortgage,28.1,7.5,22,672,Fair (620-679)
BOR104391,53,NH,76700.0,Full-time,Own,39.4,1.6,33,696,Good (680-739)
BOR104392,46,IN,95900.0,Full-time,Mortgage,28.7,2.2,28,784,Very Good (740-799)
BOR104393,36,IN,82500.0,Self-employed,Mortgage,20.6,2.7,20,576,Poor (<620)
BOR104394,40,WA,24100.0,Full-time,Mortgage,17.8,1.8,23,737,Good (680-739)
BOR104395,43,NC,25600.0,Full-time,Own,17.0,4.0,21,517,Poor (<620)
BOR104396,50,NY,113600.0,Part-time,Mortgage,34.3,2.9,33,771,Very Good (740-799)
BOR104397,24,MA,41600.0,Full-time,Rent,38.7,2.1,5,547,Poor (<620)
BOR104398,34,TX,25100.0,Retired,Rent,22.3,1.5,11,838,Exceptional (800+)
BOR104399,61,NV,75900.0,Full-time,Rent,36.8,0.7,43,655,Fair (620-679)
BOR104400,41,NJ,48100.0,Part-time,Own,36.8,6.6,23,764,Very Good (740-799)
BOR104401,59,NJ,60300.0,Retired,Mortgage,35.5,7.4,43,750,Very Good (740-799)
BOR104402,77,NC,18000.0,Self-employed,Rent,38.8,3.5,55,652,Fair (620-679)
BOR104403,35,UT,40300.0,Full-time,Rent,34.2,0.1,18,657,Fair (620-679)
BOR104404,27,PA,71500.0,Full-time,Rent,45.3,1.0,6,626,Fair (620-679)
BOR104405,38,NY,35000.0,Full-time,Other,38.2,3.7,22,731,Good (680-739)
BOR104406,54,PA,81300.0,Full-time,Mortgage,19.5,2.7,35,652,Fair (620-679)
BOR104407,56,IN,25800.0,Self-employed,Own,50.4,2.6,35,627,Fair (620-679)
BOR104408,68,NH,44300.0,Full-time,Own,22.4,2.8,49,715,Good (680-739)
BOR104409,41,IL,97800.0,Full-time,Own,31.8,0.1,21,622,Fair (620-679)
BOR104410,47,MS,27800.0,Full-time,Rent,57.5,2.2,29,659,Fair (620-679)
BOR104411,32,OH,52700.0,Full-time,Own,36.9,1.7,9,687,Good (680-739)
BOR104412,19,IN,60700.0,Full-time,Other,23.8,0.0,1,638,Fair (620-679)
BOR104413,41,TX,48600.0,Full-time,Rent,35.4,15.7,24,648,Fair (620-679)
BOR104414,27,WA,41700.0,Full-time,Other,37.2,1.5,5,780,Very Good (740-799)
BOR104415,49,IN,31400.0,Full-time,Rent,34.0,0.3,31,667,Fair (620-679)
BOR104416,19,AZ,50900.0,Self-employed,Mortgage,26.9,11.7,1,657,Fair (620-679)
BOR104417,32,OH,44500.0,Full-time,Own,19.2,0.1,11,669,Fair (620-679)
BOR104418,44,NV,24400.0,Full-time,Rent,20.4,0.5,25,710,Good (680-739)
BOR104419,45,UT,76500.0,Full-time,Own,24.2,1.0,25,613,Poor (<620)
BOR104420,40,NJ,31000.0,Full-time,Rent,44.9,0.4,19,708,Good (680-739)
BOR104421,63,TN,24700.0,Full-time,Own,19.8,0.8,43,697,Good (680-739)
BOR104422,60,MN,35700.0,Self-employed,Rent,33.6,1.4,43,564,Poor (<620)
BOR104423,33,OH,31200.0,Full-time,Mortgage,46.0,2.9,17,797,Very Good (740-799)
BOR104424,60,LA,41500.0,Full-time,Rent,38.5,0.2,40,775,Very Good (740-799)
BOR104425,62,GA,26700.0,Full-time,Rent,46.2,1.9,46,628,Fair (620-679)
BOR104426,40,MN,57000.0,Full-time,Own,26.1,5.2,18,607,Poor (<620)
BOR104427,42,FL,86800.0,Self-employed,Rent,38.3,0.6,21,695,Good (680-739)
BOR104428,40,GA,48900.0,Full-time,Rent,43.5,5.8,20,587,Poor (<620)
BOR104429,33,AZ,24300.0,Full-time,Mortgage,41.4,1.4,12,769,Very Good (740-799)
BOR104430,34,WA,30900.0,Full-time,Other,40.9,2.8,15,650,Fair (620-679)
BOR104431,57,NV,51500.0,Full-time,Rent,20.1,1.9,41,785,Very Good (740-799)
BOR104432,46,NH,19200.0,Full-time,Own,38.7,1.8,24,626,Fair (620-679)
BOR104433,34,FL,26800.0,Full-time,Own,36.9,3.9,12,673,Fair (620-679)
BOR104434,30,OH,22200.0,Part-time,Rent,30.5,6.3,10,762,Very Good (740-799)
BOR104435,32,NC,49100.0,Part-time,Rent,26.0,2.5,10,659,Fair (620-679)
BOR104436,39,VA,123400.0,Full-time,Mortgage,36.5,1.6,23,698,Good (680-739)
BOR104437,52,WA,26400.0,Part-time,Own,22.1,9.0,35,751,Very Good (740-799)
BOR104438,31,LA,67300.0,Full-time,Rent,27.7,0.6,14,644,Fair (620-679)
BOR104439,52,MN,36200.0,Full-time,Mortgage,41.4,0.3,32,598,Poor (<620)
BOR104440,43,CA,25700.0,Full-time,Mortgage,42.4,0.2,22,585,Poor (<620)
BOR104441,43,NJ,94300.0,Full-time,Mortgage,36.8,5.2,25,718,Good (680-739)
BOR104442,53,TN,123200.0,Full-time,Own,27.4,0.4,34,705,Good (680-739)
BOR104443,51,NJ,56100.0,Self-employed,Rent,20.9,4.4,29,749,Very Good (740-799)
BOR104444,24,NY,54900.0,Full-time,Rent,24.2,3.7,6,662,Fair (620-679)
BOR104445,28,MI,48000.0,Full-time,Rent,44.9,3.1,11,587,Poor (<620)
BOR104446,38,NJ,43600.0,Full-time,Own,33.9,7.6,15,527,Poor (<620)
BOR104447,45,PA,54300.0,Full-time,Own,31.0,2.8,23,850,Exceptional (800+)
BOR104448,57,CO,63200.0,Full-time,Rent,33.6,8.4,34,714,Good (680-739)
BOR104449,42,NC,98600.0,Part-time,Rent,38.8,10.1,21,689,Good (680-739)
BOR104450,61,MA,36900.0,Full-time,Own,21.7,0.8,40,698,Good (680-739)
BOR104451,33,WA,49400.0,Full-time,Rent,27.1,1.2,16,587,Poor (<620)
BOR104452,35,LA,44800.0,Full-time,Mortgage,38.5,4.0,14,628,Fair (620-679)
BOR104453,37,NY,73900.0,Full-time,Mortgage,34.4,2.7,15,793,Very Good (740-799)
BOR104454,31,FL,137300.0,Full-time,Rent,43.1,1.8,10,723,Good (680-739)
BOR104455,55,GA,75100.0,Full-time,Mortgage,39.5,6.6,33,630,Fair (620-679)
BOR104456,19,NJ,66800.0,Self-employed,Mortgage,24.3,11.1,3,600,Poor (<620)
BOR104457,35,GA,70200.0,Self-employed,Rent,5.0,6.7,14,646,Fair (620-679)
BOR104458,55,CO,82500.0,Full-time,Own,34.0,7.3,39,659,Fair (620-679)
BOR104459,37,OH,138200.0,Full-time,Rent,21.5,0.2,18,813,Exceptional (800+)
BOR104460,54,TX,21800.0,Full-time,Own,37.1,0.5,38,668,Fair (620-679)
BOR104461,67,NJ,61100.0,Self-employed,Other,47.9,1.0,46,603,Poor (<620)
BOR104462,42,MN,18000.0,Full-time,Mortgage,21.7,4.5,22,676,Fair (620-679)
BOR104463,55,NV,71500.0,Full-time,Rent,38.5,4.0,34,697,Good (680-739)
BOR104464,70,MD,59800.0,Retired,Mortgage,40.7,0.3,49,597,Poor (<620)
BOR104465,46,AZ,36500.0,Full-time,Rent,35.5,0.1,30,706,Good (680-739)
BOR104466,40,MD,18000.0,Unemployed,Rent,35.3,13.6,17,759,Very Good (740-799)
BOR104467,52,MO,46300.0,Full-time,Mortgage,11.2,5.6,33,689,Good (680-739)
BOR104468,55,IL,51500.0,Full-time,Rent,32.7,2.7,39,628,Fair (620-679)
BOR104469,41,AZ,45300.0,Full-time,Mortgage,31.9,1.3,18,646,Fair (620-679)
BOR104470,35,MN,35300.0,Self-employed,Own,42.5,17.6,13,572,Poor (<620)
BOR104471,62,GA,31100.0,Full-time,Mortgage,41.6,0.3,40,671,Fair (620-679)
BOR104472,38,IN,45600.0,Full-time,Rent,26.9,3.3,17,700,Good (680-739)
BOR104473,55,VA,32500.0,Full-time,Own,13.0,4.6,39,622,Fair (620-679)
BOR104474,44,WA,67100.0,Full-time,Rent,16.0,2.8,26,806,Exceptional (800+)
BOR104475,63,FL,45000.0,Part-time,Rent,46.1,4.6,41,731,Good (680-739)
BOR104476,31,IN,21500.0,Full-time,Mortgage,31.2,4.1,15,563,Poor (<620)
BOR104477,31,LA,50500.0,Full-time,Own,17.5,5.9,15,565,Poor (<620)
BOR104478,51,NY,56200.0,Part-time,Rent,18.8,6.9,35,616,Poor (<620)
BOR104479,27,NC,96600.0,Full-time,Own,34.3,6.4,6,782,Very Good (740-799)
BOR104480,42,TX,70800.0,Full-time,Own,33.2,3.8,20,738,Good (680-739)
BOR104481,60,CA,31100.0,Full-time,Own,48.6,6.4,42,786,Very Good (740-799)
BOR104482,20,NH,88600.0,Self-employed,Mortgage,31.2,5.9,1,681,Good (680-739)
BOR104483,46,WA,25000.0,Full-time,Rent,35.9,4.6,28,666,Fair (620-679)
BOR104484,56,NC,47200.0,Full-time,Mortgage,31.6,0.8,38,599,Poor (<620)
BOR104485,41,OH,65500.0,Self-employed,Rent,40.2,0.6,22,703,Good (680-739)
BOR104486,30,NH,89900.0,Self-employed,Rent,49.6,1.9,11,667,Fair (620-679)
BOR104487,38,OH,109100.0,Full-time,Other,41.4,5.4,22,665,Fair (620-679)
BOR104488,31,MD,82800.0,Full-time,Rent,51.7,0.7,11,785,Very Good (740-799)
BOR104489,42,GA,43800.0,Self-employed,Own,37.4,2.0,19,672,Fair (620-679)
BOR104490,38,TX,60500.0,Self-employed,Own,16.1,4.5,20,767,Very Good (740-799)
BOR104491,35,MO,51600.0,Full-time,Mortgage,23.8,5.1,12,577,Poor (<620)
BOR104492,47,CA,33900.0,Full-time,Rent,40.2,12.0,25,850,Exceptional (800+)
BOR104493,60,MO,44300.0,Full-time,Rent,29.6,1.8,43,656,Fair (620-679)
BOR104494,45,OH,104700.0,Retired,Mortgage,32.0,8.5,22,726,Good (680-739)
BOR104495,57,WI,62400.0,Full-time,Rent,23.9,0.3,34,736,Good (680-739)
BOR104496,60,MN,117800.0,Self-employed,Mortgage,46.4,9.2,39,648,Fair (620-679)
BOR104497,34,MD,28600.0,Full-time,Rent,47.3,10.3,11,733,Good (680-739)
BOR104498,44,CA,39300.0,Part-time,Mortgage,29.7,0.5,26,737,Good (680-739)
BOR104499,36,MD,56200.0,Full-time,Mortgage,29.8,8.2,20,634,Fair (620-679)
BOR104500,23,NH,65100.0,Full-time,Mortgage,44.8,5.3,6,634,Fair (620-679)
BOR104501,45,OH,44200.0,Full-time,Other,42.5,6.4,29,683,Good (680-739)
BOR104502,28,OH,66900.0,Self-employed,Rent,15.7,1.5,6,672,Fair (620-679)
BOR104503,47,NV,66600.0,Full-time,Mortgage,38.8,3.3,28,771,Very Good (740-799)
BOR104504,22,PA,25000.0,Full-time,Rent,37.0,14.6,3,726,Good (680-739)
BOR104505,43,IN,65500.0,Unemployed,Mortgage,33.9,11.2,25,675,Fair (620-679)
BOR104506,22,CO,75600.0,Full-time,Own,23.2,15.5,2,719,Good (680-739)
BOR104507,49,CA,53300.0,Self-employed,Rent,23.4,3.8,30,547,Poor (<620)
BOR104508,36,AZ,20400.0,Full-time,Mortgage,5.0,10.6,17,640,Fair (620-679)
BOR104509,35,MA,41200.0,Full-time,Rent,25.4,1.4,15,699,Good (680-739)
BOR104510,55,GA,56800.0,Full-time,Own,12.3,6.6,37,752,Very Good (740-799)
BOR104511,37,LA,31600.0,Retired,Rent,26.6,0.8,15,693,Good (680-739)
BOR104512,42,PA,70500.0,Part-time,Own,36.0,0.8,26,775,Very Good (740-799)
BOR104513,39,NC,64800.0,Full-time,Mortgage,20.3,5.6,18,736,Good (680-739)
BOR104514,47,NV,49500.0,Retired,Mortgage,45.3,11.0,30,648,Fair (620-679)
BOR104515,54,PA,47000.0,Part-time,Rent,51.6,0.2,34,671,Fair (620-679)
BOR104516,51,NV,50900.0,Part-time,Other,34.4,6.0,30,707,Good (680-739)
BOR104517,35,TX,46500.0,Full-time,Mortgage,38.1,1.3,15,651,Fair (620-679)
BOR104518,56,WA,26100.0,Full-time,Own,15.8,10.0,33,780,Very Good (740-799)
BOR104519,30,TX,38400.0,Full-time,Rent,33.8,0.8,7,608,Poor (<620)
BOR104520,32,MO,48200.0,Full-time,Mortgage,17.9,10.5,9,701,Good (680-739)
BOR104521,39,MN,88300.0,Full-time,Own,14.8,4.2,21,728,Good (680-739)
BOR104522,54,NV,63700.0,Full-time,Mortgage,19.3,5.8,31,660,Fair (620-679)
BOR104523,27,NH,90400.0,Full-time,Mortgage,30.5,0.1,10,645,Fair (620-679)
BOR104524,52,MO,24800.0,Full-time,Rent,31.6,2.9,34,675,Fair (620-679)
BOR104525,40,MN,39700.0,Self-employed,Mortgage,31.3,0.9,22,733,Good (680-739)
BOR104526,36,WA,118600.0,Full-time,Mortgage,20.4,2.4,19,648,Fair (620-679)
BOR104527,54,MS,33400.0,Full-time,Mortgage,33.1,7.7,32,611,Poor (<620)
BOR104528,31,IN,33100.0,Full-time,Mortgage,25.0,19.9,10,755,Very Good (740-799)
BOR104529,68,LA,41300.0,Full-time,Rent,33.3,3.8,50,706,Good (680-739)
BOR104530,39,IL,115600.0,Full-time,Mortgage,29.6,4.5,18,746,Very Good (740-799)
BOR104531,43,WA,34500.0,Full-time,Rent,14.0,0.1,22,729,Good (680-739)
BOR104532,60,MD,59900.0,Full-time,Other,25.2,4.4,37,822,Exceptional (800+)
BOR104533,43,PA,55600.0,Full-time,Mortgage,37.4,7.7,24,752,Very Good (740-799)
BOR104534,55,IL,19600.0,Retired,Rent,40.4,9.4,38,633,Fair (620-679)
BOR104535,19,NH,46300.0,Full-time,Own,19.7,8.8,1,711,Good (680-739)
BOR104536,36,NJ,36400.0,Full-time,Mortgage,24.4,3.8,20,644,Fair (620-679)
BOR104537,46,PA,63300.0,Part-time,Rent,27.5,0.6,25,650,Fair (620-679)
BOR104538,54,NC,102000.0,Full-time,Mortgage,43.7,0.3,31,588,Poor (<620)
BOR104539,50,MI,39900.0,Full-time,Rent,36.7,0.9,33,661,Fair (620-679)
BOR104540,49,TN,39900.0,Part-time,Rent,19.2,0.9,27,715,Good (680-739)
BOR104541,54,MS,144800.0,Full-time,Other,36.9,1.5,34,676,Fair (620-679)
BOR104542,47,NH,33900.0,Full-time,Rent,44.7,8.1,26,609,Poor (<620)
BOR104543,19,IN,25500.0,Full-time,Rent,34.2,0.9,1,581,Poor (<620)
BOR104544,58,MD,86700.0,Unemployed,Rent,24.2,1.0,41,817,Exceptional (800+)
BOR104545,31,NC,45600.0,Self-employed,Mortgage,40.5,21.3,9,701,Good (680-739)
BOR104546,45,LA,53000.0,Part-time,Mortgage,33.8,5.4,28,626,Fair (620-679)
BOR104547,43,IL,127300.0,Full-time,Rent,29.5,0.2,20,710,Good (680-739)
BOR104548,42,FL,24800.0,Full-time,Mortgage,40.9,1.9,20,822,Exceptional (800+)
BOR104549,28,UT,42700.0,Part-time,Rent,32.0,1.3,11,720,Good (680-739)
BOR104550,19,LA,26700.0,Full-time,Own,32.8,2.0,1,500,Poor (<620)
BOR104551,29,GA,54200.0,Retired,Rent,40.6,1.6,11,850,Exceptional (800+)
BOR104552,51,MO,36400.0,Retired,Rent,27.0,3.6,29,560,Poor (<620)
BOR104553,24,VA,27500.0,Full-time,Own,20.4,2.9,7,667,Fair (620-679)
BOR104554,30,NC,64800.0,Full-time,Rent,35.3,5.8,13,606,Poor (<620)
BOR104555,46,GA,46800.0,Full-time,Rent,47.6,1.0,23,632,Fair (620-679)
BOR104556,29,NY,26500.0,Full-time,Rent,9.3,6.8,8,698,Good (680-739)
BOR104557,34,AZ,27300.0,Full-time,Own,39.3,2.0,14,545,Poor (<620)
BOR104558,42,NJ,51200.0,Part-time,Own,32.3,6.1,26,674,Fair (620-679)
BOR104559,44,WA,22000.0,Full-time,Rent,26.7,1.6,21,755,Very Good (740-799)
BOR104560,28,IL,51700.0,Full-time,Mortgage,25.5,1.2,11,625,Fair (620-679)
BOR104561,43,MS,85200.0,Full-time,Mortgage,41.0,8.0,20,590,Poor (<620)
BOR104562,46,IN,63000.0,Full-time,Rent,38.8,1.5,26,671,Fair (620-679)
BOR104563,26,LA,35200.0,Full-time,Mortgage,21.6,0.4,3,658,Fair (620-679)
BOR104564,44,FL,52800.0,Retired,Other,35.0,8.6,25,641,Fair (620-679)
BOR104565,32,TN,26600.0,Full-time,Mortgage,45.7,1.1,14,603,Poor (<620)
BOR104566,42,NV,49600.0,Self-employed,Rent,39.0,7.5,26,714,Good (680-739)
BOR104567,50,NC,40300.0,Full-time,Mortgage,15.3,3.4,30,719,Good (680-739)
BOR104568,39,PA,29200.0,Part-time,Own,38.5,3.7,19,611,Poor (<620)
BOR104569,52,OH,61700.0,Full-time,Rent,19.5,3.8,35,620,Fair (620-679)
BOR104570,50,OH,19200.0,Full-time,Own,34.2,13.8,32,689,Good (680-739)
BOR104571,52,NJ,27300.0,Full-time,Mortgage,24.5,5.0,33,617,Poor (<620)
BOR104572,46,NC,28900.0,Part-time,Mortgage,36.0,12.3,29,692,Good (680-739)
BOR104573,54,OH,37200.0,Full-time,Mortgage,25.3,3.5,35,775,Very Good (740-799)
BOR104574,46,IN,83700.0,Full-time,Rent,21.5,1.7,28,676,Fair (620-679)
BOR104575,21,TX,65500.0,Full-time,Rent,35.1,2.6,1,601,Poor (<620)
BOR104576,31,NC,48900.0,Full-time,Own,33.2,1.0,13,705,Good (680-739)
BOR104577,38,MD,47900.0,Full-time,Own,40.2,11.2,17,668,Fair (620-679)
BOR104578,40,PA,46400.0,Full-time,Rent,26.7,20.1,18,670,Fair (620-679)
BOR104579,45,IL,86400.0,Part-time,Mortgage,16.9,0.7,24,711,Good (680-739)
BOR104580,31,PA,20600.0,Full-time,Mortgage,38.8,8.3,12,725,Good (680-739)
BOR104581,65,CA,66000.0,Full-time,Other,46.5,0.9,44,682,Good (680-739)
BOR104582,40,VA,37100.0,Full-time,Rent,26.2,1.3,21,676,Fair (620-679)
BOR104583,41,TX,58500.0,Full-time,Mortgage,36.9,0.3,21,814,Exceptional (800+)
BOR104584,33,OH,58600.0,Retired,Own,28.9,0.8,13,758,Very Good (740-799)
BOR104585,29,NH,64900.0,Part-time,Rent,51.3,8.3,11,734,Good (680-739)
BOR104586,39,MS,95100.0,Self-employed,Rent,26.7,1.9,21,689,Good (680-739)
BOR104587,41,IL,25200.0,Full-time,Mortgage,31.5,1.4,19,615,Poor (<620)
BOR104588,40,GA,73300.0,Full-time,Rent,11.8,0.0,24,753,Very Good (740-799)
BOR104589,61,VA,45300.0,Retired,Rent,47.7,1.7,43,689,Good (680-739)
BOR104590,39,NV,37900.0,Full-time,Own,26.7,0.4,20,642,Fair (620-679)
BOR104591,40,NV,116400.0,Self-employed,Rent,45.0,1.1,20,664,Fair (620-679)
BOR104592,51,NY,64000.0,Full-time,Rent,25.3,0.1,34,617,Poor (<620)
BOR104593,39,NY,38600.0,Full-time,Rent,31.2,3.3,22,749,Very Good (740-799)
BOR104594,47,NJ,71700.0,Unemployed,Other,24.2,2.6,26,724,Good (680-739)
BOR104595,26,LA,45700.0,Self-employed,Mortgage,22.7,2.6,6,692,Good (680-739)
BOR104596,26,LA,38400.0,Self-employed,Rent,29.1,1.2,9,677,Fair (620-679)
BOR104597,42,FL,35500.0,Self-employed,Mortgage,30.6,1.4,23,636,Fair (620-679)
BOR104598,38,MA,53500.0,Full-time,Mortgage,28.4,4.3,17,542,Poor (<620)
BOR104599,31,PA,35400.0,Full-time,Rent,16.8,4.9,8,588,Poor (<620)
BOR104600,42,MD,50000.0,Full-time,Rent,34.8,3.0,26,632,Fair (620-679)
BOR104601,44,MS,69500.0,Full-time,Mortgage,12.4,1.5,26,622,Fair (620-679)
BOR104602,32,NJ,49000.0,Full-time,Mortgage,28.6,6.9,10,699,Good (680-739)
BOR104603,35,TX,113500.0,Full-time,Mortgage,16.2,1.6,17,733,Good (680-739)
BOR104604,44,MA,46900.0,Self-employed,Other,41.0,1.7,27,672,Fair (620-679)
BOR104605,29,NJ,85600.0,Part-time,Rent,44.3,1.0,13,772,Very Good (740-799)
BOR104606,34,NV,72400.0,Full-time,Mortgage,37.9,1.0,14,629,Fair (620-679)
BOR104607,47,NC,92600.0,Full-time,Mortgage,27.2,2.3,28,671,Fair (620-679)
BOR104608,41,LA,113300.0,Part-time,Rent,24.6,1.2,23,677,Fair (620-679)
BOR104609,35,OH,21100.0,Self-employed,Rent,29.5,0.9,13,751,Very Good (740-799)
BOR104610,30,PA,52500.0,Full-time,Rent,31.5,5.3,13,687,Good (680-739)
BOR104611,29,GA,44300.0,Full-time,Rent,36.8,0.8,8,689,Good (680-739)
BOR104612,39,CA,49000.0,Full-time,Own,36.0,4.3,16,572,Poor (<620)
BOR104613,65,GA,39000.0,Self-employed,Own,11.6,12.4,49,622,Fair (620-679)
BOR104614,48,IN,36500.0,Self-employed,Mortgage,38.6,0.4,29,751,Very Good (740-799)
BOR104615,25,NY,28400.0,Full-time,Mortgage,35.9,2.4,7,545,Poor (<620)
BOR104616,49,FL,48700.0,Full-time,Rent,24.2,7.4,27,767,Very Good (740-799)
BOR104617,32,NY,71000.0,Full-time,Rent,22.3,3.3,14,712,Good (680-739)
BOR104618,41,TX,37300.0,Full-time,Rent,32.6,3.5,19,631,Fair (620-679)
BOR104619,34,LA,40200.0,Full-time,Mortgage,33.8,30.0,14,626,Fair (620-679)
BOR104620,65,NM,34100.0,Self-employed,Rent,21.0,8.8,43,803,Exceptional (800+)
BOR104621,27,TX,29800.0,Full-time,Other,32.6,1.5,5,772,Very Good (740-799)
BOR104622,45,CO,41900.0,Full-time,Mortgage,33.8,0.1,24,672,Fair (620-679)
BOR104623,33,WI,54400.0,Part-time,Own,40.6,1.6,10,689,Good (680-739)
BOR104624,50,NH,82100.0,Part-time,Rent,30.9,7.0,28,638,Fair (620-679)
BOR104625,45,NC,27300.0,Full-time,Own,11.7,0.5,27,689,Good (680-739)
BOR104626,56,GA,46000.0,Self-employed,Rent,34.5,10.9,40,636,Fair (620-679)
BOR104627,50,NJ,79200.0,Full-time,Mortgage,15.1,0.4,33,675,Fair (620-679)
BOR104628,33,LA,27400.0,Full-time,Mortgage,23.5,4.0,14,798,Very Good (740-799)
BOR104629,76,MD,82500.0,Full-time,Rent,18.5,1.7,55,674,Fair (620-679)
BOR104630,48,VA,38300.0,Part-time,Mortgage,36.9,4.0,27,612,Poor (<620)
BOR104631,34,OH,64200.0,Full-time,Mortgage,21.1,0.2,13,591,Poor (<620)
BOR104632,43,MD,42300.0,Full-time,Own,42.0,1.7,26,688,Good (680-739)
BOR104633,49,LA,57300.0,Full-time,Mortgage,20.4,0.6,28,631,Fair (620-679)
BOR104634,48,NJ,96200.0,Retired,Mortgage,11.9,1.0,28,696,Good (680-739)
BOR104635,47,MO,44200.0,Part-time,Rent,28.5,6.0,25,575,Poor (<620)
BOR104636,53,NJ,73000.0,Self-employed,Own,18.7,5.8,34,725,Good (680-739)
BOR104637,51,VA,52800.0,Full-time,Mortgage,45.2,2.8,33,611,Poor (<620)
BOR104638,31,WA,32700.0,Self-employed,Mortgage,25.2,0.6,13,683,Good (680-739)
BOR104639,66,MN,43700.0,Full-time,Rent,43.5,6.0,44,658,Fair (620-679)
BOR104640,65,NH,42500.0,Unemployed,Mortgage,28.9,16.9,47,792,Very Good (740-799)
BOR104641,51,NJ,24700.0,Full-time,Rent,35.6,7.9,30,691,Good (680-739)
BOR104642,41,NC,57300.0,Full-time,Rent,26.7,1.7,22,806,Exceptional (800+)
BOR104643,42,MI,62700.0,Retired,Mortgage,55.8,0.1,26,716,Good (680-739)
BOR104644,37,NY,67200.0,Retired,Mortgage,20.5,5.9,17,773,Very Good (740-799)
BOR104645,39,GA,88700.0,Full-time,Rent,5.0,5.4,16,666,Fair (620-679)
BOR104646,19,TX,71600.0,Full-time,Mortgage,34.6,0.6,1,702,Good (680-739)
BOR104647,59,NJ,35500.0,Full-time,Rent,21.8,11.6,41,759,Very Good (740-799)
BOR104648,55,PA,39100.0,Full-time,Other,34.0,1.0,35,739,Good (680-739)
BOR104649,21,NC,68000.0,Full-time,Rent,31.3,0.6,5,715,Good (680-739)
BOR104650,52,MN,55600.0,Full-time,Own,26.7,3.0,33,659,Fair (620-679)
BOR104651,41,OH,46300.0,Full-time,Own,27.9,0.2,22,670,Fair (620-679)
BOR104652,39,TN,31500.0,Full-time,Mortgage,36.1,1.5,20,754,Very Good (740-799)
BOR104653,47,MS,36700.0,Full-time,Mortgage,28.4,3.0,27,767,Very Good (740-799)
BOR104654,20,AZ,60600.0,Full-time,Rent,30.5,1.4,1,641,Fair (620-679)
BOR104655,41,PA,19400.0,Full-time,Mortgage,27.0,0.8,22,632,Fair (620-679)
BOR104656,42,NC,18000.0,Unemployed,Rent,48.3,0.6,24,621,Fair (620-679)
BOR104657,42,MA,63700.0,Full-time,Rent,45.1,5.6,20,734,Good (680-739)
BOR104658,25,WA,36700.0,Self-employed,Own,17.3,7.7,7,620,Fair (620-679)
BOR104659,46,NY,57600.0,Unemployed,Rent,32.0,4.4,30,733,Good (680-739)
BOR104660,54,NJ,94800.0,Full-time,Rent,23.9,2.7,33,715,Good (680-739)
BOR104661,46,AZ,29600.0,Part-time,Mortgage,19.5,2.6,24,645,Fair (620-679)
BOR104662,38,OH,22000.0,Full-time,Rent,5.0,5.2,22,782,Very Good (740-799)
BOR104663,73,TN,41200.0,Full-time,Own,28.7,2.0,54,585,Poor (<620)
BOR104664,30,TX,34300.0,Full-time,Rent,29.5,0.1,14,788,Very Good (740-799)
BOR104665,50,NC,46100.0,Full-time,Rent,45.6,0.2,34,701,Good (680-739)
BOR104666,44,NV,59400.0,Retired,Rent,42.5,2.6,22,545,Poor (<620)
BOR104667,65,OH,54000.0,Full-time,Own,36.9,2.5,42,783,Very Good (740-799)
BOR104668,46,TN,47600.0,Full-time,Mortgage,39.4,1.0,30,743,Very Good (740-799)
BOR104669,48,NJ,75100.0,Part-time,Other,40.5,1.0,25,652,Fair (620-679)
BOR104670,47,GA,63100.0,Full-time,Rent,36.9,1.9,29,617,Poor (<620)
BOR104671,28,MS,43000.0,Full-time,Mortgage,45.8,0.6,10,578,Poor (<620)
BOR104672,31,NC,62100.0,Full-time,Rent,19.3,13.2,12,837,Exceptional (800+)
BOR104673,38,IL,23300.0,Full-time,Own,27.1,0.7,18,620,Fair (620-679)
BOR104674,52,MS,75300.0,Full-time,Rent,25.7,11.7,35,598,Poor (<620)
BOR104675,44,WI,47100.0,Full-time,Mortgage,26.5,13.7,27,697,Good (680-739)
BOR104676,39,MO,27200.0,Full-time,Mortgage,30.5,0.7,20,574,Poor (<620)
BOR104677,57,TX,38700.0,Full-time,Own,48.3,3.8,37,616,Poor (<620)
BOR104678,19,NY,74400.0,Full-time,Own,41.0,4.7,1,745,Very Good (740-799)
BOR104679,25,IN,33000.0,Full-time,Rent,44.2,2.3,8,710,Good (680-739)
BOR104680,19,IL,56100.0,Full-time,Rent,31.2,4.5,2,655,Fair (620-679)
BOR104681,55,IL,69200.0,Full-time,Rent,30.8,7.2,37,681,Good (680-739)
BOR104682,40,MN,47100.0,Full-time,Mortgage,37.8,4.0,22,651,Fair (620-679)
BOR104683,53,GA,31600.0,Self-employed,Rent,36.3,19.5,35,676,Fair (620-679)
BOR104684,40,TX,45300.0,Full-time,Rent,36.3,1.7,23,630,Fair (620-679)
BOR104685,53,CA,24700.0,Full-time,Rent,55.2,1.2,34,642,Fair (620-679)
BOR104686,39,NJ,37400.0,Full-time,Rent,37.9,2.4,17,640,Fair (620-679)
BOR104687,46,TN,28300.0,Full-time,Mortgage,24.1,4.2,30,633,Fair (620-679)
BOR104688,44,LA,45700.0,Self-employed,Rent,25.0,1.7,28,748,Very Good (740-799)
BOR104689,45,FL,26300.0,Part-time,Own,40.4,13.8,25,730,Good (680-739)
BOR104690,61,PA,48400.0,Full-time,Rent,39.6,1.8,39,619,Poor (<620)
BOR104691,22,AZ,77600.0,Full-time,Mortgage,41.8,3.2,5,602,Poor (<620)
BOR104692,40,NC,79900.0,Full-time,Own,37.2,3.8,22,670,Fair (620-679)
BOR104693,43,VA,26600.0,Part-time,Own,21.6,2.5,26,820,Exceptional (800+)
BOR104694,42,MS,34600.0,Unemployed,Other,47.4,0.6,20,613,Poor (<620)
BOR104695,36,AZ,68400.0,Full-time,Rent,45.4,1.7,18,670,Fair (620-679)
BOR104696,35,NJ,64000.0,Full-time,Mortgage,28.1,0.3,17,686,Good (680-739)
BOR104697,59,NH,35400.0,Full-time,Rent,35.7,0.0,38,673,Fair (620-679)
BOR104698,40,TX,37500.0,Full-time,Mortgage,33.9,2.4,23,650,Fair (620-679)
BOR104699,70,MS,48400.0,Full-time,Rent,28.3,2.6,52,755,Very Good (740-799)
BOR104700,47,WA,20400.0,Self-employed,Rent,20.4,0.5,29,710,Good (680-739)
BOR104701,38,WA,59100.0,Full-time,Rent,37.7,6.8,16,735,Good (680-739)
BOR104702,48,MS,75900.0,Unemployed,Own,17.1,0.2,31,718,Good (680-739)
BOR104703,42,WA,39100.0,Full-time,Other,26.0,2.8,19,738,Good (680-739)
BOR104704,57,NJ,24600.0,Full-time,Rent,49.1,17.8,38,783,Very Good (740-799)
BOR104705,27,OH,88100.0,Full-time,Mortgage,36.2,1.4,4,767,Very Good (740-799)
BOR104706,19,IN,51500.0,Full-time,Rent,35.8,2.1,2,831,Exceptional (800+)
BOR104707,45,MA,64200.0,Full-time,Own,29.1,1.5,28,759,Very Good (740-799)
BOR104708,51,IL,25700.0,Full-time,Own,16.4,0.5,35,636,Fair (620-679)
BOR104709,44,MD,25800.0,Full-time,Rent,36.1,2.0,21,735,Good (680-739)
BOR104710,49,IN,56200.0,Full-time,Rent,37.0,3.2,28,726,Good (680-739)
BOR104711,47,MI,74000.0,Unemployed,Rent,39.9,3.0,25,805,Exceptional (800+)
BOR104712,23,CA,28100.0,Self-employed,Rent,28.1,1.6,7,617,Poor (<620)
BOR104713,44,NJ,44500.0,Part-time,Rent,27.9,5.2,28,716,Good (680-739)
BOR104714,57,CA,22800.0,Full-time,Own,37.7,2.7,37,636,Fair (620-679)
BOR104715,43,TX,34000.0,Full-time,Mortgage,19.4,3.8,20,713,Good (680-739)
BOR104716,25,NJ,41500.0,Full-time,Mortgage,40.1,11.3,7,666,Fair (620-679)
BOR104717,37,TX,58100.0,Full-time,Rent,30.4,7.9,14,711,Good (680-739)
BOR104718,48,OH,18100.0,Full-time,Mortgage,34.9,8.6,26,588,Poor (<620)
BOR104719,63,IN,84500.0,Full-time,Mortgage,55.1,8.0,42,732,Good (680-739)
BOR104720,19,GA,43200.0,Full-time,Rent,29.3,5.0,1,693,Good (680-739)
BOR104721,45,NH,83500.0,Full-time,Rent,33.4,0.9,25,690,Good (680-739)
BOR104722,30,MS,63900.0,Full-time,Own,32.3,3.5,10,807,Exceptional (800+)
BOR104723,47,MA,68400.0,Part-time,Other,12.2,4.0,24,655,Fair (620-679)
BOR104724,48,UT,115700.0,Full-time,Own,38.1,4.3,30,702,Good (680-739)
BOR104725,38,LA,32800.0,Full-time,Rent,8.6,1.6,21,687,Good (680-739)
BOR104726,49,GA,49600.0,Full-time,Mortgage,39.6,4.3,29,693,Good (680-739)
BOR104727,55,CO,29900.0,Part-time,Rent,25.1,0.8,33,824,Exceptional (800+)
BOR104728,39,NY,44500.0,Full-time,Mortgage,24.6,1.2,22,684,Good (680-739)
BOR104729,25,MO,64500.0,Self-employed,Rent,31.6,0.4,2,643,Fair (620-679)
BOR104730,58,WA,77400.0,Full-time,Rent,18.7,5.6,35,802,Exceptional (800+)
BOR104731,51,CA,39300.0,Full-time,Mortgage,30.9,3.7,32,660,Fair (620-679)
BOR104732,48,OH,27100.0,Full-time,Rent,21.0,0.6,25,576,Poor (<620)
BOR104733,33,UT,48200.0,Full-time,Rent,19.1,1.6,15,632,Fair (620-679)
BOR104734,53,GA,31800.0,Full-time,Mortgage,29.8,0.4,31,599,Poor (<620)
BOR104735,66,PA,36000.0,Full-time,Mortgage,44.2,18.3,47,563,Poor (<620)
BOR104736,40,PA,63100.0,Full-time,Mortgage,39.2,2.2,18,656,Fair (620-679)
BOR104737,42,VA,58000.0,Full-time,Rent,26.6,0.8,19,675,Fair (620-679)
BOR104738,28,NV,67900.0,Full-time,Rent,30.4,2.4,12,757,Very Good (740-799)
BOR104739,32,CO,40100.0,Full-time,Own,26.6,0.4,11,721,Good (680-739)
BOR104740,28,NJ,73400.0,Self-employed,Mortgage,20.1,14.9,10,718,Good (680-739)
BOR104741,43,IL,46900.0,Part-time,Rent,21.5,0.9,23,622,Fair (620-679)
BOR104742,37,TX,41000.0,Full-time,Other,34.6,3.0,16,738,Good (680-739)
BOR104743,45,VA,28400.0,Unemployed,Own,24.7,2.0,29,770,Very Good (740-799)
BOR104744,30,NV,18200.0,Full-time,Own,31.4,2.5,9,706,Good (680-739)
BOR104745,39,MD,23100.0,Self-employed,Rent,21.8,0.8,18,707,Good (680-739)
BOR104746,30,NJ,51400.0,Unemployed,Other,39.9,3.5,10,598,Poor (<620)
BOR104747,43,TN,31000.0,Full-time,Rent,38.4,4.3,25,749,Very Good (740-799)
BOR104748,21,NJ,22200.0,Full-time,Rent,47.6,0.3,3,796,Very Good (740-799)
BOR104749,43,MA,38600.0,Retired,Mortgage,45.6,4.2,20,701,Good (680-739)
BOR104750,38,WA,52900.0,Full-time,Other,22.8,4.9,15,641,Fair (620-679)
BOR104751,43,MO,56200.0,Full-time,Rent,23.4,8.3,23,669,Fair (620-679)
BOR104752,21,WA,46000.0,Self-employed,Rent,35.5,4.9,1,653,Fair (620-679)
BOR104753,49,NM,45400.0,Full-time,Rent,23.1,0.6,29,657,Fair (620-679)
BOR104754,37,NJ,36600.0,Full-time,Rent,34.4,0.3,17,722,Good (680-739)
BOR104755,44,CA,62000.0,Full-time,Own,28.5,0.7,21,698,Good (680-739)
BOR104756,19,IL,43100.0,Self-employed,Own,41.2,1.2,3,745,Very Good (740-799)
BOR104757,26,WA,45100.0,Full-time,Mortgage,41.5,6.8,4,704,Good (680-739)
BOR104758,36,AZ,74400.0,Self-employed,Rent,28.9,1.7,19,624,Fair (620-679)
BOR104759,58,AZ,66600.0,Full-time,Rent,13.7,5.7,39,647,Fair (620-679)
BOR104760,47,MD,42900.0,Full-time,Rent,42.1,2.3,27,643,Fair (620-679)
BOR104761,43,OH,40200.0,Full-time,Mortgage,25.9,3.4,23,668,Fair (620-679)
BOR104762,30,IN,40100.0,Full-time,Mortgage,31.8,1.6,8,797,Very Good (740-799)
BOR104763,28,MD,18800.0,Full-time,Mortgage,30.6,17.9,5,807,Exceptional (800+)
BOR104764,44,NJ,76400.0,Full-time,Rent,35.8,11.8,27,734,Good (680-739)
BOR104765,49,NJ,34300.0,Full-time,Mortgage,25.8,4.7,26,688,Good (680-739)
BOR104766,44,PA,68500.0,Part-time,Rent,20.8,0.8,25,591,Poor (<620)
BOR104767,62,NJ,47500.0,Full-time,Own,33.5,0.3,43,694,Good (680-739)
BOR104768,33,MN,87200.0,Part-time,Mortgage,40.3,0.0,14,629,Fair (620-679)
BOR104769,43,MS,59200.0,Self-employed,Mortgage,30.8,2.4,25,786,Very Good (740-799)
BOR104770,21,TN,70300.0,Part-time,Mortgage,30.7,7.1,2,576,Poor (<620)
BOR104771,44,GA,35700.0,Self-employed,Rent,20.1,0.8,22,705,Good (680-739)
BOR104772,59,MO,26100.0,Full-time,Own,37.1,6.9,43,623,Fair (620-679)
BOR104773,29,WI,49800.0,Retired,Rent,37.9,3.5,12,679,Fair (620-679)
BOR104774,51,NC,19700.0,Part-time,Own,30.9,0.4,31,723,Good (680-739)
BOR104775,58,NV,37800.0,Full-time,Other,22.3,7.7,39,746,Very Good (740-799)
BOR104776,33,TX,27300.0,Part-time,Own,32.8,0.0,12,676,Fair (620-679)
BOR104777,47,CA,32000.0,Full-time,Rent,33.7,1.7,31,729,Good (680-739)
BOR104778,60,NY,61000.0,Part-time,Rent,31.6,1.3,42,637,Fair (620-679)
BOR104779,44,PA,59200.0,Full-time,Other,21.2,1.2,22,696,Good (680-739)
BOR104780,50,LA,43400.0,Full-time,Rent,34.5,2.6,32,745,Very Good (740-799)
BOR104781,20,NJ,53900.0,Self-employed,Rent,33.6,2.5,4,702,Good (680-739)
BOR104782,48,OH,36600.0,Unemployed,Rent,36.2,4.8,31,646,Fair (620-679)
BOR104783,47,NJ,139000.0,Full-time,Rent,30.6,4.8,27,662,Fair (620-679)
BOR104784,25,MI,53400.0,Full-time,Rent,44.8,6.0,5,746,Very Good (740-799)
BOR104785,29,GA,35800.0,Full-time,Rent,32.0,11.2,6,609,Poor (<620)
BOR104786,48,NY,69100.0,Part-time,Rent,46.0,2.3,25,619,Poor (<620)
BOR104787,37,IN,81500.0,Full-time,Other,34.2,0.3,19,719,Good (680-739)
BOR104788,54,NY,32900.0,Retired,Own,20.4,2.3,37,651,Fair (620-679)
BOR104789,45,MN,24600.0,Full-time,Rent,40.4,1.7,23,586,Poor (<620)
BOR104790,42,PA,26900.0,Full-time,Own,28.4,3.3,19,768,Very Good (740-799)
BOR104791,39,MD,34500.0,Full-time,Mortgage,27.6,3.7,22,609,Poor (<620)
BOR104792,45,NV,45500.0,Full-time,Rent,42.4,1.7,22,667,Fair (620-679)
BOR104793,51,NY,22400.0,Full-time,Mortgage,19.5,3.0,34,640,Fair (620-679)
BOR104794,47,TX,38600.0,Part-time,Own,14.5,1.8,26,661,Fair (620-679)
BOR104795,36,NM,42500.0,Full-time,Rent,29.8,0.6,19,622,Fair (620-679)
BOR104796,56,VA,54000.0,Full-time,Mortgage,35.0,1.7,35,726,Good (680-739)
BOR104797,49,TN,61400.0,Full-time,Rent,40.7,3.2,27,687,Good (680-739)
BOR104798,46,CA,55900.0,Full-time,Own,33.4,4.3,24,744,Very Good (740-799)
BOR104799,42,OH,104500.0,Full-time,Other,9.5,2.8,21,640,Fair (620-679)
BOR104800,47,WA,76300.0,Full-time,Mortgage,22.3,0.7,27,819,Exceptional (800+)
BOR104801,19,LA,51500.0,Self-employed,Rent,19.4,4.8,1,556,Poor (<620)
BOR104802,44,OH,30100.0,Full-time,Mortgage,13.1,11.3,21,577,Poor (<620)
BOR104803,61,MN,34400.0,Full-time,Mortgage,30.3,9.2,43,794,Very Good (740-799)
BOR104804,44,IN,24500.0,Full-time,Mortgage,37.1,3.7,27,711,Good (680-739)
BOR104805,42,FL,50000.0,Full-time,Mortgage,41.7,3.8,25,702,Good (680-739)
BOR104806,34,GA,54100.0,Full-time,Rent,37.0,2.7,13,708,Good (680-739)
BOR104807,47,OH,69700.0,Full-time,Rent,26.4,0.5,27,717,Good (680-739)
BOR104808,39,NJ,52600.0,Full-time,Own,42.8,1.8,20,699,Good (680-739)
BOR104809,57,TN,74900.0,Self-employed,Rent,29.9,1.3,41,617,Poor (<620)
BOR104810,31,NJ,75600.0,Full-time,Mortgage,32.6,1.0,14,733,Good (680-739)
BOR104811,36,OH,29400.0,Full-time,Rent,25.4,3.3,17,723,Good (680-739)
BOR104812,34,MD,36900.0,Unemployed,Rent,29.5,9.9,16,773,Very Good (740-799)
BOR104813,63,MA,46400.0,Full-time,Rent,27.8,0.9,40,795,Very Good (740-799)
BOR104814,39,WA,33900.0,Full-time,Rent,18.2,0.6,20,701,Good (680-739)
BOR104815,34,AZ,41800.0,Part-time,Rent,38.4,1.8,13,600,Poor (<620)
BOR104816,19,IL,53400.0,Full-time,Mortgage,33.7,3.5,1,795,Very Good (740-799)
BOR104817,30,MO,44100.0,Full-time,Mortgage,39.9,4.4,10,614,Poor (<620)
BOR104818,47,MI,46600.0,Self-employed,Rent,25.0,0.7,31,702,Good (680-739)
BOR104819,47,NC,30500.0,Full-time,Mortgage,39.1,2.5,30,663,Fair (620-679)
BOR104820,33,NY,58600.0,Full-time,Own,16.3,0.9,15,652,Fair (620-679)
BOR104821,34,TN,56700.0,Full-time,Rent,37.4,0.3,15,730,Good (680-739)
BOR104822,63,TN,33100.0,Full-time,Mortgage,38.8,2.2,47,696,Good (680-739)
BOR104823,73,NC,26100.0,Self-employed,Mortgage,21.6,1.8,53,713,Good (680-739)
BOR104824,55,LA,81100.0,Self-employed,Rent,43.2,12.9,33,627,Fair (620-679)
BOR104825,60,NV,102400.0,Self-employed,Mortgage,47.6,1.7,40,669,Fair (620-679)
BOR104826,62,FL,51800.0,Full-time,Rent,26.3,13.8,40,630,Fair (620-679)
BOR104827,68,MD,39600.0,Unemployed,Mortgage,46.5,4.3,48,667,Fair (620-679)
BOR104828,37,MI,74700.0,Full-time,Rent,15.0,0.6,15,672,Fair (620-679)
BOR104829,30,NH,57600.0,Full-time,Rent,30.6,4.4,7,800,Exceptional (800+)
BOR104830,63,IL,42400.0,Part-time,Own,5.9,8.6,42,663,Fair (620-679)
BOR104831,29,GA,72100.0,Part-time,Rent,41.3,10.0,12,542,Poor (<620)
BOR104832,29,NJ,32400.0,Full-time,Rent,16.7,2.8,7,771,Very Good (740-799)
BOR104833,29,OH,34200.0,Full-time,Rent,12.5,11.6,10,709,Good (680-739)
BOR104834,39,MD,54900.0,Full-time,Own,34.6,2.5,16,671,Fair (620-679)
BOR104835,19,VA,49100.0,Full-time,Rent,42.4,12.5,2,652,Fair (620-679)
BOR104836,24,IL,62100.0,Full-time,Other,28.0,8.2,4,618,Poor (<620)
BOR104837,34,WA,79800.0,Full-time,Rent,33.4,0.8,15,806,Exceptional (800+)
BOR104838,27,LA,23200.0,Full-time,Rent,49.6,3.4,7,683,Good (680-739)
BOR104839,54,MN,47500.0,Part-time,Mortgage,22.5,7.9,38,567,Poor (<620)
BOR104840,41,WA,109700.0,Part-time,Rent,22.2,3.9,18,701,Good (680-739)
BOR104841,48,GA,35700.0,Full-time,Rent,42.9,2.6,30,758,Very Good (740-799)
BOR104842,47,PA,33800.0,Full-time,Mortgage,34.2,0.4,29,690,Good (680-739)
BOR104843,39,LA,18000.0,Full-time,Rent,46.2,3.2,20,621,Fair (620-679)
BOR104844,53,MD,48800.0,Full-time,Mortgage,19.0,2.1,35,616,Poor (<620)
BOR104845,46,MA,60600.0,Self-employed,Rent,14.1,1.3,25,620,Fair (620-679)
BOR104846,37,LA,60500.0,Full-time,Rent,17.7,0.6,18,779,Very Good (740-799)
BOR104847,21,NY,29200.0,Self-employed,Rent,39.1,2.9,1,675,Fair (620-679)
BOR104848,47,MO,46400.0,Full-time,Rent,44.0,0.1,29,571,Poor (<620)
BOR104849,26,IL,51500.0,Part-time,Rent,42.7,0.6,6,705,Good (680-739)
BOR104850,46,FL,47700.0,Full-time,Mortgage,37.6,6.1,24,689,Good (680-739)
BOR104851,42,VA,28500.0,Full-time,Rent,44.5,0.4,20,651,Fair (620-679)
BOR104852,25,MI,48300.0,Full-time,Mortgage,25.9,1.8,3,614,Poor (<620)
BOR104853,44,NM,32300.0,Full-time,Rent,12.1,0.3,25,611,Poor (<620)
BOR104854,43,NC,20100.0,Full-time,Own,15.8,3.5,20,751,Very Good (740-799)
BOR104855,43,NV,63400.0,Full-time,Rent,17.5,4.6,25,696,Good (680-739)
BOR104856,43,CO,49700.0,Full-time,Mortgage,12.6,1.5,21,711,Good (680-739)
BOR104857,33,MO,60900.0,Full-time,Other,18.4,0.1,16,696,Good (680-739)
BOR104858,48,MS,36700.0,Full-time,Rent,22.7,2.4,28,701,Good (680-739)
BOR104859,33,NJ,61800.0,Full-time,Rent,38.1,5.5,14,650,Fair (620-679)
BOR104860,28,MI,73900.0,Full-time,Mortgage,34.9,3.4,7,667,Fair (620-679)
BOR104861,49,PA,102700.0,Full-time,Rent,47.1,15.7,27,756,Very Good (740-799)
BOR104862,52,OH,67300.0,Full-time,Rent,19.6,9.9,36,772,Very Good (740-799)
BOR104863,48,LA,55400.0,Full-time,Mortgage,35.7,4.6,28,601,Poor (<620)
BOR104864,39,VA,25100.0,Full-time,Rent,45.2,2.8,16,666,Fair (620-679)
BOR104865,19,NC,44400.0,Full-time,Rent,26.9,3.3,2,735,Good (680-739)
BOR104866,59,IL,24600.0,Full-time,Own,27.5,0.1,37,802,Exceptional (800+)
BOR104867,19,VA,32300.0,Full-time,Mortgage,45.8,6.7,1,796,Very Good (740-799)
BOR104868,48,MD,112400.0,Full-time,Rent,28.4,10.8,32,628,Fair (620-679)
BOR104869,66,GA,29400.0,Full-time,Mortgage,46.3,0.1,50,763,Very Good (740-799)
BOR104870,43,CO,18000.0,Full-time,Rent,17.2,2.7,25,684,Good (680-739)
BOR104871,44,TN,67200.0,Full-time,Rent,48.2,7.0,27,748,Very Good (740-799)
BOR104872,46,MN,34400.0,Full-time,Mortgage,44.6,12.0,28,731,Good (680-739)
BOR104873,43,OH,65900.0,Full-time,Other,22.4,3.6,26,598,Poor (<620)
BOR104874,69,TN,27500.0,Part-time,Own,28.9,9.8,47,716,Good (680-739)
BOR104875,31,PA,38500.0,Part-time,Mortgage,19.6,4.8,10,745,Very Good (740-799)
BOR104876,29,NC,79900.0,Full-time,Mortgage,27.1,1.2,12,679,Fair (620-679)
BOR104877,37,MD,25700.0,Part-time,Other,16.4,1.4,19,664,Fair (620-679)
BOR104878,62,TN,43200.0,Self-employed,Own,14.2,2.9,41,578,Poor (<620)
BOR104879,34,PA,53200.0,Retired,Own,19.5,6.1,11,724,Good (680-739)
BOR104880,46,LA,33700.0,Full-time,Mortgage,42.4,0.0,23,694,Good (680-739)
BOR104881,54,TX,52000.0,Self-employed,Rent,13.4,1.3,38,620,Fair (620-679)
BOR104882,50,TN,47000.0,Full-time,Mortgage,45.7,0.5,30,659,Fair (620-679)
BOR104883,53,NH,59300.0,Full-time,Mortgage,41.1,3.5,30,690,Good (680-739)
BOR104884,58,AZ,106800.0,Full-time,Rent,45.2,1.7,35,644,Fair (620-679)
BOR104885,45,MN,155400.0,Full-time,Rent,35.4,4.7,29,680,Good (680-739)
BOR104886,36,TN,57400.0,Full-time,Rent,48.5,3.5,20,566,Poor (<620)
BOR104887,43,MN,44400.0,Full-time,Rent,17.7,2.2,20,768,Very Good (740-799)
BOR104888,37,IN,56900.0,Full-time,Rent,45.7,1.5,20,681,Good (680-739)
BOR104889,71,MD,42000.0,Full-time,Rent,62.4,2.2,54,609,Poor (<620)
BOR104890,35,IL,22800.0,Full-time,Rent,29.4,0.6,18,520,Poor (<620)
BOR104891,47,WI,45700.0,Full-time,Rent,31.4,0.4,31,747,Very Good (740-799)
BOR104892,23,OH,75900.0,Full-time,Mortgage,22.8,1.6,4,716,Good (680-739)
BOR104893,43,NH,24100.0,Full-time,Rent,32.7,4.9,25,694,Good (680-739)
BOR104894,38,IL,29900.0,Full-time,Rent,33.9,6.6,22,736,Good (680-739)
BOR104895,49,IL,35900.0,Full-time,Rent,8.4,8.8,31,736,Good (680-739)
BOR104896,49,LA,55100.0,Unemployed,Mortgage,38.1,3.5,31,693,Good (680-739)
BOR104897,58,OH,135900.0,Full-time,Own,43.1,4.1,37,663,Fair (620-679)
BOR104898,57,NC,32400.0,Full-time,Other,23.2,3.4,40,653,Fair (620-679)
BOR104899,40,MD,48600.0,Full-time,Own,27.8,6.8,17,707,Good (680-739)
BOR104900,30,PA,46800.0,Part-time,Rent,40.5,2.2,14,771,Very Good (740-799)
BOR104901,31,PA,40700.0,Full-time,Mortgage,22.7,2.0,12,673,Fair (620-679)
BOR104902,45,WA,45600.0,Self-employed,Mortgage,39.4,1.8,22,776,Very Good (740-799)
BOR104903,43,OH,37800.0,Full-time,Mortgage,34.9,6.0,25,704,Good (680-739)
BOR104904,44,IL,160200.0,Full-time,Rent,55.3,4.7,22,705,Good (680-739)
BOR104905,35,CA,65300.0,Full-time,Own,30.7,10.4,17,836,Exceptional (800+)
BOR104906,58,NC,38000.0,Retired,Own,26.7,0.0,42,787,Very Good (740-799)
BOR104907,23,GA,79400.0,Full-time,Rent,34.5,6.9,1,789,Very Good (740-799)
BOR104908,34,CA,52300.0,Full-time,Rent,33.2,10.0,12,628,Fair (620-679)
BOR104909,28,TN,47900.0,Full-time,Rent,48.3,1.5,12,822,Exceptional (800+)
BOR104910,38,TN,43000.0,Full-time,Other,47.8,4.3,18,675,Fair (620-679)
BOR104911,56,TX,41700.0,Self-employed,Own,24.7,1.7,37,665,Fair (620-679)
BOR104912,38,GA,26900.0,Full-time,Rent,30.1,1.1,17,540,Poor (<620)
BOR104913,42,LA,22000.0,Full-time,Mortgage,25.1,2.9,25,701,Good (680-739)
BOR104914,49,MA,55100.0,Self-employed,Mortgage,23.3,1.6,31,610,Poor (<620)
BOR104915,37,NJ,42800.0,Retired,Rent,5.0,4.1,19,707,Good (680-739)
BOR104916,46,VA,69200.0,Part-time,Own,48.9,1.1,24,604,Poor (<620)
BOR104917,44,IL,31200.0,Full-time,Rent,25.3,6.3,26,797,Very Good (740-799)
BOR104918,27,NV,28500.0,Full-time,Mortgage,27.5,0.3,9,716,Good (680-739)
BOR104919,35,MS,66100.0,Part-time,Mortgage,59.7,3.3,13,828,Exceptional (800+)
BOR104920,45,MS,40800.0,Self-employed,Rent,25.6,1.8,28,614,Poor (<620)
BOR104921,56,IL,68500.0,Full-time,Rent,30.2,0.2,38,781,Very Good (740-799)
BOR104922,56,GA,47300.0,Full-time,Rent,34.7,1.1,37,563,Poor (<620)
BOR104923,66,PA,108500.0,Full-time,Mortgage,35.4,0.8,43,694,Good (680-739)
BOR104924,47,GA,65500.0,Full-time,Own,25.8,0.4,29,639,Fair (620-679)
BOR104925,36,NC,56100.0,Full-time,Rent,43.2,5.8,15,651,Fair (620-679)
BOR104926,40,TN,66800.0,Part-time,Own,33.6,5.7,22,646,Fair (620-679)
BOR104927,40,PA,41200.0,Unemployed,Mortgage,33.1,2.3,22,621,Fair (620-679)
BOR104928,36,MS,22300.0,Full-time,Rent,25.3,3.5,13,598,Poor (<620)
BOR104929,46,FL,54900.0,Full-time,Mortgage,30.7,1.2,30,651,Fair (620-679)
BOR104930,46,CA,111700.0,Part-time,Mortgage,41.7,3.0,29,688,Good (680-739)
BOR104931,27,LA,18000.0,Full-time,Other,41.8,3.4,10,756,Very Good (740-799)
BOR104932,54,MD,57600.0,Full-time,Rent,27.7,10.5,37,699,Good (680-739)
BOR104933,19,NC,23400.0,Self-employed,Own,24.3,1.9,1,756,Very Good (740-799)
BOR104934,38,TN,46100.0,Full-time,Rent,40.8,1.7,21,584,Poor (<620)
BOR104935,55,IL,48300.0,Full-time,Mortgage,35.0,0.7,33,652,Fair (620-679)
BOR104936,48,PA,65300.0,Full-time,Rent,40.8,2.8,27,726,Good (680-739)
BOR104937,37,VA,51300.0,Part-time,Mortgage,22.3,7.7,18,702,Good (680-739)
BOR104938,65,NC,86500.0,Full-time,Other,31.8,2.3,46,624,Fair (620-679)
BOR104939,36,TN,78800.0,Full-time,Rent,40.8,1.9,17,741,Very Good (740-799)
BOR104940,19,IL,42700.0,Full-time,Mortgage,24.9,2.5,1,645,Fair (620-679)
BOR104941,46,IN,76300.0,Full-time,Mortgage,50.9,3.9,23,629,Fair (620-679)
BOR104942,20,CO,40500.0,Full-time,Mortgage,48.3,1.1,2,712,Good (680-739)
BOR104943,31,PA,37500.0,Full-time,Mortgage,30.0,2.5,12,680,Good (680-739)
BOR104944,48,TX,27100.0,Full-time,Mortgage,30.0,7.5,30,646,Fair (620-679)
BOR104945,35,NJ,84200.0,Self-employed,Mortgage,35.2,0.3,18,644,Fair (620-679)
BOR104946,48,MN,40700.0,Self-employed,Rent,33.7,0.3,28,610,Poor (<620)
BOR104947,27,IN,18000.0,Full-time,Rent,44.1,0.5,10,654,Fair (620-679)
BOR104948,51,MD,59500.0,Full-time,Mortgage,23.2,0.0,30,752,Very Good (740-799)
BOR104949,21,NJ,38400.0,Full-time,Mortgage,23.3,7.2,1,696,Good (680-739)
BOR104950,57,IL,40800.0,Part-time,Own,34.7,1.6,36,742,Very Good (740-799)
BOR104951,35,AZ,42000.0,Full-time,Mortgage,36.9,1.3,16,714,Good (680-739)
BOR104952,59,PA,40100.0,Full-time,Mortgage,31.6,5.7,38,640,Fair (620-679)
BOR104953,31,MD,159100.0,Part-time,Own,41.0,3.9,9,573,Poor (<620)
BOR104954,64,PA,98500.0,Full-time,Own,45.7,1.4,45,620,Fair (620-679)
BOR104955,30,GA,63900.0,Full-time,Mortgage,39.5,9.5,10,636,Fair (620-679)
BOR104956,19,WA,52000.0,Full-time,Mortgage,35.7,3.2,1,631,Fair (620-679)
BOR104957,42,WA,77500.0,Full-time,Other,29.8,10.2,25,744,Very Good (740-799)
BOR104958,56,TN,52000.0,Self-employed,Rent,32.8,0.6,40,743,Very Good (740-799)
BOR104959,50,NJ,67300.0,Part-time,Mortgage,18.3,2.2,33,824,Exceptional (800+)
BOR104960,55,MS,59900.0,Full-time,Rent,20.1,3.0,37,630,Fair (620-679)
BOR104961,51,NV,49400.0,Part-time,Rent,44.6,1.2,34,784,Very Good (740-799)
BOR104962,31,LA,71200.0,Full-time,Mortgage,49.5,3.3,9,783,Very Good (740-799)
BOR104963,50,TN,38600.0,Full-time,Rent,18.3,7.3,34,665,Fair (620-679)
BOR104964,42,TN,47900.0,Full-time,Mortgage,37.5,1.9,24,711,Good (680-739)
BOR104965,32,TN,30000.0,Full-time,Mortgage,16.8,5.4,12,761,Very Good (740-799)
BOR104966,43,NJ,31600.0,Part-time,Rent,48.5,1.8,26,676,Fair (620-679)
BOR104967,40,NC,18000.0,Full-time,Mortgage,31.8,4.7,18,671,Fair (620-679)
BOR104968,58,MA,57300.0,Full-time,Rent,57.2,5.1,37,639,Fair (620-679)
BOR104969,35,CA,64800.0,Full-time,Rent,25.6,0.4,14,527,Poor (<620)
BOR104970,34,CA,76000.0,Part-time,Mortgage,26.9,3.1,12,685,Good (680-739)
BOR104971,33,NV,28400.0,Full-time,Other,36.0,1.5,10,634,Fair (620-679)
BOR104972,64,TX,56800.0,Self-employed,Mortgage,41.0,2.8,44,610,Poor (<620)
BOR104973,33,WA,46600.0,Full-time,Rent,40.1,3.3,10,707,Good (680-739)
BOR104974,57,TN,65000.0,Full-time,Own,41.7,7.2,34,586,Poor (<620)
BOR104975,29,PA,34800.0,Self-employed,Rent,29.7,9.3,6,732,Good (680-739)
BOR104976,47,LA,40100.0,Full-time,Own,41.9,4.8,25,711,Good (680-739)
BOR104977,44,PA,23200.0,Full-time,Rent,54.2,2.7,22,654,Fair (620-679)
BOR104978,56,LA,33800.0,Full-time,Rent,40.0,19.9,33,676,Fair (620-679)
BOR104979,54,CO,46700.0,Full-time,Mortgage,23.8,1.8,35,603,Poor (<620)
BOR104980,42,OH,50400.0,Full-time,Rent,36.3,3.0,25,729,Good (680-739)
BOR104981,35,NY,21800.0,Part-time,Rent,12.4,16.0,17,692,Good (680-739)
BOR104982,60,GA,37000.0,Full-time,Rent,39.0,1.0,42,697,Good (680-739)
BOR104983,33,MI,50100.0,Part-time,Rent,15.3,0.9,17,713,Good (680-739)
BOR104984,19,OH,87900.0,Full-time,Own,39.2,0.8,1,638,Fair (620-679)
BOR104985,19,NH,31900.0,Self-employed,Mortgage,31.6,4.1,1,581,Poor (<620)
BOR104986,22,IL,58100.0,Part-time,Mortgage,42.0,2.7,1,742,Very Good (740-799)
BOR104987,48,NV,36200.0,Retired,Mortgage,32.5,4.2,30,725,Good (680-739)
BOR104988,68,PA,38200.0,Self-employed,Own,46.1,12.1,49,645,Fair (620-679)
BOR104989,19,NH,31400.0,Self-employed,Mortgage,37.7,9.1,2,707,Good (680-739)
BOR104990,32,IL,29100.0,Retired,Rent,43.0,4.2,13,762,Very Good (740-799)
BOR104991,42,NJ,37700.0,Self-employed,Own,28.2,7.4,26,754,Very Good (740-799)
BOR104992,60,AZ,74700.0,Self-employed,Own,27.6,4.4,44,643,Fair (620-679)
BOR104993,32,FL,33200.0,Full-time,Rent,18.1,1.2,15,583,Poor (<620)
BOR104994,48,NV,31000.0,Part-time,Mortgage,20.6,18.8,27,594,Poor (<620)
BOR104995,38,OH,51200.0,Full-time,Mortgage,33.0,3.4,16,660,Fair (620-679)
BOR104996,72,AZ,46700.0,Retired,Rent,32.7,0.4,50,775,Very Good (740-799)
BOR104997,43,AZ,45200.0,Part-time,Mortgage,36.0,5.5,20,633,Fair (620-679)
BOR104998,45,TN,52300.0,Full-time,Own,25.1,2.2,29,641,Fair (620-679)
BOR104999,42,TX,29600.0,Full-time,Rent,33.7,1.5,24,640,Fair (620-679)
BOR105000,36,PA,31100.0,Full-time,Rent,45.5,0.4,16,645,Fair (620-679)
BOR105001,52,PA,72700.0,Full-time,Rent,36.3,1.3,30,679,Fair (620-679)
BOR105002,27,GA,43700.0,Full-time,Rent,32.4,0.6,11,597,Poor (<620)
BOR105003,19,NY,61000.0,Full-time,Rent,34.9,2.0,1,750,Very Good (740-799)
BOR105004,39,MS,80900.0,Full-time,Mortgage,44.4,10.1,22,671,Fair (620-679)
BOR105005,51,WA,68200.0,Full-time,Mortgage,33.7,2.6,33,841,Exceptional (800+)
BOR105006,34,TN,25200.0,Self-employed,Rent,26.8,3.1,13,604,Poor (<620)
BOR105007,43,NC,44200.0,Full-time,Own,26.9,2.5,25,783,Very Good (740-799)
BOR105008,26,OH,74500.0,Full-time,Rent,26.6,0.0,5,770,Very Good (740-799)
BOR105009,54,WA,59000.0,Full-time,Rent,26.3,3.6,35,653,Fair (620-679)
BOR105010,49,GA,50700.0,Full-time,Rent,39.9,2.6,26,654,Fair (620-679)
BOR105011,41,NC,22300.0,Full-time,Own,49.0,1.6,24,620,Fair (620-679)
BOR105012,43,NJ,35300.0,Self-employed,Rent,27.9,0.6,26,621,Fair (620-679)
BOR105013,24,WA,48100.0,Full-time,Rent,23.0,4.7,3,680,Good (680-739)
BOR105014,25,NH,24500.0,Self-employed,Mortgage,19.3,3.7,2,681,Good (680-739)
BOR105015,40,IL,66600.0,Full-time,Rent,49.3,4.6,24,576,Poor (<620)
BOR105016,47,WA,44200.0,Full-time,Mortgage,41.7,2.5,27,829,Exceptional (800+)
BOR105017,48,NY,19100.0,Full-time,Rent,25.2,0.1,25,663,Fair (620-679)
BOR105018,37,NC,36100.0,Full-time,Mortgage,33.4,5.3,15,684,Good (680-739)
BOR105019,50,MD,41000.0,Full-time,Rent,46.0,0.4,28,639,Fair (620-679)
BOR105020,58,PA,44000.0,Full-time,Rent,31.4,1.4,38,663,Fair (620-679)
BOR105021,40,MA,88300.0,Self-employed,Mortgage,40.6,0.5,22,657,Fair (620-679)
BOR105022,45,NJ,60500.0,Full-time,Rent,30.4,10.1,24,680,Good (680-739)
BOR105023,39,TX,25200.0,Retired,Rent,29.0,5.3,20,679,Fair (620-679)
BOR105024,39,MS,23900.0,Full-time,Mortgage,5.5,0.9,21,732,Good (680-739)
BOR105025,43,NJ,41400.0,Full-time,Mortgage,28.0,12.0,24,695,Good (680-739)
BOR105026,61,MN,49400.0,Full-time,Rent,26.6,3.9,44,726,Good (680-739)
BOR105027,52,NJ,72900.0,Self-employed,Mortgage,37.2,0.5,29,679,Fair (620-679)
BOR105028,51,MS,101600.0,Retired,Mortgage,34.5,4.4,34,695,Good (680-739)
BOR105029,36,GA,104100.0,Full-time,Own,34.0,3.5,17,664,Fair (620-679)
BOR105030,30,NJ,38200.0,Full-time,Own,41.5,0.4,11,745,Very Good (740-799)
BOR105031,46,CO,71000.0,Full-time,Rent,8.6,7.9,23,701,Good (680-739)
BOR105032,56,NC,56500.0,Full-time,Mortgage,31.5,7.5,37,670,Fair (620-679)
BOR105033,62,NC,28500.0,Full-time,Own,20.3,3.5,40,668,Fair (620-679)
BOR105034,19,NH,19900.0,Part-time,Rent,19.5,1.3,1,673,Fair (620-679)
BOR105035,70,AZ,49800.0,Full-time,Mortgage,29.1,1.9,48,682,Good (680-739)
BOR105036,46,MD,23800.0,Self-employed,Mortgage,32.2,0.3,27,676,Fair (620-679)
BOR105037,52,IN,31800.0,Part-time,Rent,37.0,1.6,31,644,Fair (620-679)
BOR105038,20,NV,34300.0,Full-time,Rent,36.4,1.1,1,730,Good (680-739)
BOR105039,38,LA,51500.0,Full-time,Rent,23.7,2.9,17,734,Good (680-739)
BOR105040,51,AZ,83000.0,Full-time,Mortgage,30.0,1.1,32,796,Very Good (740-799)
BOR105041,27,GA,46900.0,Full-time,Rent,46.4,1.7,8,641,Fair (620-679)
BOR105042,19,CA,36600.0,Full-time,Rent,48.1,0.1,1,723,Good (680-739)
BOR105043,45,TN,18400.0,Full-time,Rent,28.9,2.7,29,556,Poor (<620)
BOR105044,40,NV,57300.0,Full-time,Mortgage,32.9,1.1,23,734,Good (680-739)
BOR105045,58,NJ,47200.0,Full-time,Own,23.0,4.8,38,585,Poor (<620)
BOR105046,39,PA,36400.0,Full-time,Rent,42.3,3.1,21,616,Poor (<620)
BOR105047,40,GA,78800.0,Full-time,Rent,55.2,5.8,18,702,Good (680-739)
BOR105048,49,WA,27300.0,Part-time,Mortgage,26.6,7.2,31,640,Fair (620-679)
BOR105049,53,NV,34300.0,Full-time,Rent,43.8,0.5,37,631,Fair (620-679)
BOR105050,32,PA,41800.0,Full-time,Mortgage,39.4,0.3,13,648,Fair (620-679)
BOR105051,52,TN,36200.0,Full-time,Rent,30.3,0.1,33,727,Good (680-739)
BOR105052,35,CO,59700.0,Full-time,Own,25.0,7.7,17,619,Poor (<620)
BOR105053,41,MS,57500.0,Full-time,Own,56.8,0.6,23,676,Fair (620-679)
BOR105054,49,FL,74800.0,Full-time,Rent,39.7,2.3,29,655,Fair (620-679)
BOR105055,51,MS,58500.0,Self-employed,Mortgage,41.6,0.0,32,733,Good (680-739)
BOR105056,45,TN,44300.0,Full-time,Own,29.9,9.1,24,735,Good (680-739)
BOR105057,28,CO,40000.0,Self-employed,Own,32.6,9.3,11,561,Poor (<620)
BOR105058,19,TX,57200.0,Full-time,Rent,19.8,12.6,1,748,Very Good (740-799)
BOR105059,39,WA,42800.0,Full-time,Other,39.6,10.2,18,640,Fair (620-679)
BOR105060,53,TN,47600.0,Self-employed,Rent,28.3,9.2,36,695,Good (680-739)
BOR105061,46,GA,58700.0,Self-employed,Rent,21.7,1.9,25,619,Poor (<620)
BOR105062,44,NJ,49600.0,Full-time,Rent,23.5,0.4,25,704,Good (680-739)
BOR105063,41,AZ,53600.0,Full-time,Rent,56.1,7.0,22,846,Exceptional (800+)
BOR105064,45,AZ,32700.0,Full-time,Mortgage,29.0,0.1,25,688,Good (680-739)
BOR105065,29,TX,85600.0,Part-time,Own,35.7,1.1,11,650,Fair (620-679)
BOR105066,50,NJ,28300.0,Full-time,Rent,20.1,9.3,27,665,Fair (620-679)
BOR105067,51,IL,56800.0,Full-time,Rent,30.1,2.6,33,585,Poor (<620)
BOR105068,37,MS,37500.0,Full-time,Rent,18.3,9.2,14,774,Very Good (740-799)
BOR105069,46,NH,75900.0,Part-time,Own,35.7,16.5,29,700,Good (680-739)
BOR105070,20,GA,69400.0,Full-time,Rent,22.9,0.6,3,612,Poor (<620)
BOR105071,43,PA,46600.0,Full-time,Own,40.0,3.4,20,614,Poor (<620)
BOR105072,39,IL,93900.0,Self-employed,Rent,14.1,2.3,19,681,Good (680-739)
BOR105073,56,VA,42900.0,Self-employed,Rent,25.7,13.1,39,741,Very Good (740-799)
BOR105074,39,LA,69300.0,Full-time,Mortgage,43.8,0.6,20,605,Poor (<620)
BOR105075,51,WA,33600.0,Full-time,Rent,47.3,0.9,32,752,Very Good (740-799)
BOR105076,36,TX,56000.0,Full-time,Mortgage,32.1,4.1,14,674,Fair (620-679)
BOR105077,19,TX,30700.0,Full-time,Other,28.1,2.7,1,620,Fair (620-679)
BOR105078,38,IL,47000.0,Self-employed,Own,33.2,4.3,22,650,Fair (620-679)
BOR105079,43,NV,45600.0,Full-time,Rent,52.5,2.3,22,794,Very Good (740-799)
BOR105080,43,TN,69200.0,Full-time,Own,29.3,1.0,21,590,Poor (<620)
BOR105081,43,AZ,34500.0,Self-employed,Own,32.0,15.9,21,632,Fair (620-679)
BOR105082,35,NC,185900.0,Full-time,Mortgage,21.5,2.8,18,742,Very Good (740-799)
BOR105083,37,MS,25000.0,Retired,Own,25.2,1.8,18,694,Good (680-739)
BOR105084,27,NC,51800.0,Full-time,Mortgage,36.4,1.6,11,629,Fair (620-679)
BOR105085,19,NV,53100.0,Full-time,Own,40.9,1.0,1,743,Very Good (740-799)
BOR105086,40,LA,59400.0,Full-time,Rent,35.0,0.7,22,746,Very Good (740-799)
BOR105087,32,VA,37000.0,Full-time,Own,40.3,4.4,9,702,Good (680-739)
BOR105088,54,LA,52000.0,Unemployed,Rent,22.0,1.4,37,640,Fair (620-679)
BOR105089,19,OH,36200.0,Part-time,Rent,21.0,0.2,3,650,Fair (620-679)
BOR105090,44,IN,108300.0,Full-time,Rent,39.9,4.9,23,699,Good (680-739)
BOR105091,66,FL,35000.0,Full-time,Mortgage,27.2,0.2,47,595,Poor (<620)
BOR105092,39,VA,43600.0,Full-time,Mortgage,20.3,0.7,18,766,Very Good (740-799)
BOR105093,41,IL,34600.0,Self-employed,Own,34.0,5.0,24,791,Very Good (740-799)
BOR105094,46,TX,32500.0,Full-time,Own,32.9,10.7,24,665,Fair (620-679)
BOR105095,47,CA,24800.0,Full-time,Rent,30.1,2.0,31,703,Good (680-739)
BOR105096,36,NC,63100.0,Full-time,Rent,47.9,0.2,17,757,Very Good (740-799)
BOR105097,29,MA,34400.0,Full-time,Rent,50.7,2.9,12,807,Exceptional (800+)
BOR105098,49,NJ,32600.0,Full-time,Rent,41.6,5.3,28,781,Very Good (740-799)
BOR105099,19,GA,30200.0,Retired,Rent,36.3,8.3,2,567,Poor (<620)
BOR105100,51,NH,53500.0,Self-employed,Own,45.8,4.0,32,659,Fair (620-679)
BOR105101,36,NM,47100.0,Retired,Rent,33.6,3.7,16,713,Good (680-739)
BOR105102,41,NY,47200.0,Full-time,Own,30.1,2.0,23,648,Fair (620-679)
BOR105103,35,NJ,33100.0,Full-time,Rent,26.2,3.8,13,796,Very Good (740-799)
BOR105104,58,IN,56700.0,Unemployed,Rent,24.2,6.7,40,786,Very Good (740-799)
BOR105105,44,MD,34600.0,Full-time,Rent,41.3,3.6,21,627,Fair (620-679)
BOR105106,37,NC,48100.0,Retired,Rent,17.0,7.2,16,669,Fair (620-679)
BOR105107,37,WI,43800.0,Full-time,Rent,26.1,7.7,14,631,Fair (620-679)
BOR105108,39,NY,21800.0,Self-employed,Rent,28.5,11.2,23,667,Fair (620-679)
BOR105109,70,NC,116200.0,Self-employed,Rent,17.9,3.8,47,665,Fair (620-679)
BOR105110,25,MD,60400.0,Full-time,Mortgage,28.1,4.2,2,742,Very Good (740-799)
BOR105111,54,TN,50600.0,Self-employed,Rent,32.9,1.6,34,622,Fair (620-679)
BOR105112,48,NV,54300.0,Full-time,Mortgage,42.3,0.2,25,510,Poor (<620)
BOR105113,59,TX,117400.0,Full-time,Own,26.9,0.8,40,576,Poor (<620)
BOR105114,49,PA,77800.0,Full-time,Mortgage,33.0,3.6,30,613,Poor (<620)
BOR105115,41,TX,54600.0,Unemployed,Own,17.1,2.2,22,637,Fair (620-679)
BOR105116,53,PA,33900.0,Full-time,Mortgage,19.8,0.2,32,692,Good (680-739)
BOR105117,44,CA,36400.0,Full-time,Own,13.0,6.5,21,610,Poor (<620)
BOR105118,50,WA,20700.0,Full-time,Rent,41.8,3.7,33,601,Poor (<620)
BOR105119,58,WA,39500.0,Self-employed,Rent,28.7,2.3,38,620,Fair (620-679)
BOR105120,42,IN,62800.0,Self-employed,Own,34.2,1.2,23,607,Poor (<620)
BOR105121,36,MI,62000.0,Retired,Rent,37.2,1.5,15,644,Fair (620-679)
BOR105122,33,CA,61500.0,Full-time,Other,40.1,0.1,14,641,Fair (620-679)
BOR105123,46,MO,37000.0,Part-time,Own,52.1,0.4,30,725,Good (680-739)
BOR105124,30,TX,59800.0,Full-time,Mortgage,31.6,0.1,8,616,Poor (<620)
BOR105125,37,LA,67600.0,Part-time,Rent,24.9,2.0,14,657,Fair (620-679)
BOR105126,29,CA,18000.0,Self-employed,Own,39.0,3.7,6,645,Fair (620-679)
BOR105127,47,AZ,53500.0,Full-time,Rent,55.6,2.7,27,733,Good (680-739)
BOR105128,32,LA,119000.0,Full-time,Other,26.6,2.1,14,670,Fair (620-679)
BOR105129,26,MA,40900.0,Full-time,Mortgage,24.1,0.9,6,748,Very Good (740-799)
BOR105130,28,TN,18000.0,Full-time,Mortgage,6.5,1.5,6,605,Poor (<620)
BOR105131,34,MO,32300.0,Full-time,Other,11.3,0.4,12,677,Fair (620-679)
BOR105132,35,NY,20600.0,Full-time,Own,46.2,7.7,15,643,Fair (620-679)
BOR105133,44,MO,35100.0,Full-time,Mortgage,30.3,8.5,28,600,Poor (<620)
BOR105134,39,LA,26900.0,Full-time,Own,20.6,2.6,22,676,Fair (620-679)
BOR105135,45,NH,70900.0,Full-time,Rent,32.0,3.2,29,793,Very Good (740-799)
BOR105136,46,NJ,66200.0,Full-time,Rent,58.0,5.3,26,625,Fair (620-679)
BOR105137,50,NC,54400.0,Retired,Rent,32.0,3.8,27,672,Fair (620-679)
BOR105138,19,CO,81000.0,Full-time,Mortgage,51.1,5.3,1,595,Poor (<620)
BOR105139,27,AZ,36200.0,Full-time,Rent,22.6,2.3,10,585,Poor (<620)
BOR105140,48,OH,48200.0,Retired,Rent,46.6,2.1,32,629,Fair (620-679)
BOR105141,44,PA,125200.0,Full-time,Mortgage,26.4,10.4,28,651,Fair (620-679)
BOR105142,53,PA,60700.0,Self-employed,Rent,24.3,0.4,35,654,Fair (620-679)
BOR105143,22,NJ,60600.0,Retired,Mortgage,22.6,2.9,1,665,Fair (620-679)
BOR105144,35,PA,33000.0,Self-employed,Own,28.8,3.8,19,573,Poor (<620)
BOR105145,37,CA,38700.0,Full-time,Mortgage,41.8,1.5,18,639,Fair (620-679)
BOR105146,43,TX,29700.0,Full-time,Rent,27.2,3.3,24,713,Good (680-739)
BOR105147,41,MS,99400.0,Full-time,Rent,42.7,1.2,19,592,Poor (<620)
BOR105148,47,TX,23100.0,Part-time,Rent,24.8,1.2,27,657,Fair (620-679)
BOR105149,40,TX,70400.0,Full-time,Rent,31.2,0.8,17,699,Good (680-739)
BOR105150,57,NJ,60600.0,Full-time,Rent,26.7,1.5,35,629,Fair (620-679)
BOR105151,61,OH,22700.0,Full-time,Rent,50.1,0.1,44,702,Good (680-739)
BOR105152,28,UT,78000.0,Full-time,Rent,37.2,3.4,8,581,Poor (<620)
BOR105153,42,MS,41500.0,Part-time,Rent,34.8,1.4,26,738,Good (680-739)
BOR105154,51,NJ,25700.0,Full-time,Mortgage,29.2,2.0,30,704,Good (680-739)
BOR105155,48,NJ,54900.0,Full-time,Own,26.2,9.1,32,684,Good (680-739)
BOR105156,36,MI,32200.0,Full-time,Other,21.9,2.4,15,753,Very Good (740-799)
BOR105157,44,CA,42500.0,Full-time,Mortgage,45.2,5.6,26,659,Fair (620-679)
BOR105158,22,GA,37100.0,Full-time,Rent,15.9,2.5,1,640,Fair (620-679)
BOR105159,41,NY,31400.0,Full-time,Mortgage,28.4,5.4,24,769,Very Good (740-799)
BOR105160,23,FL,27300.0,Full-time,Mortgage,40.8,1.2,5,800,Exceptional (800+)
BOR105161,47,AZ,66700.0,Self-employed,Mortgage,15.2,7.3,24,635,Fair (620-679)
BOR105162,28,FL,54000.0,Full-time,Mortgage,33.8,4.0,8,673,Fair (620-679)
BOR105163,43,FL,52400.0,Full-time,Rent,23.3,14.6,20,748,Very Good (740-799)
BOR105164,45,VA,39600.0,Self-employed,Rent,32.3,3.7,23,675,Fair (620-679)
BOR105165,42,NJ,47700.0,Part-time,Rent,30.3,1.5,23,719,Good (680-739)
BOR105166,33,NY,33500.0,Full-time,Rent,9.5,11.0,15,731,Good (680-739)
BOR105167,38,CA,33200.0,Part-time,Mortgage,38.4,10.1,20,643,Fair (620-679)
BOR105168,55,PA,100700.0,Full-time,Mortgage,22.1,10.6,36,707,Good (680-739)
BOR105169,36,IL,69400.0,Full-time,Own,26.5,0.4,17,680,Good (680-739)
BOR105170,41,MN,36200.0,Self-employed,Rent,32.5,14.6,24,601,Poor (<620)
BOR105171,34,MS,23800.0,Full-time,Rent,35.8,1.9,12,616,Poor (<620)
BOR105172,53,NJ,21700.0,Full-time,Mortgage,36.5,2.0,36,638,Fair (620-679)
BOR105173,42,NJ,35100.0,Full-time,Rent,39.9,3.6,25,740,Very Good (740-799)
BOR105174,32,MD,48900.0,Full-time,Mortgage,7.3,10.1,15,742,Very Good (740-799)
BOR105175,41,TN,49200.0,Full-time,Other,36.8,4.2,24,729,Good (680-739)
BOR105176,38,PA,49800.0,Retired,Mortgage,32.1,0.0,17,709,Good (680-739)
BOR105177,58,FL,54200.0,Full-time,Rent,26.5,0.5,40,707,Good (680-739)
BOR105178,40,NJ,29200.0,Self-employed,Rent,34.6,1.6,24,698,Good (680-739)
BOR105179,24,AZ,91900.0,Full-time,Other,41.2,4.2,4,706,Good (680-739)
BOR105180,47,NY,42700.0,Full-time,Rent,23.2,1.9,28,711,Good (680-739)
BOR105181,62,GA,53200.0,Self-employed,Rent,46.0,13.7,41,589,Poor (<620)
BOR105182,55,GA,34700.0,Full-time,Mortgage,43.5,2.6,38,629,Fair (620-679)
BOR105183,28,OH,53600.0,Unemployed,Mortgage,35.7,4.6,5,613,Poor (<620)
BOR105184,38,NJ,118700.0,Full-time,Own,19.8,0.4,21,752,Very Good (740-799)
BOR105185,41,IN,29900.0,Self-employed,Other,53.5,8.8,25,788,Very Good (740-799)
BOR105186,41,WA,28200.0,Full-time,Rent,34.8,2.2,23,539,Poor (<620)
BOR105187,46,PA,31600.0,Full-time,Rent,33.5,0.7,28,782,Very Good (740-799)
BOR105188,37,FL,40100.0,Full-time,Mortgage,33.1,0.2,14,686,Good (680-739)
BOR105189,30,NV,36900.0,Unemployed,Mortgage,37.5,1.1,12,746,Very Good (740-799)
BOR105190,52,VA,29200.0,Full-time,Mortgage,41.3,3.4,32,713,Good (680-739)
BOR105191,28,TX,45600.0,Part-time,Mortgage,31.7,0.1,12,774,Very Good (740-799)
BOR105192,31,OH,94100.0,Full-time,Rent,19.6,14.4,11,694,Good (680-739)
BOR105193,27,NV,43600.0,Self-employed,Mortgage,42.3,1.4,5,591,Poor (<620)
BOR105194,48,CO,44600.0,Unemployed,Rent,23.8,0.2,27,673,Fair (620-679)
BOR105195,42,LA,54400.0,Self-employed,Mortgage,22.0,7.8,23,714,Good (680-739)
BOR105196,52,TN,62400.0,Full-time,Mortgage,31.4,1.4,32,666,Fair (620-679)
BOR105197,32,NJ,86500.0,Self-employed,Rent,27.4,1.6,12,723,Good (680-739)
BOR105198,26,NJ,51900.0,Full-time,Rent,35.8,5.6,7,676,Fair (620-679)
BOR105199,36,PA,46600.0,Full-time,Mortgage,37.7,3.3,17,641,Fair (620-679)
BOR105200,39,IN,29800.0,Full-time,Rent,27.3,1.3,16,609,Poor (<620)
BOR105201,44,MA,65100.0,Self-employed,Mortgage,33.2,0.0,26,655,Fair (620-679)
BOR105202,21,PA,31900.0,Full-time,Rent,27.1,12.1,1,693,Good (680-739)
BOR105203,47,LA,31400.0,Self-employed,Rent,39.7,3.3,30,553,Poor (<620)
BOR105204,30,NC,50900.0,Full-time,Mortgage,36.9,4.5,11,629,Fair (620-679)
BOR105205,33,TX,93300.0,Full-time,Mortgage,39.2,7.8,10,550,Poor (<620)
BOR105206,55,NC,64700.0,Full-time,Own,29.2,0.7,38,640,Fair (620-679)
BOR105207,19,LA,45800.0,Full-time,Mortgage,34.6,0.9,3,758,Very Good (740-799)
BOR105208,45,MS,30000.0,Retired,Mortgage,37.1,2.9,24,603,Poor (<620)
BOR105209,45,WA,92500.0,Part-time,Rent,39.5,0.9,25,726,Good (680-739)
BOR105210,31,UT,45500.0,Full-time,Mortgage,38.6,4.2,12,850,Exceptional (800+)
BOR105211,36,LA,40900.0,Full-time,Own,30.8,1.4,13,774,Very Good (740-799)
BOR105212,56,NV,59900.0,Self-employed,Own,20.5,0.9,37,689,Good (680-739)
BOR105213,65,LA,38100.0,Full-time,Rent,37.0,16.4,47,736,Good (680-739)
BOR105214,54,MI,33200.0,Full-time,Own,36.5,0.7,35,591,Poor (<620)
BOR105215,64,CO,34700.0,Self-employed,Rent,21.0,5.8,45,578,Poor (<620)
BOR105216,33,MA,34700.0,Full-time,Mortgage,40.5,8.9,12,682,Good (680-739)
BOR105217,22,MD,28100.0,Full-time,Mortgage,33.6,9.0,1,706,Good (680-739)
BOR105218,40,PA,26700.0,Full-time,Rent,30.7,5.0,21,751,Very Good (740-799)
BOR105219,51,MD,72200.0,Full-time,Rent,34.1,0.1,33,643,Fair (620-679)
BOR105220,19,UT,63000.0,Full-time,Rent,41.3,4.1,1,693,Good (680-739)
BOR105221,30,GA,32200.0,Full-time,Rent,47.6,4.4,13,690,Good (680-739)
BOR105222,31,NH,69500.0,Unemployed,Rent,31.5,9.4,14,671,Fair (620-679)
BOR105223,45,MI,53600.0,Self-employed,Rent,29.7,9.3,29,675,Fair (620-679)
BOR105224,44,PA,40300.0,Self-employed,Own,38.1,4.1,26,624,Fair (620-679)
BOR105225,32,FL,26900.0,Part-time,Own,18.6,2.4,16,698,Good (680-739)
BOR105226,43,MN,54400.0,Full-time,Other,40.6,0.2,22,693,Good (680-739)
BOR105227,27,AZ,107900.0,Full-time,Rent,18.5,2.6,9,651,Fair (620-679)
BOR105228,36,GA,46900.0,Full-time,Rent,18.3,3.6,20,723,Good (680-739)
BOR105229,26,TN,73100.0,Full-time,Rent,47.5,1.1,5,747,Very Good (740-799)
BOR105230,39,NC,42400.0,Full-time,Rent,11.2,0.9,16,724,Good (680-739)
BOR105231,31,NJ,70600.0,Full-time,Rent,45.1,1.3,15,612,Poor (<620)
BOR105232,49,LA,43600.0,Full-time,Own,47.6,0.5,32,686,Good (680-739)
BOR105233,41,MO,18000.0,Full-time,Own,35.4,8.1,19,621,Fair (620-679)
BOR105234,38,CO,33700.0,Part-time,Mortgage,38.1,5.9,16,686,Good (680-739)
BOR105235,62,MA,49500.0,Retired,Rent,16.3,16.5,43,621,Fair (620-679)
BOR105236,46,NH,75900.0,Full-time,Mortgage,27.1,0.3,27,763,Very Good (740-799)
BOR105237,37,OH,43500.0,Full-time,Rent,35.6,3.2,17,731,Good (680-739)
BOR105238,34,OH,47300.0,Full-time,Rent,35.3,0.5,14,755,Very Good (740-799)
BOR105239,27,FL,35800.0,Part-time,Rent,36.4,2.0,9,748,Very Good (740-799)
BOR105240,40,AZ,94100.0,Full-time,Rent,35.3,4.4,18,662,Fair (620-679)
BOR105241,45,TN,91600.0,Full-time,Mortgage,32.2,4.9,24,652,Fair (620-679)
BOR105242,19,MD,34400.0,Full-time,Rent,19.8,0.4,1,793,Very Good (740-799)
BOR105243,25,NC,23600.0,Part-time,Rent,35.5,5.1,3,669,Fair (620-679)
BOR105244,35,CA,20700.0,Full-time,Own,20.6,5.2,18,592,Poor (<620)
BOR105245,28,TN,61200.0,Full-time,Own,28.4,4.9,12,745,Very Good (740-799)
BOR105246,42,NH,49600.0,Retired,Rent,45.9,5.9,24,689,Good (680-739)
BOR105247,43,GA,32800.0,Full-time,Rent,16.4,1.0,20,778,Very Good (740-799)
BOR105248,40,PA,52700.0,Full-time,Mortgage,30.8,3.6,19,696,Good (680-739)
BOR105249,48,GA,26800.0,Full-time,Mortgage,40.7,4.3,28,679,Fair (620-679)
BOR105250,34,NJ,66700.0,Full-time,Rent,38.4,6.1,14,779,Very Good (740-799)
BOR105251,40,OH,39300.0,Retired,Mortgage,35.1,4.6,19,580,Poor (<620)
BOR105252,29,NC,28700.0,Full-time,Rent,25.2,4.2,6,642,Fair (620-679)
BOR105253,44,IN,39500.0,Self-employed,Own,45.1,9.2,24,622,Fair (620-679)
BOR105254,42,NC,38900.0,Part-time,Mortgage,19.8,0.9,24,537,Poor (<620)
BOR105255,27,MI,55000.0,Full-time,Own,38.9,2.4,11,737,Good (680-739)
BOR105256,39,TX,78800.0,Full-time,Own,33.5,10.6,23,644,Fair (620-679)
BOR105257,41,MS,77000.0,Full-time,Mortgage,24.1,3.0,22,739,Good (680-739)
BOR105258,44,NJ,50100.0,Self-employed,Rent,28.1,5.8,23,705,Good (680-739)
BOR105259,45,NC,42900.0,Full-time,Mortgage,50.1,13.7,28,719,Good (680-739)
BOR105260,32,TX,36100.0,Retired,Rent,20.4,1.7,15,650,Fair (620-679)
BOR105261,50,TN,21000.0,Full-time,Mortgage,14.4,2.1,30,630,Fair (620-679)
BOR105262,47,LA,46200.0,Full-time,Rent,25.6,8.4,30,686,Good (680-739)
BOR105263,32,TX,31800.0,Unemployed,Rent,36.1,2.1,9,740,Very Good (740-799)
BOR105264,27,NY,80700.0,Part-time,Own,46.2,3.0,5,677,Fair (620-679)
BOR105265,33,NY,42600.0,Full-time,Rent,32.3,5.2,14,634,Fair (620-679)
BOR105266,23,TN,65300.0,Self-employed,Own,15.7,1.5,1,602,Poor (<620)
BOR105267,43,MS,37500.0,Full-time,Rent,33.0,2.0,26,693,Good (680-739)
BOR105268,55,NJ,34400.0,Full-time,Mortgage,40.6,3.8,38,644,Fair (620-679)
BOR105269,58,NC,61200.0,Full-time,Own,35.2,9.6,38,675,Fair (620-679)
BOR105270,28,CO,52800.0,Unemployed,Rent,36.9,0.5,6,664,Fair (620-679)
BOR105271,50,WI,53900.0,Retired,Own,13.3,1.4,32,651,Fair (620-679)
BOR105272,42,OH,44700.0,Self-employed,Other,18.6,0.0,25,699,Good (680-739)
BOR105273,19,PA,66500.0,Full-time,Mortgage,30.7,2.7,1,716,Good (680-739)
BOR105274,37,NC,62300.0,Part-time,Mortgage,43.3,0.6,18,808,Exceptional (800+)
BOR105275,36,MN,18000.0,Full-time,Mortgage,24.1,0.3,17,729,Good (680-739)
BOR105276,56,MD,41500.0,Full-time,Mortgage,34.0,0.4,38,784,Very Good (740-799)
BOR105277,31,IN,73600.0,Self-employed,Rent,33.7,2.5,9,627,Fair (620-679)
BOR105278,48,NV,29500.0,Full-time,Rent,21.6,13.7,31,576,Poor (<620)
BOR105279,40,OH,21800.0,Full-time,Rent,24.6,1.2,21,679,Fair (620-679)
BOR105280,24,NC,43800.0,Full-time,Own,31.7,0.5,8,736,Good (680-739)
BOR105281,34,TX,58900.0,Self-employed,Rent,28.3,0.3,17,726,Good (680-739)
BOR105282,59,LA,37900.0,Full-time,Rent,40.2,13.1,36,759,Very Good (740-799)
BOR105283,39,MA,83400.0,Full-time,Rent,27.8,7.4,18,515,Poor (<620)
BOR105284,52,GA,106900.0,Self-employed,Mortgage,40.9,3.1,35,761,Very Good (740-799)
BOR105285,51,TX,19600.0,Full-time,Own,28.4,4.3,35,702,Good (680-739)
BOR105286,36,MD,39200.0,Self-employed,Mortgage,32.2,1.2,18,580,Poor (<620)
BOR105287,26,CO,18000.0,Full-time,Rent,40.0,13.5,4,727,Good (680-739)
BOR105288,27,IN,62800.0,Full-time,Rent,30.9,3.0,6,691,Good (680-739)
BOR105289,58,PA,34300.0,Full-time,Mortgage,27.7,0.5,35,705,Good (680-739)
BOR105290,43,MS,37600.0,Full-time,Rent,31.3,2.9,22,745,Very Good (740-799)
BOR105291,20,CO,78200.0,Self-employed,Mortgage,40.9,6.5,1,708,Good (680-739)
BOR105292,51,IN,25600.0,Full-time,Mortgage,35.3,0.1,28,584,Poor (<620)
BOR105293,20,IN,22900.0,Full-time,Rent,10.6,1.2,3,671,Fair (620-679)
BOR105294,31,MS,18000.0,Full-time,Own,24.8,0.3,14,575,Poor (<620)
BOR105295,42,MS,82600.0,Self-employed,Rent,24.9,8.1,25,722,Good (680-739)
BOR105296,71,TN,74400.0,Full-time,Rent,37.8,4.4,51,771,Very Good (740-799)
BOR105297,51,NJ,40900.0,Full-time,Own,12.8,0.2,30,599,Poor (<620)
BOR105298,35,NC,26300.0,Unemployed,Rent,34.8,1.4,14,636,Fair (620-679)
BOR105299,41,NV,67900.0,Full-time,Own,38.4,1.6,24,623,Fair (620-679)
BOR105300,52,IN,161100.0,Self-employed,Rent,38.4,0.5,31,650,Fair (620-679)
BOR105301,58,TX,41900.0,Full-time,Mortgage,31.2,2.2,38,707,Good (680-739)
BOR105302,38,NY,27100.0,Full-time,Own,15.8,1.3,15,651,Fair (620-679)
BOR105303,38,LA,81500.0,Full-time,Own,29.4,1.3,16,722,Good (680-739)
BOR105304,31,LA,28000.0,Self-employed,Mortgage,46.7,3.4,14,749,Very Good (740-799)
BOR105305,49,UT,39500.0,Part-time,Mortgage,26.0,4.5,27,752,Very Good (740-799)
BOR105306,53,NJ,18000.0,Full-time,Mortgage,53.8,0.1,37,607,Poor (<620)
BOR105307,19,MN,40700.0,Self-employed,Rent,40.1,0.3,3,770,Very Good (740-799)
BOR105308,36,NV,26200.0,Self-employed,Own,30.6,1.7,19,775,Very Good (740-799)
BOR105309,26,GA,82200.0,Full-time,Mortgage,34.3,2.8,5,781,Very Good (740-799)
BOR105310,43,NY,30100.0,Full-time,Own,35.7,0.4,20,670,Fair (620-679)
BOR105311,26,NH,66200.0,Full-time,Rent,26.2,4.4,10,631,Fair (620-679)
BOR105312,25,CA,44500.0,Full-time,Rent,27.9,0.7,2,616,Poor (<620)
BOR105313,54,TN,49300.0,Self-employed,Rent,51.9,2.4,36,608,Poor (<620)
BOR105314,39,IN,59000.0,Part-time,Rent,46.9,12.8,21,681,Good (680-739)
BOR105315,40,MO,45500.0,Self-employed,Rent,28.2,9.8,22,735,Good (680-739)
BOR105316,46,OH,34800.0,Self-employed,Own,24.2,10.8,30,765,Very Good (740-799)
BOR105317,53,MD,32400.0,Self-employed,Rent,16.1,4.7,34,648,Fair (620-679)
BOR105318,36,IL,58600.0,Self-employed,Own,53.6,0.0,15,677,Fair (620-679)
BOR105319,36,NV,19800.0,Retired,Rent,42.2,2.3,15,673,Fair (620-679)
BOR105320,36,IL,99200.0,Full-time,Rent,44.5,1.0,15,639,Fair (620-679)
BOR105321,54,MD,49500.0,Self-employed,Mortgage,26.6,1.6,31,728,Good (680-739)
BOR105322,40,MN,40100.0,Self-employed,Mortgage,25.9,1.6,20,704,Good (680-739)
BOR105323,38,PA,52600.0,Full-time,Mortgage,22.8,7.8,21,689,Good (680-739)
BOR105324,46,OH,35700.0,Full-time,Rent,5.0,2.7,28,703,Good (680-739)
BOR105325,63,MN,43000.0,Part-time,Mortgage,23.3,1.0,42,720,Good (680-739)
BOR105326,42,TX,28000.0,Full-time,Mortgage,35.2,2.9,21,719,Good (680-739)
BOR105327,38,PA,55200.0,Full-time,Rent,34.5,3.0,21,625,Fair (620-679)
BOR105328,64,NJ,45000.0,Full-time,Rent,25.8,4.1,43,738,Good (680-739)
BOR105329,57,MS,50700.0,Full-time,Rent,38.5,2.6,39,697,Good (680-739)
BOR105330,55,AZ,90900.0,Full-time,Rent,25.3,3.4,39,652,Fair (620-679)
BOR105331,35,MI,32500.0,Full-time,Rent,39.7,0.0,13,695,Good (680-739)
BOR105332,34,NH,44000.0,Self-employed,Mortgage,39.5,3.6,16,702,Good (680-739)
BOR105333,19,VA,22200.0,Full-time,Mortgage,40.2,0.5,3,750,Very Good (740-799)
BOR105334,53,NJ,59700.0,Full-time,Rent,32.7,2.3,30,612,Poor (<620)
BOR105335,42,NJ,46300.0,Full-time,Own,23.8,5.0,26,766,Very Good (740-799)
BOR105336,19,GA,47000.0,Full-time,Rent,20.1,1.1,2,682,Good (680-739)
BOR105337,55,NC,43400.0,Full-time,Other,10.3,3.2,37,647,Fair (620-679)
BOR105338,37,MD,35900.0,Part-time,Mortgage,39.6,0.5,17,645,Fair (620-679)
BOR105339,38,TX,143400.0,Full-time,Mortgage,15.1,1.7,19,615,Poor (<620)
BOR105340,23,MO,47400.0,Full-time,Other,30.6,9.2,5,567,Poor (<620)
BOR105341,47,PA,53300.0,Full-time,Mortgage,34.2,4.5,28,724,Good (680-739)
BOR105342,47,MI,27900.0,Retired,Own,21.3,3.1,25,809,Exceptional (800+)
BOR105343,40,NY,69400.0,Self-employed,Mortgage,30.8,1.8,20,575,Poor (<620)
BOR105344,36,AZ,44100.0,Part-time,Own,35.2,0.2,17,618,Poor (<620)
BOR105345,73,MD,57000.0,Full-time,Own,29.3,0.8,52,729,Good (680-739)
BOR105346,27,NC,70000.0,Full-time,Own,36.6,4.4,8,677,Fair (620-679)
BOR105347,32,PA,44500.0,Full-time,Mortgage,27.6,8.1,11,734,Good (680-739)
BOR105348,49,IL,34400.0,Full-time,Mortgage,29.2,4.7,28,673,Fair (620-679)
BOR105349,29,NV,18000.0,Full-time,Rent,23.1,6.0,8,642,Fair (620-679)
BOR105350,28,OH,39200.0,Full-time,Rent,30.6,1.3,10,665,Fair (620-679)
BOR105351,55,MN,34300.0,Retired,Rent,32.1,3.7,35,525,Poor (<620)
BOR105352,48,NC,27900.0,Part-time,Rent,22.8,2.6,31,606,Poor (<620)
BOR105353,47,PA,89700.0,Unemployed,Own,36.3,1.2,28,742,Very Good (740-799)
BOR105354,43,MD,72600.0,Self-employed,Own,7.3,4.0,27,757,Very Good (740-799)
BOR105355,33,VA,20500.0,Full-time,Rent,42.8,2.1,16,771,Very Good (740-799)
BOR105356,38,CA,50000.0,Full-time,Own,17.8,2.1,20,709,Good (680-739)
BOR105357,40,UT,32300.0,Self-employed,Mortgage,42.4,3.4,17,533,Poor (<620)
BOR105358,51,NY,55000.0,Full-time,Own,38.2,1.8,30,639,Fair (620-679)
BOR105359,46,NC,32500.0,Full-time,Mortgage,42.1,1.9,25,766,Very Good (740-799)
BOR105360,30,MI,36600.0,Full-time,Mortgage,20.7,3.3,8,785,Very Good (740-799)
BOR105361,50,WA,71900.0,Full-time,Rent,30.0,1.4,33,769,Very Good (740-799)
BOR105362,21,MN,67400.0,Full-time,Rent,34.9,0.6,1,665,Fair (620-679)
BOR105363,37,CA,92000.0,Full-time,Mortgage,36.3,0.6,16,595,Poor (<620)
BOR105364,27,MS,42300.0,Full-time,Rent,40.4,0.5,8,677,Fair (620-679)
BOR105365,31,IN,24200.0,Full-time,Rent,38.5,1.1,11,681,Good (680-739)
BOR105366,64,UT,70600.0,Self-employed,Mortgage,36.8,5.0,46,782,Very Good (740-799)
BOR105367,23,NV,70800.0,Full-time,Rent,36.9,6.1,4,695,Good (680-739)
BOR105368,31,MS,61900.0,Self-employed,Mortgage,38.8,3.3,8,681,Good (680-739)
BOR105369,47,TN,33400.0,Retired,Rent,32.2,20.7,27,685,Good (680-739)
BOR105370,35,NC,28800.0,Full-time,Own,43.5,5.8,15,706,Good (680-739)
BOR105371,43,NJ,59300.0,Full-time,Own,31.2,2.1,26,721,Good (680-739)
BOR105372,58,IN,31300.0,Full-time,Rent,15.1,1.0,36,633,Fair (620-679)
BOR105373,49,NJ,40600.0,Part-time,Rent,44.5,0.1,26,611,Poor (<620)
BOR105374,35,MD,172500.0,Self-employed,Mortgage,36.7,1.9,13,769,Very Good (740-799)
BOR105375,39,FL,121500.0,Full-time,Rent,30.5,3.6,20,573,Poor (<620)
BOR105376,47,NV,66600.0,Self-employed,Rent,33.1,2.6,24,786,Very Good (740-799)
BOR105377,49,PA,34600.0,Full-time,Rent,47.1,3.2,29,556,Poor (<620)
BOR105378,41,NM,33700.0,Self-employed,Rent,33.0,0.8,23,642,Fair (620-679)
BOR105379,45,PA,64400.0,Full-time,Rent,47.2,1.1,29,743,Very Good (740-799)
BOR105380,45,NY,91500.0,Full-time,Mortgage,36.7,3.6,25,680,Good (680-739)
BOR105381,40,NV,37000.0,Retired,Own,28.4,2.5,17,594,Poor (<620)
BOR105382,34,NV,38000.0,Full-time,Rent,18.9,13.4,11,708,Good (680-739)
BOR105383,50,WI,48500.0,Full-time,Mortgage,32.9,3.0,29,684,Good (680-739)
BOR105384,45,UT,25000.0,Part-time,Rent,45.1,3.3,27,666,Fair (620-679)
BOR105385,19,OH,25300.0,Full-time,Mortgage,26.3,7.1,3,639,Fair (620-679)
BOR105386,31,NV,27500.0,Retired,Own,35.7,13.4,10,678,Fair (620-679)
BOR105387,35,NC,59600.0,Full-time,Own,47.4,6.2,16,642,Fair (620-679)
BOR105388,39,AZ,52700.0,Full-time,Own,14.3,2.3,20,838,Exceptional (800+)
BOR105389,55,NJ,77800.0,Full-time,Rent,36.0,1.8,37,664,Fair (620-679)
BOR105390,78,CA,21300.0,Full-time,Own,37.5,13.7,55,656,Fair (620-679)
BOR105391,19,MA,23600.0,Full-time,Rent,35.6,4.4,1,645,Fair (620-679)
BOR105392,45,WI,57200.0,Full-time,Rent,15.0,1.8,26,796,Very Good (740-799)
BOR105393,42,PA,31500.0,Part-time,Mortgage,24.4,0.6,23,573,Poor (<620)
BOR105394,39,MS,32500.0,Full-time,Rent,11.1,5.1,23,703,Good (680-739)
BOR105395,48,AZ,73600.0,Self-employed,Rent,18.8,1.8,26,664,Fair (620-679)
BOR105396,43,PA,36400.0,Full-time,Own,40.4,8.6,23,587,Poor (<620)
BOR105397,37,IN,38300.0,Self-employed,Mortgage,28.7,0.4,17,627,Fair (620-679)
BOR105398,41,PA,41700.0,Part-time,Mortgage,40.2,0.6,25,701,Good (680-739)
BOR105399,48,TX,42800.0,Self-employed,Other,39.6,1.5,29,624,Fair (620-679)
BOR105400,47,MD,63500.0,Full-time,Other,20.8,1.1,29,697,Good (680-739)
BOR105401,43,FL,27100.0,Self-employed,Rent,33.7,1.8,26,792,Very Good (740-799)
BOR105402,34,FL,42800.0,Part-time,Mortgage,16.1,1.1,11,691,Good (680-739)
BOR105403,75,WI,78700.0,Retired,Rent,34.7,0.1,52,586,Poor (<620)
BOR105404,45,TX,121800.0,Full-time,Mortgage,36.2,5.9,22,625,Fair (620-679)
BOR105405,50,NV,25300.0,Self-employed,Rent,29.7,3.3,32,661,Fair (620-679)
BOR105406,35,MN,54100.0,Full-time,Rent,15.2,2.4,18,657,Fair (620-679)
BOR105407,43,NY,42800.0,Unemployed,Mortgage,17.1,5.8,27,690,Good (680-739)
BOR105408,43,WA,44600.0,Full-time,Rent,57.4,3.4,23,700,Good (680-739)
BOR105409,19,FL,32700.0,Full-time,Mortgage,38.2,4.7,1,792,Very Good (740-799)
BOR105410,32,TN,65500.0,Self-employed,Rent,29.2,2.5,9,680,Good (680-739)
BOR105411,32,TX,64000.0,Full-time,Rent,41.6,2.7,15,605,Poor (<620)
BOR105412,34,NM,145100.0,Part-time,Mortgage,46.7,3.2,11,755,Very Good (740-799)
BOR105413,28,IL,25700.0,Full-time,Rent,44.1,7.1,10,762,Very Good (740-799)
BOR105414,42,MO,21200.0,Retired,Own,30.1,0.2,19,695,Good (680-739)
BOR105415,58,NY,117600.0,Full-time,Own,28.7,12.0,36,664,Fair (620-679)
BOR105416,43,IL,45600.0,Full-time,Own,40.0,2.6,22,720,Good (680-739)
BOR105417,27,NJ,38000.0,Self-employed,Rent,29.6,7.6,8,666,Fair (620-679)
BOR105418,29,MA,50800.0,Full-time,Rent,44.0,0.4,8,546,Poor (<620)
BOR105419,36,NH,24900.0,Full-time,Rent,33.1,3.6,17,717,Good (680-739)
BOR105420,24,CA,55200.0,Self-employed,Mortgage,39.9,1.0,1,738,Good (680-739)
BOR105421,45,CA,45000.0,Full-time,Mortgage,42.4,3.2,23,774,Very Good (740-799)
BOR105422,57,NC,75600.0,Full-time,Mortgage,19.0,9.5,37,633,Fair (620-679)
BOR105423,34,NC,68600.0,Full-time,Own,33.5,3.4,14,695,Good (680-739)
BOR105424,42,LA,71200.0,Full-time,Rent,43.5,3.1,26,696,Good (680-739)
BOR105425,36,MS,50800.0,Unemployed,Mortgage,23.9,1.0,15,686,Good (680-739)
BOR105426,33,LA,96000.0,Self-employed,Own,26.5,4.0,11,687,Good (680-739)
BOR105427,43,NY,60400.0,Self-employed,Own,44.0,3.3,24,682,Good (680-739)
BOR105428,33,NJ,36700.0,Self-employed,Rent,47.3,0.2,14,694,Good (680-739)
BOR105429,31,WI,32400.0,Self-employed,Mortgage,5.0,2.2,13,728,Good (680-739)
BOR105430,22,GA,34100.0,Full-time,Rent,44.0,9.5,2,759,Very Good (740-799)
BOR105431,42,IN,60800.0,Full-time,Own,8.8,0.6,22,631,Fair (620-679)
BOR105432,54,IL,25600.0,Self-employed,Rent,31.4,3.0,32,669,Fair (620-679)
BOR105433,49,NC,50000.0,Part-time,Rent,18.1,0.2,26,653,Fair (620-679)
BOR105434,59,LA,32100.0,Unemployed,Own,26.5,1.3,41,643,Fair (620-679)
BOR105435,33,OH,26500.0,Self-employed,Mortgage,33.0,0.0,17,575,Poor (<620)
BOR105436,51,UT,28500.0,Full-time,Mortgage,37.3,8.2,31,682,Good (680-739)
BOR105437,28,GA,46100.0,Full-time,Rent,46.3,0.4,5,711,Good (680-739)
BOR105438,50,CA,65800.0,Full-time,Rent,18.5,19.5,33,670,Fair (620-679)
BOR105439,61,OH,34400.0,Self-employed,Rent,43.6,0.2,40,679,Fair (620-679)
BOR105440,47,PA,18300.0,Retired,Mortgage,29.2,2.2,31,707,Good (680-739)
BOR105441,61,WA,192800.0,Full-time,Rent,29.4,0.7,38,772,Very Good (740-799)
BOR105442,34,FL,77100.0,Full-time,Rent,49.0,6.3,17,653,Fair (620-679)
BOR105443,39,TN,70900.0,Full-time,Mortgage,40.4,2.6,22,604,Poor (<620)
BOR105444,30,LA,97000.0,Full-time,Mortgage,15.2,0.0,12,674,Fair (620-679)
BOR105445,41,NC,48600.0,Full-time,Mortgage,31.2,1.2,22,802,Exceptional (800+)
BOR105446,44,PA,43900.0,Unemployed,Own,24.5,4.6,22,605,Poor (<620)
BOR105447,41,NJ,85800.0,Full-time,Other,27.7,8.9,25,722,Good (680-739)
BOR105448,35,MN,85600.0,Part-time,Other,30.7,0.5,18,755,Very Good (740-799)
BOR105449,35,MA,61500.0,Self-employed,Rent,36.6,3.6,19,526,Poor (<620)
BOR105450,45,FL,69400.0,Self-employed,Own,19.4,5.1,29,707,Good (680-739)
BOR105451,39,AZ,26700.0,Full-time,Own,29.8,1.1,20,719,Good (680-739)
BOR105452,27,VA,41500.0,Full-time,Mortgage,28.1,4.2,10,663,Fair (620-679)
BOR105453,19,NC,100400.0,Full-time,Rent,35.8,2.3,3,638,Fair (620-679)
BOR105454,34,FL,67000.0,Full-time,Own,31.5,1.6,13,642,Fair (620-679)
BOR105455,24,NH,24200.0,Full-time,Mortgage,41.4,5.5,4,659,Fair (620-679)
BOR105456,31,PA,36700.0,Full-time,Rent,34.6,0.4,15,660,Fair (620-679)
BOR105457,36,PA,93300.0,Part-time,Mortgage,38.0,6.0,16,648,Fair (620-679)
BOR105458,39,NY,57200.0,Full-time,Rent,34.3,2.0,21,658,Fair (620-679)
BOR105459,33,MA,50600.0,Full-time,Rent,20.5,0.6,10,757,Very Good (740-799)
BOR105460,67,NJ,51300.0,Full-time,Rent,28.3,3.0,46,601,Poor (<620)
BOR105461,26,OH,44900.0,Full-time,Rent,25.3,7.1,3,566,Poor (<620)
BOR105462,56,NJ,36800.0,Full-time,Mortgage,39.6,0.9,35,758,Very Good (740-799)
BOR105463,39,MO,32000.0,Full-time,Own,40.5,6.2,21,668,Fair (620-679)
BOR105464,33,GA,73500.0,Full-time,Mortgage,31.2,0.3,14,655,Fair (620-679)
BOR105465,48,MS,51900.0,Full-time,Rent,33.5,0.3,25,673,Fair (620-679)
BOR105466,36,GA,64100.0,Full-time,Mortgage,16.2,6.2,15,694,Good (680-739)
BOR105467,31,PA,59600.0,Full-time,Rent,28.1,21.5,15,646,Fair (620-679)
BOR105468,62,UT,87900.0,Full-time,Mortgage,7.0,1.2,45,713,Good (680-739)
BOR105469,19,NV,57200.0,Full-time,Rent,40.1,9.5,1,617,Poor (<620)
BOR105470,38,NC,67600.0,Part-time,Rent,54.3,4.8,19,660,Fair (620-679)
BOR105471,43,NV,50300.0,Part-time,Own,26.7,9.0,23,536,Poor (<620)
BOR105472,58,WA,30400.0,Full-time,Rent,34.3,9.4,39,756,Very Good (740-799)
BOR105473,36,NC,42100.0,Full-time,Rent,36.2,1.0,18,669,Fair (620-679)
BOR105474,73,NV,60800.0,Full-time,Own,20.6,5.1,55,724,Good (680-739)
BOR105475,50,CO,63300.0,Full-time,Own,30.7,7.2,28,711,Good (680-739)
BOR105476,19,GA,89600.0,Full-time,Rent,36.7,2.3,1,716,Good (680-739)
BOR105477,24,TN,37900.0,Part-time,Rent,33.7,7.8,6,679,Fair (620-679)
BOR105478,44,NC,51600.0,Self-employed,Rent,32.6,7.1,21,705,Good (680-739)
BOR105479,27,CA,44000.0,Part-time,Mortgage,29.0,2.3,7,618,Poor (<620)
BOR105480,48,UT,96900.0,Full-time,Mortgage,23.8,1.9,27,604,Poor (<620)
BOR105481,36,AZ,55200.0,Self-employed,Rent,38.8,0.5,15,673,Fair (620-679)
BOR105482,27,TN,55700.0,Part-time,Rent,49.6,7.8,9,636,Fair (620-679)
BOR105483,29,TN,45900.0,Retired,Mortgage,11.9,1.4,11,773,Very Good (740-799)
BOR105484,51,AZ,42100.0,Full-time,Rent,10.5,2.4,31,704,Good (680-739)
BOR105485,19,GA,24300.0,Full-time,Own,19.9,4.9,3,633,Fair (620-679)
BOR105486,54,UT,26400.0,Full-time,Mortgage,27.6,12.8,36,662,Fair (620-679)
BOR105487,54,TN,50500.0,Full-time,Rent,29.4,16.0,33,689,Good (680-739)
BOR105488,37,MO,47800.0,Full-time,Rent,33.3,0.5,20,676,Fair (620-679)
BOR105489,24,NJ,50700.0,Part-time,Rent,32.7,0.6,7,698,Good (680-739)
BOR105490,48,GA,71200.0,Full-time,Rent,30.6,2.9,25,684,Good (680-739)
BOR105491,35,TX,48600.0,Full-time,Own,44.7,5.9,18,590,Poor (<620)
BOR105492,23,NC,39900.0,Full-time,Mortgage,22.7,0.7,3,540,Poor (<620)
BOR105493,64,PA,42400.0,Full-time,Rent,41.1,0.5,47,656,Fair (620-679)
BOR105494,30,IN,52000.0,Full-time,Rent,51.9,10.2,7,716,Good (680-739)
BOR105495,23,LA,39300.0,Full-time,Own,17.3,1.9,2,656,Fair (620-679)
BOR105496,44,GA,75300.0,Full-time,Other,12.5,1.3,23,760,Very Good (740-799)
BOR105497,40,NC,46400.0,Full-time,Other,33.9,3.9,22,677,Fair (620-679)
BOR105498,59,MO,52200.0,Retired,Mortgage,38.5,0.9,38,768,Very Good (740-799)
BOR105499,36,NY,32300.0,Full-time,Own,32.4,7.9,15,755,Very Good (740-799)
BOR105500,37,MS,75300.0,Full-time,Mortgage,10.7,2.1,16,748,Very Good (740-799)
BOR105501,45,NC,89100.0,Full-time,Other,15.1,0.9,25,602,Poor (<620)
BOR105502,43,FL,25300.0,Full-time,Mortgage,26.9,7.4,23,681,Good (680-739)
BOR105503,44,PA,55800.0,Part-time,Mortgage,36.2,4.5,24,759,Very Good (740-799)
BOR105504,44,MS,44400.0,Full-time,Rent,28.5,0.4,24,698,Good (680-739)
BOR105505,43,OH,53000.0,Full-time,Own,34.1,0.2,20,716,Good (680-739)
BOR105506,36,IN,57200.0,Retired,Rent,33.9,4.5,19,590,Poor (<620)
BOR105507,51,PA,18000.0,Full-time,Rent,41.3,0.6,31,805,Exceptional (800+)
BOR105508,37,PA,65600.0,Full-time,Mortgage,20.4,6.0,15,629,Fair (620-679)
BOR105509,51,LA,76900.0,Retired,Rent,32.9,5.9,34,550,Poor (<620)
BOR105510,58,NY,80900.0,Full-time,Rent,46.4,6.8,42,657,Fair (620-679)
BOR105511,33,CA,30500.0,Full-time,Rent,24.1,6.4,10,521,Poor (<620)
BOR105512,70,WA,46000.0,Full-time,Rent,25.7,0.1,48,609,Poor (<620)
BOR105513,32,LA,36600.0,Self-employed,Rent,32.9,2.8,14,846,Exceptional (800+)
BOR105514,33,NC,19700.0,Self-employed,Rent,21.4,3.5,17,655,Fair (620-679)
BOR105515,47,NY,35300.0,Full-time,Rent,20.4,1.1,28,587,Poor (<620)
BOR105516,46,NH,28600.0,Full-time,Rent,28.5,0.5,25,682,Good (680-739)
BOR105517,42,MO,54200.0,Full-time,Rent,29.6,0.2,23,622,Fair (620-679)
BOR105518,51,NV,22400.0,Full-time,Rent,39.5,8.5,30,736,Good (680-739)
BOR105519,44,CO,30000.0,Retired,Own,23.0,25.6,23,622,Fair (620-679)
BOR105520,66,MD,36900.0,Full-time,Mortgage,32.3,10.5,48,698,Good (680-739)
BOR105521,40,MI,65900.0,Full-time,Mortgage,44.3,0.1,21,605,Poor (<620)
BOR105522,31,NC,162800.0,Full-time,Mortgage,43.7,0.1,9,849,Exceptional (800+)
BOR105523,34,MD,53400.0,Self-employed,Rent,30.9,3.7,16,713,Good (680-739)
BOR105524,47,MD,29300.0,Self-employed,Own,33.9,4.6,29,671,Fair (620-679)
BOR105525,47,UT,34400.0,Full-time,Mortgage,22.9,2.7,26,661,Fair (620-679)
BOR105526,43,AZ,62700.0,Self-employed,Rent,34.9,7.5,24,644,Fair (620-679)
BOR105527,31,GA,25400.0,Self-employed,Rent,47.3,0.3,12,631,Fair (620-679)
BOR105528,54,WA,76400.0,Retired,Mortgage,45.0,3.7,34,629,Fair (620-679)
BOR105529,64,TN,52700.0,Full-time,Other,31.8,2.8,48,789,Very Good (740-799)
BOR105530,41,NJ,44100.0,Full-time,Mortgage,35.5,6.3,20,644,Fair (620-679)
BOR105531,63,MN,21800.0,Self-employed,Own,24.6,3.8,42,542,Poor (<620)
BOR105532,51,MA,70600.0,Full-time,Mortgage,22.7,3.7,29,604,Poor (<620)
BOR105533,68,CA,33100.0,Full-time,Rent,28.4,1.5,51,740,Very Good (740-799)
BOR105534,47,MA,50000.0,Self-employed,Own,34.7,5.4,31,664,Fair (620-679)
BOR105535,43,TN,43400.0,Unemployed,Own,39.2,3.4,20,671,Fair (620-679)
BOR105536,51,MS,22900.0,Full-time,Mortgage,31.2,3.3,35,756,Very Good (740-799)
BOR105537,36,NJ,42000.0,Full-time,Rent,36.4,5.1,15,629,Fair (620-679)
BOR105538,46,MA,27000.0,Self-employed,Mortgage,6.5,1.2,25,721,Good (680-739)
BOR105539,57,VA,34800.0,Full-time,Own,33.7,0.0,39,637,Fair (620-679)
BOR105540,51,AZ,56700.0,Full-time,Mortgage,25.8,1.7,33,717,Good (680-739)
BOR105541,41,TX,64000.0,Full-time,Rent,19.5,1.0,25,655,Fair (620-679)
BOR105542,43,LA,46200.0,Full-time,Mortgage,36.5,2.6,21,664,Fair (620-679)
BOR105543,50,MS,31300.0,Full-time,Rent,46.5,7.5,32,733,Good (680-739)
BOR105544,50,AZ,34800.0,Full-time,Rent,31.9,2.4,27,729,Good (680-739)
BOR105545,50,AZ,34600.0,Self-employed,Rent,40.8,2.5,29,669,Fair (620-679)
BOR105546,45,TX,18000.0,Full-time,Rent,27.8,0.1,29,649,Fair (620-679)
BOR105547,31,TN,48200.0,Full-time,Mortgage,52.5,3.0,8,784,Very Good (740-799)
BOR105548,33,NJ,22000.0,Full-time,Rent,16.2,0.5,10,718,Good (680-739)
BOR105549,47,MD,48300.0,Full-time,Mortgage,31.0,3.6,26,655,Fair (620-679)
BOR105550,51,TX,24200.0,Retired,Mortgage,39.5,12.3,28,638,Fair (620-679)
BOR105551,49,MD,27100.0,Full-time,Own,31.7,0.6,27,747,Very Good (740-799)
BOR105552,33,GA,63000.0,Self-employed,Rent,45.8,2.0,13,688,Good (680-739)
BOR105553,39,IN,47100.0,Full-time,Rent,11.3,7.9,22,669,Fair (620-679)
BOR105554,27,TN,20000.0,Unemployed,Rent,30.9,9.2,8,687,Good (680-739)
BOR105555,24,IL,36300.0,Full-time,Mortgage,29.5,0.1,7,702,Good (680-739)
BOR105556,42,NJ,52500.0,Retired,Mortgage,30.9,4.8,24,676,Fair (620-679)
BOR105557,57,NV,35300.0,Full-time,Mortgage,16.2,2.8,35,758,Very Good (740-799)
BOR105558,42,TN,40000.0,Part-time,Rent,29.1,3.7,20,762,Very Good (740-799)
BOR105559,64,TX,52000.0,Full-time,Mortgage,28.6,2.3,45,715,Good (680-739)
BOR105560,39,NJ,47600.0,Full-time,Rent,34.4,0.8,22,769,Very Good (740-799)
BOR105561,41,GA,29800.0,Full-time,Rent,43.0,7.7,19,681,Good (680-739)
BOR105562,29,IN,47100.0,Self-employed,Own,33.1,3.3,8,725,Good (680-739)
BOR105563,37,TN,41000.0,Full-time,Mortgage,36.2,0.1,21,745,Very Good (740-799)
BOR105564,27,CA,101300.0,Full-time,Rent,44.6,7.6,8,746,Very Good (740-799)
BOR105565,22,TN,44500.0,Full-time,Rent,43.9,12.7,2,740,Very Good (740-799)
BOR105566,27,WI,49600.0,Full-time,Mortgage,8.2,3.9,11,721,Good (680-739)
BOR105567,42,MN,52400.0,Part-time,Own,40.0,6.5,22,807,Exceptional (800+)
BOR105568,32,TX,40300.0,Full-time,Rent,39.9,2.7,12,645,Fair (620-679)
BOR105569,35,GA,33700.0,Full-time,Mortgage,29.4,11.7,13,670,Fair (620-679)
BOR105570,46,NJ,57300.0,Retired,Mortgage,27.4,0.7,27,666,Fair (620-679)
BOR105571,22,PA,57600.0,Full-time,Rent,20.7,4.9,5,656,Fair (620-679)
BOR105572,42,NJ,119000.0,Full-time,Mortgage,12.6,1.1,23,551,Poor (<620)
BOR105573,51,TX,65100.0,Full-time,Mortgage,40.5,5.6,34,769,Very Good (740-799)
BOR105574,52,FL,65600.0,Part-time,Rent,39.7,4.1,30,613,Poor (<620)
BOR105575,47,MO,64400.0,Full-time,Rent,31.0,10.2,28,691,Good (680-739)
BOR105576,40,OH,34200.0,Part-time,Mortgage,39.1,0.2,20,588,Poor (<620)
BOR105577,34,MD,26500.0,Part-time,Rent,42.2,0.7,14,720,Good (680-739)
BOR105578,40,TX,29700.0,Full-time,Mortgage,14.0,2.9,18,629,Fair (620-679)
BOR105579,61,AZ,63600.0,Full-time,Rent,34.5,9.2,44,606,Poor (<620)
BOR105580,44,MI,88400.0,Full-time,Rent,29.6,1.8,28,693,Good (680-739)
BOR105581,40,MN,64900.0,Full-time,Rent,36.3,8.4,17,634,Fair (620-679)
BOR105582,48,MN,43300.0,Full-time,Own,33.9,3.2,25,643,Fair (620-679)
BOR105583,42,MI,99200.0,Full-time,Own,39.7,2.6,20,691,Good (680-739)
BOR105584,44,TN,38200.0,Full-time,Rent,16.2,10.1,27,732,Good (680-739)
BOR105585,38,IL,27800.0,Full-time,Rent,45.1,3.5,21,627,Fair (620-679)
BOR105586,36,MA,52300.0,Full-time,Rent,26.8,4.8,18,616,Poor (<620)
BOR105587,53,TX,83400.0,Retired,Own,30.7,9.5,31,682,Good (680-739)
BOR105588,19,NJ,31900.0,Retired,Other,14.4,2.3,1,715,Good (680-739)
BOR105589,47,PA,21700.0,Full-time,Own,31.0,6.0,24,775,Very Good (740-799)
BOR105590,35,LA,47400.0,Retired,Own,31.8,0.8,17,610,Poor (<620)
BOR105591,19,NJ,66000.0,Self-employed,Rent,31.2,6.1,2,659,Fair (620-679)
BOR105592,29,MA,18000.0,Full-time,Rent,24.6,2.0,11,756,Very Good (740-799)
BOR105593,41,NC,72400.0,Full-time,Mortgage,19.8,6.9,19,808,Exceptional (800+)
BOR105594,42,GA,25200.0,Full-time,Rent,38.4,0.2,26,615,Poor (<620)
BOR105595,50,PA,64600.0,Self-employed,Mortgage,14.6,12.4,30,632,Fair (620-679)
BOR105596,51,MS,19000.0,Self-employed,Other,40.0,11.2,35,705,Good (680-739)
BOR105597,22,MN,24000.0,Full-time,Rent,48.9,6.6,1,642,Fair (620-679)
BOR105598,46,NY,61600.0,Full-time,Rent,54.2,0.5,28,631,Fair (620-679)
BOR105599,50,WI,80600.0,Part-time,Mortgage,21.2,8.5,30,696,Good (680-739)
BOR105600,44,NJ,46400.0,Full-time,Own,37.9,2.0,25,781,Very Good (740-799)
BOR105601,47,CA,137000.0,Full-time,Rent,26.4,2.1,29,595,Poor (<620)
BOR105602,19,WA,29400.0,Full-time,Own,44.2,13.5,1,777,Very Good (740-799)
BOR105603,29,NY,29300.0,Self-employed,Own,35.9,3.3,8,643,Fair (620-679)
BOR105604,57,IL,40700.0,Full-time,Rent,29.1,15.5,35,702,Good (680-739)
BOR105605,38,MD,39800.0,Full-time,Rent,22.9,0.3,17,783,Very Good (740-799)
BOR105606,68,OH,53000.0,Full-time,Mortgage,28.3,0.7,46,701,Good (680-739)
BOR105607,26,LA,33400.0,Full-time,Rent,25.3,14.7,5,661,Fair (620-679)
BOR105608,60,IN,60200.0,Full-time,Other,31.8,5.4,44,727,Good (680-739)
BOR105609,34,NV,59600.0,Full-time,Mortgage,32.3,8.4,12,669,Fair (620-679)
BOR105610,51,TN,96400.0,Full-time,Own,26.5,2.4,32,714,Good (680-739)
BOR105611,37,LA,37400.0,Self-employed,Mortgage,25.6,0.4,16,667,Fair (620-679)
BOR105612,42,NC,54300.0,Self-employed,Mortgage,38.3,1.3,26,736,Good (680-739)
BOR105613,48,AZ,61200.0,Full-time,Rent,39.0,4.5,29,589,Poor (<620)
BOR105614,34,WA,46500.0,Part-time,Mortgage,23.9,0.7,16,614,Poor (<620)
BOR105615,51,MS,42400.0,Full-time,Rent,31.5,0.4,33,588,Poor (<620)
BOR105616,38,PA,18400.0,Full-time,Rent,23.4,2.2,19,676,Fair (620-679)
BOR105617,43,MA,48400.0,Full-time,Mortgage,58.1,1.2,20,581,Poor (<620)
BOR105618,19,CO,61000.0,Full-time,Own,22.6,2.8,1,635,Fair (620-679)
BOR105619,37,NC,45400.0,Full-time,Own,34.5,9.5,15,608,Poor (<620)
BOR105620,56,LA,32800.0,Full-time,Mortgage,36.5,2.6,36,776,Very Good (740-799)
BOR105621,49,MI,21900.0,Part-time,Mortgage,25.3,10.1,27,616,Poor (<620)
BOR105622,52,PA,57200.0,Full-time,Mortgage,23.4,1.8,31,596,Poor (<620)
BOR105623,42,MA,47300.0,Full-time,Mortgage,29.2,0.1,26,696,Good (680-739)
BOR105624,61,NJ,87200.0,Retired,Rent,23.3,15.2,40,790,Very Good (740-799)
BOR105625,44,CA,24300.0,Full-time,Mortgage,33.9,5.1,25,672,Fair (620-679)
BOR105626,33,TX,37700.0,Full-time,Mortgage,23.5,2.8,14,677,Fair (620-679)
BOR105627,51,PA,25700.0,Full-time,Mortgage,33.5,0.8,33,764,Very Good (740-799)
BOR105628,52,MN,74000.0,Full-time,Own,11.4,3.9,36,737,Good (680-739)
BOR105629,49,LA,81400.0,Part-time,Rent,23.9,8.7,26,708,Good (680-739)
BOR105630,36,AZ,110800.0,Full-time,Mortgage,27.8,3.3,19,642,Fair (620-679)
BOR105631,44,FL,59000.0,Unemployed,Rent,42.0,7.3,26,710,Good (680-739)
BOR105632,58,AZ,66500.0,Full-time,Mortgage,13.5,3.2,37,592,Poor (<620)
BOR105633,47,LA,56700.0,Full-time,Own,42.2,4.5,24,639,Fair (620-679)
BOR105634,23,CO,60300.0,Full-time,Rent,38.6,0.5,5,773,Very Good (740-799)
BOR105635,33,GA,47700.0,Full-time,Own,14.1,13.1,11,765,Very Good (740-799)
BOR105636,33,NY,61600.0,Full-time,Mortgage,37.4,11.7,16,708,Good (680-739)
BOR105637,32,LA,122100.0,Full-time,Rent,22.7,0.3,10,555,Poor (<620)
BOR105638,19,NV,51500.0,Full-time,Rent,37.7,1.1,2,601,Poor (<620)
BOR105639,64,TX,47100.0,Part-time,Mortgage,38.3,6.0,48,636,Fair (620-679)
BOR105640,30,NV,51000.0,Self-employed,Rent,39.9,0.9,10,669,Fair (620-679)
BOR105641,31,FL,43600.0,Full-time,Mortgage,26.3,0.7,8,599,Poor (<620)
BOR105642,19,TX,52100.0,Full-time,Rent,38.8,0.5,1,664,Fair (620-679)
BOR105643,51,CO,42900.0,Full-time,Mortgage,47.4,2.1,33,795,Very Good (740-799)
BOR105644,40,AZ,78000.0,Full-time,Mortgage,29.1,8.2,24,706,Good (680-739)
BOR105645,37,NJ,74600.0,Full-time,Own,30.4,0.5,21,694,Good (680-739)
BOR105646,37,MS,123600.0,Retired,Rent,39.1,0.6,20,614,Poor (<620)
BOR105647,48,NV,46100.0,Full-time,Mortgage,5.0,0.3,28,573,Poor (<620)
BOR105648,35,TX,53100.0,Full-time,Rent,22.2,2.2,16,600,Poor (<620)
BOR105649,19,TN,52100.0,Full-time,Rent,42.1,3.9,1,571,Poor (<620)
BOR105650,26,MN,51000.0,Full-time,Mortgage,33.5,6.5,10,685,Good (680-739)
BOR105651,25,AZ,77500.0,Self-employed,Rent,29.8,1.6,4,705,Good (680-739)
BOR105652,44,NH,22400.0,Full-time,Rent,22.6,0.5,21,617,Poor (<620)
BOR105653,52,MD,57400.0,Full-time,Rent,32.3,0.0,31,690,Good (680-739)
BOR105654,59,FL,114500.0,Full-time,Own,26.7,0.8,36,775,Very Good (740-799)
BOR105655,21,PA,86100.0,Self-employed,Rent,14.5,5.2,1,807,Exceptional (800+)
BOR105656,48,NV,81800.0,Full-time,Rent,45.0,3.3,30,730,Good (680-739)
BOR105657,34,NH,68100.0,Full-time,Mortgage,25.1,1.2,11,669,Fair (620-679)
BOR105658,76,FL,35700.0,Full-time,Rent,29.3,0.8,55,728,Good (680-739)
BOR105659,58,FL,33300.0,Full-time,Mortgage,14.2,1.5,36,768,Very Good (740-799)
BOR105660,61,CO,33400.0,Unemployed,Rent,26.6,1.0,38,550,Poor (<620)
BOR105661,51,TX,27900.0,Full-time,Rent,42.1,0.5,29,776,Very Good (740-799)
BOR105662,46,TX,71400.0,Full-time,Rent,41.3,0.2,24,645,Fair (620-679)
BOR105663,36,LA,90300.0,Self-employed,Rent,32.3,5.4,18,645,Fair (620-679)
BOR105664,34,MN,56700.0,Retired,Mortgage,25.8,6.0,13,657,Fair (620-679)
BOR105665,31,LA,67000.0,Full-time,Rent,32.3,10.7,12,701,Good (680-739)
BOR105666,48,IN,53200.0,Full-time,Rent,37.1,2.2,31,608,Poor (<620)
BOR105667,60,NC,60200.0,Retired,Rent,17.0,9.3,40,661,Fair (620-679)
BOR105668,37,MS,18000.0,Full-time,Own,34.5,1.4,14,714,Good (680-739)
BOR105669,32,GA,53700.0,Full-time,Mortgage,39.7,1.2,13,694,Good (680-739)
BOR105670,23,OH,38500.0,Full-time,Rent,31.4,2.0,4,705,Good (680-739)
BOR105671,44,LA,45800.0,Self-employed,Own,31.8,4.7,22,659,Fair (620-679)
BOR105672,56,MO,51600.0,Full-time,Rent,24.7,21.7,33,725,Good (680-739)
BOR105673,56,LA,33800.0,Full-time,Rent,35.0,11.7,33,749,Very Good (740-799)
BOR105674,58,PA,28700.0,Part-time,Mortgage,48.1,5.3,35,745,Very Good (740-799)
BOR105675,46,UT,33300.0,Self-employed,Mortgage,46.1,1.6,29,708,Good (680-739)
BOR105676,42,TN,24300.0,Full-time,Rent,26.2,5.5,25,741,Very Good (740-799)
BOR105677,56,MO,27700.0,Full-time,Mortgage,28.3,3.5,34,737,Good (680-739)
BOR105678,28,MS,29500.0,Full-time,Rent,45.7,16.2,6,850,Exceptional (800+)
BOR105679,36,MI,24400.0,Full-time,Own,37.9,2.4,16,759,Very Good (740-799)
BOR105680,62,MD,59200.0,Full-time,Mortgage,37.7,4.6,41,674,Fair (620-679)
BOR105681,28,IN,31100.0,Full-time,Own,13.9,3.1,7,621,Fair (620-679)
BOR105682,41,MN,20200.0,Self-employed,Mortgage,41.1,7.4,24,663,Fair (620-679)
BOR105683,49,LA,38900.0,Full-time,Rent,29.2,0.8,29,658,Fair (620-679)
BOR105684,42,MO,28300.0,Full-time,Rent,34.3,10.1,22,713,Good (680-739)
BOR105685,55,TX,89900.0,Full-time,Own,24.9,0.6,34,634,Fair (620-679)
BOR105686,59,PA,49500.0,Full-time,Own,48.5,1.0,42,757,Very Good (740-799)
BOR105687,47,UT,24100.0,Full-time,Rent,22.3,4.1,26,590,Poor (<620)
BOR105688,58,UT,60200.0,Full-time,Own,51.5,9.1,39,574,Poor (<620)
BOR105689,30,UT,48400.0,Self-employed,Mortgage,32.3,12.7,9,671,Fair (620-679)
BOR105690,39,CA,41900.0,Full-time,Rent,30.3,3.0,22,625,Fair (620-679)
BOR105691,70,MI,94700.0,Full-time,Mortgage,23.2,5.1,47,598,Poor (<620)
BOR105692,64,CO,30100.0,Self-employed,Mortgage,26.8,0.3,45,639,Fair (620-679)
BOR105693,26,CO,74300.0,Full-time,Mortgage,30.0,5.3,10,631,Fair (620-679)
BOR105694,41,TX,38800.0,Part-time,Mortgage,33.3,1.6,23,681,Good (680-739)
BOR105695,43,TN,46200.0,Full-time,Mortgage,37.4,2.6,25,640,Fair (620-679)
BOR105696,46,NY,33300.0,Full-time,Mortgage,29.9,0.3,28,645,Fair (620-679)
BOR105697,56,WA,34200.0,Full-time,Mortgage,37.4,2.0,35,680,Good (680-739)
BOR105698,63,OH,38300.0,Unemployed,Other,43.8,3.8,47,746,Very Good (740-799)
BOR105699,41,TX,19800.0,Full-time,Mortgage,42.6,3.9,22,776,Very Good (740-799)
BOR105700,54,TX,54500.0,Full-time,Rent,38.3,9.8,37,690,Good (680-739)
BOR105701,49,MS,49100.0,Full-time,Mortgage,37.0,2.4,30,695,Good (680-739)
BOR105702,41,WI,23800.0,Full-time,Mortgage,21.4,4.5,23,668,Fair (620-679)
BOR105703,21,MS,62800.0,Full-time,Mortgage,34.1,10.5,2,711,Good (680-739)
BOR105704,53,VA,89800.0,Full-time,Rent,21.2,1.5,34,705,Good (680-739)
BOR105705,48,NJ,34600.0,Full-time,Own,42.2,20.3,26,766,Very Good (740-799)
BOR105706,46,NC,32800.0,Self-employed,Own,34.9,2.5,23,557,Poor (<620)
BOR105707,29,TN,77000.0,Full-time,Rent,43.3,4.8,13,665,Fair (620-679)
BOR105708,65,NC,55900.0,Full-time,Mortgage,43.8,1.4,46,702,Good (680-739)
BOR105709,43,WI,43900.0,Full-time,Rent,36.4,9.9,24,678,Fair (620-679)
BOR105710,27,MN,67300.0,Full-time,Own,25.2,3.4,8,619,Poor (<620)
BOR105711,25,LA,52800.0,Full-time,Rent,9.6,2.9,4,596,Poor (<620)
BOR105712,49,OH,88700.0,Full-time,Rent,37.4,0.1,28,732,Good (680-739)
BOR105713,49,WA,46300.0,Full-time,Own,30.3,6.0,30,631,Fair (620-679)
BOR105714,35,IL,56500.0,Part-time,Own,40.0,6.2,15,566,Poor (<620)
BOR105715,47,CA,76400.0,Full-time,Rent,39.0,0.7,31,736,Good (680-739)
BOR105716,49,MD,18000.0,Full-time,Mortgage,38.0,9.5,32,710,Good (680-739)
BOR105717,43,AZ,77700.0,Full-time,Mortgage,34.5,3.1,20,672,Fair (620-679)
BOR105718,33,MD,37100.0,Full-time,Mortgage,15.4,6.9,13,621,Fair (620-679)
BOR105719,53,FL,58400.0,Full-time,Mortgage,44.6,3.4,34,673,Fair (620-679)
BOR105720,51,NH,98600.0,Full-time,Rent,19.4,6.8,28,759,Very Good (740-799)
BOR105721,48,NH,40600.0,Full-time,Mortgage,25.5,2.8,25,575,Poor (<620)
BOR105722,31,VA,38000.0,Full-time,Rent,28.7,6.4,15,578,Poor (<620)
BOR105723,25,LA,45500.0,Full-time,Mortgage,32.2,2.8,2,639,Fair (620-679)
BOR105724,42,OH,24300.0,Full-time,Rent,28.8,0.1,25,678,Fair (620-679)
BOR105725,52,WI,125400.0,Retired,Rent,26.4,9.8,35,648,Fair (620-679)
BOR105726,53,LA,45700.0,Self-employed,Own,40.0,0.4,37,722,Good (680-739)
BOR105727,48,NV,97800.0,Retired,Rent,18.7,0.3,27,751,Very Good (740-799)
BOR105728,36,NV,40100.0,Full-time,Mortgage,27.9,1.1,16,698,Good (680-739)
BOR105729,31,VA,47300.0,Unemployed,Mortgage,11.0,4.8,13,716,Good (680-739)
BOR105730,41,NV,71300.0,Full-time,Own,21.7,0.9,19,698,Good (680-739)
BOR105731,41,MD,28400.0,Full-time,Mortgage,16.4,0.8,24,681,Good (680-739)
BOR105732,54,NY,44500.0,Part-time,Own,39.3,4.3,36,596,Poor (<620)
BOR105733,35,FL,70100.0,Full-time,Mortgage,33.9,6.1,15,613,Poor (<620)
BOR105734,36,MN,42400.0,Full-time,Own,23.9,9.0,13,592,Poor (<620)
BOR105735,66,TN,37500.0,Full-time,Rent,5.0,6.8,46,670,Fair (620-679)
BOR105736,60,WA,77000.0,Unemployed,Rent,16.7,0.8,38,695,Good (680-739)
BOR105737,30,MS,87600.0,Full-time,Rent,21.0,0.9,7,586,Poor (<620)
BOR105738,59,IN,94100.0,Full-time,Mortgage,28.4,1.1,39,685,Good (680-739)
BOR105739,28,MI,34400.0,Full-time,Rent,39.6,0.3,7,623,Fair (620-679)
BOR105740,36,NJ,35900.0,Full-time,Other,17.6,0.8,17,611,Poor (<620)
BOR105741,37,TN,37700.0,Self-employed,Rent,18.5,3.3,16,639,Fair (620-679)
BOR105742,40,CO,64400.0,Full-time,Rent,15.2,4.3,22,607,Poor (<620)
BOR105743,48,AZ,27200.0,Full-time,Mortgage,32.0,1.3,26,719,Good (680-739)
BOR105744,42,WA,27900.0,Self-employed,Rent,10.3,0.0,25,669,Fair (620-679)
BOR105745,48,MD,33800.0,Full-time,Mortgage,14.3,5.4,32,733,Good (680-739)
BOR105746,36,MD,30600.0,Self-employed,Rent,36.7,1.7,20,651,Fair (620-679)
BOR105747,45,NV,69400.0,Self-employed,Own,47.2,1.0,27,654,Fair (620-679)
BOR105748,42,TX,67300.0,Part-time,Own,32.6,10.5,25,802,Exceptional (800+)
BOR105749,24,CO,37500.0,Unemployed,Other,28.9,2.8,4,575,Poor (<620)
BOR105750,47,WA,42700.0,Self-employed,Rent,53.8,1.4,27,763,Very Good (740-799)
BOR105751,42,TX,18000.0,Full-time,Rent,26.8,6.2,20,788,Very Good (740-799)
BOR105752,32,MO,38000.0,Full-time,Own,26.8,3.9,14,730,Good (680-739)
BOR105753,36,MD,81600.0,Retired,Mortgage,26.6,1.2,14,659,Fair (620-679)
BOR105754,36,WA,37000.0,Full-time,Mortgage,47.0,18.2,14,773,Very Good (740-799)
BOR105755,38,MN,28500.0,Full-time,Rent,37.4,5.2,16,659,Fair (620-679)
BOR105756,62,GA,86600.0,Self-employed,Mortgage,37.3,0.2,40,634,Fair (620-679)
BOR105757,66,PA,28200.0,Full-time,Mortgage,35.3,4.1,45,655,Fair (620-679)
BOR105758,19,NC,93500.0,Full-time,Own,27.4,1.1,3,643,Fair (620-679)
BOR105759,47,NJ,171000.0,Full-time,Mortgage,28.8,3.6,30,618,Poor (<620)
BOR105760,52,MD,44400.0,Self-employed,Mortgage,22.4,7.9,29,752,Very Good (740-799)
BOR105761,38,NV,81600.0,Self-employed,Rent,28.0,2.6,20,630,Fair (620-679)
BOR105762,52,MD,22000.0,Retired,Rent,34.8,4.5,29,678,Fair (620-679)
BOR105763,61,PA,21600.0,Self-employed,Mortgage,30.0,0.8,41,586,Poor (<620)
BOR105764,25,NC,32600.0,Full-time,Mortgage,40.1,4.0,5,682,Good (680-739)
BOR105765,43,PA,67500.0,Full-time,Other,34.6,1.7,22,605,Poor (<620)
BOR105766,64,MD,46700.0,Full-time,Mortgage,33.9,8.0,46,603,Poor (<620)
BOR105767,26,OH,42900.0,Full-time,Rent,23.3,3.2,10,673,Fair (620-679)
BOR105768,40,WA,26100.0,Self-employed,Own,19.7,0.9,23,749,Very Good (740-799)
BOR105769,36,MN,44000.0,Full-time,Mortgage,20.7,5.1,17,709,Good (680-739)
BOR105770,54,MO,34900.0,Full-time,Mortgage,42.9,7.7,37,713,Good (680-739)
BOR105771,55,GA,30800.0,Self-employed,Mortgage,14.7,1.6,32,672,Fair (620-679)
BOR105772,43,NC,29600.0,Self-employed,Mortgage,33.9,6.5,24,658,Fair (620-679)
BOR105773,41,IN,50800.0,Full-time,Mortgage,33.9,7.3,25,731,Good (680-739)
BOR105774,20,AZ,33700.0,Full-time,Mortgage,25.2,14.3,1,643,Fair (620-679)
BOR105775,58,FL,46500.0,Full-time,Rent,31.6,2.5,40,734,Good (680-739)
BOR105776,37,LA,21000.0,Full-time,Mortgage,33.7,0.5,16,760,Very Good (740-799)
BOR105777,39,WA,58500.0,Self-employed,Own,20.4,5.3,19,625,Fair (620-679)
BOR105778,53,VA,52000.0,Full-time,Mortgage,24.1,4.6,34,635,Fair (620-679)
BOR105779,43,PA,42000.0,Full-time,Own,30.7,1.6,20,645,Fair (620-679)
BOR105780,53,MI,50100.0,Part-time,Own,31.0,1.5,32,585,Poor (<620)
BOR105781,48,NC,71000.0,Full-time,Own,17.8,0.2,32,649,Fair (620-679)
BOR105782,43,OH,24300.0,Self-employed,Rent,32.0,4.1,25,765,Very Good (740-799)
BOR105783,45,AZ,48100.0,Full-time,Mortgage,32.4,1.6,23,612,Poor (<620)
BOR105784,28,VA,25900.0,Full-time,Own,41.2,1.9,7,766,Very Good (740-799)
BOR105785,39,LA,48500.0,Full-time,Rent,30.9,0.5,21,652,Fair (620-679)
BOR105786,54,NM,41500.0,Full-time,Mortgage,27.1,6.1,36,817,Exceptional (800+)
BOR105787,30,IL,46100.0,Full-time,Rent,38.8,14.2,12,636,Fair (620-679)
BOR105788,32,FL,68300.0,Full-time,Rent,42.3,0.4,12,671,Fair (620-679)
BOR105789,30,MN,67400.0,Part-time,Own,17.3,2.7,12,621,Fair (620-679)
BOR105790,43,NH,76000.0,Full-time,Mortgage,25.9,2.6,24,635,Fair (620-679)
BOR105791,58,LA,39000.0,Full-time,Rent,10.0,8.7,35,767,Very Good (740-799)
BOR105792,48,CA,64000.0,Full-time,Rent,21.5,1.0,28,711,Good (680-739)
BOR105793,19,OH,58600.0,Full-time,Rent,46.0,8.6,2,747,Very Good (740-799)
BOR105794,49,TX,39500.0,Full-time,Rent,20.4,3.8,29,594,Poor (<620)
BOR105795,36,NV,49200.0,Full-time,Mortgage,35.8,9.1,20,723,Good (680-739)
BOR105796,47,MA,43900.0,Full-time,Rent,35.2,3.0,27,617,Poor (<620)
BOR105797,39,WA,87400.0,Unemployed,Own,25.3,2.7,17,593,Poor (<620)
BOR105798,31,AZ,67100.0,Full-time,Own,26.5,5.7,13,696,Good (680-739)
BOR105799,40,OH,40100.0,Self-employed,Rent,45.0,0.7,18,695,Good (680-739)
BOR105800,36,TN,38900.0,Part-time,Rent,40.5,0.0,13,683,Good (680-739)
BOR105801,45,CA,71700.0,Full-time,Mortgage,53.5,2.3,27,727,Good (680-739)
BOR105802,30,IN,85200.0,Full-time,Mortgage,5.5,13.9,12,737,Good (680-739)
BOR105803,28,WI,53700.0,Full-time,Own,36.4,0.2,5,776,Very Good (740-799)
BOR105804,50,MO,62700.0,Full-time,Rent,7.2,4.8,33,603,Poor (<620)
BOR105805,54,NC,83800.0,Full-time,Rent,30.7,3.5,31,778,Very Good (740-799)
BOR105806,48,NV,43100.0,Full-time,Rent,28.8,2.2,29,802,Exceptional (800+)
BOR105807,33,MD,48400.0,Full-time,Rent,19.6,5.5,17,656,Fair (620-679)
BOR105808,32,NY,58000.0,Full-time,Rent,25.0,4.8,9,572,Poor (<620)
BOR105809,33,PA,38400.0,Full-time,Own,28.0,2.3,16,590,Poor (<620)
BOR105810,52,TN,100200.0,Full-time,Mortgage,35.4,0.3,32,650,Fair (620-679)
BOR105811,31,GA,38300.0,Full-time,Own,19.6,18.1,12,811,Exceptional (800+)
BOR105812,52,FL,47900.0,Self-employed,Own,23.6,0.4,29,681,Good (680-739)
BOR105813,49,PA,110500.0,Full-time,Own,36.2,4.3,28,640,Fair (620-679)
BOR105814,56,PA,20200.0,Full-time,Rent,38.2,2.4,34,635,Fair (620-679)
BOR105815,54,VA,51400.0,Self-employed,Mortgage,57.3,0.9,38,594,Poor (<620)
BOR105816,48,TN,34600.0,Full-time,Mortgage,32.7,3.1,30,737,Good (680-739)
BOR105817,23,PA,46600.0,Full-time,Rent,37.3,3.5,3,674,Fair (620-679)
BOR105818,48,MD,27100.0,Full-time,Rent,28.8,3.8,30,816,Exceptional (800+)
BOR105819,42,GA,39500.0,Full-time,Own,45.0,0.6,20,721,Good (680-739)
BOR105820,37,GA,47200.0,Full-time,Mortgage,21.7,2.1,15,734,Good (680-739)
BOR105821,57,IL,51900.0,Full-time,Rent,30.3,0.9,38,664,Fair (620-679)
BOR105822,39,MN,69800.0,Full-time,Mortgage,33.5,0.1,21,609,Poor (<620)
BOR105823,35,UT,18000.0,Full-time,Mortgage,35.9,1.2,19,623,Fair (620-679)
BOR105824,54,WA,44100.0,Retired,Rent,40.4,1.6,32,591,Poor (<620)
BOR105825,36,TX,43100.0,Retired,Mortgage,29.0,3.5,19,739,Good (680-739)
BOR105826,34,OH,45300.0,Full-time,Rent,39.9,1.9,12,655,Fair (620-679)
BOR105827,27,PA,47300.0,Part-time,Own,16.9,2.1,7,742,Very Good (740-799)
BOR105828,31,NV,32100.0,Full-time,Rent,33.5,0.8,10,689,Good (680-739)
BOR105829,32,TX,23200.0,Part-time,Rent,12.1,0.4,12,661,Fair (620-679)
BOR105830,48,UT,51400.0,Part-time,Mortgage,28.7,0.1,29,604,Poor (<620)
BOR105831,29,MA,29800.0,Full-time,Mortgage,56.0,3.3,12,700,Good (680-739)
BOR105832,19,WA,55900.0,Full-time,Own,33.7,0.7,1,666,Fair (620-679)
BOR105833,45,NV,30600.0,Full-time,Rent,26.2,15.0,25,739,Good (680-739)
BOR105834,33,CA,63700.0,Full-time,Mortgage,36.1,0.7,10,633,Fair (620-679)
BOR105835,41,MN,45500.0,Full-time,Rent,30.5,2.2,23,720,Good (680-739)
BOR105836,56,FL,46900.0,Self-employed,Rent,19.8,2.2,38,787,Very Good (740-799)
BOR105837,42,NV,41700.0,Full-time,Mortgage,12.6,0.2,26,698,Good (680-739)
BOR105838,59,AZ,38800.0,Full-time,Mortgage,30.9,5.8,40,731,Good (680-739)
BOR105839,40,TX,42000.0,Full-time,Own,29.1,3.9,20,717,Good (680-739)
BOR105840,53,NV,79400.0,Full-time,Mortgage,28.5,3.1,33,803,Exceptional (800+)
BOR105841,34,CA,23400.0,Full-time,Rent,39.4,1.3,13,704,Good (680-739)
BOR105842,42,NY,34800.0,Full-time,Own,44.9,1.7,20,725,Good (680-739)
BOR105843,30,MN,75000.0,Full-time,Rent,38.4,0.2,12,678,Fair (620-679)
BOR105844,31,VA,67400.0,Full-time,Mortgage,27.8,4.8,15,630,Fair (620-679)
BOR105845,38,LA,85400.0,Full-time,Mortgage,32.5,3.4,16,601,Poor (<620)
BOR105846,25,TN,45400.0,Full-time,Own,42.3,2.7,4,762,Very Good (740-799)
BOR105847,43,TN,25800.0,Self-employed,Rent,40.1,0.4,27,614,Poor (<620)
BOR105848,37,GA,28300.0,Self-employed,Rent,37.1,5.4,16,728,Good (680-739)
BOR105849,44,NY,40800.0,Self-employed,Own,26.5,2.8,26,707,Good (680-739)
BOR105850,25,UT,65700.0,Self-employed,Rent,42.4,4.2,3,740,Very Good (740-799)
BOR105851,49,FL,41600.0,Full-time,Mortgage,45.5,1.6,30,647,Fair (620-679)
BOR105852,61,AZ,40200.0,Part-time,Own,40.2,0.1,43,629,Fair (620-679)
BOR105853,59,OH,55700.0,Part-time,Mortgage,61.4,5.0,40,705,Good (680-739)
BOR105854,64,OH,47200.0,Self-employed,Mortgage,39.5,5.8,45,661,Fair (620-679)
BOR105855,42,TN,38200.0,Self-employed,Rent,43.5,2.4,22,600,Poor (<620)
BOR105856,37,MN,29700.0,Full-time,Mortgage,38.4,0.2,16,806,Exceptional (800+)
BOR105857,47,MN,71400.0,Full-time,Rent,30.7,16.4,29,629,Fair (620-679)
BOR105858,38,LA,74700.0,Self-employed,Other,20.2,1.0,19,615,Poor (<620)
BOR105859,20,GA,29000.0,Full-time,Mortgage,24.3,20.0,3,664,Fair (620-679)
BOR105860,51,VA,38900.0,Full-time,Rent,24.4,3.6,28,761,Very Good (740-799)
BOR105861,38,CA,63000.0,Unemployed,Other,19.9,6.3,15,539,Poor (<620)
BOR105862,23,WI,27900.0,Retired,Own,29.1,1.4,6,756,Very Good (740-799)
BOR105863,35,GA,55000.0,Full-time,Own,32.0,2.4,19,621,Fair (620-679)
BOR105864,38,AZ,40300.0,Full-time,Mortgage,43.9,3.9,20,697,Good (680-739)
BOR105865,41,PA,27000.0,Full-time,Mortgage,19.9,0.1,25,636,Fair (620-679)
BOR105866,41,NV,103800.0,Full-time,Rent,40.9,6.6,22,809,Exceptional (800+)
BOR105867,57,NV,40000.0,Full-time,Mortgage,34.7,5.6,37,688,Good (680-739)
BOR105868,26,LA,59000.0,Full-time,Mortgage,35.8,0.2,6,634,Fair (620-679)
BOR105869,39,TX,28200.0,Self-employed,Mortgage,31.0,0.1,22,660,Fair (620-679)
BOR105870,30,NH,93800.0,Full-time,Mortgage,52.9,1.9,7,686,Good (680-739)
BOR105871,56,OH,112000.0,Full-time,Rent,24.1,2.2,35,692,Good (680-739)
BOR105872,34,GA,23700.0,Full-time,Rent,26.4,8.9,11,709,Good (680-739)
BOR105873,37,OH,43300.0,Full-time,Rent,33.2,0.1,16,680,Good (680-739)
BOR105874,54,OH,84800.0,Self-employed,Own,36.0,0.4,36,590,Poor (<620)
BOR105875,57,AZ,37800.0,Full-time,Rent,34.2,1.0,37,658,Fair (620-679)
BOR105876,59,OH,56100.0,Full-time,Other,31.5,2.0,43,719,Good (680-739)
BOR105877,21,MI,21900.0,Full-time,Other,37.3,2.8,3,636,Fair (620-679)
BOR105878,47,IN,32700.0,Full-time,Other,38.0,2.2,25,724,Good (680-739)
BOR105879,44,NV,53500.0,Full-time,Rent,31.6,7.4,23,682,Good (680-739)
BOR105880,40,MD,35800.0,Retired,Rent,50.4,4.0,22,666,Fair (620-679)
BOR105881,42,TN,39600.0,Self-employed,Own,36.4,1.3,22,758,Very Good (740-799)
BOR105882,56,NY,23600.0,Retired,Mortgage,29.2,0.6,39,567,Poor (<620)
BOR105883,53,NV,62600.0,Full-time,Rent,44.4,12.4,35,636,Fair (620-679)
BOR105884,52,CA,25500.0,Full-time,Mortgage,11.7,3.0,34,760,Very Good (740-799)
BOR105885,43,OH,93300.0,Unemployed,Rent,20.7,7.4,27,799,Very Good (740-799)
BOR105886,68,TX,34300.0,Part-time,Rent,30.0,0.8,48,829,Exceptional (800+)
BOR105887,36,MO,66900.0,Full-time,Rent,20.2,9.3,19,683,Good (680-739)
BOR105888,22,NC,64000.0,Part-time,Mortgage,40.0,2.2,2,710,Good (680-739)
BOR105889,38,IN,29900.0,Full-time,Rent,39.7,6.3,18,733,Good (680-739)
BOR105890,42,NC,36000.0,Full-time,Mortgage,48.3,0.2,24,763,Very Good (740-799)
BOR105891,57,NJ,38000.0,Self-employed,Rent,26.2,11.5,38,700,Good (680-739)
BOR105892,35,NJ,39100.0,Retired,Own,37.7,8.7,17,740,Very Good (740-799)
BOR105893,47,TX,26000.0,Self-employed,Rent,44.8,2.3,26,710,Good (680-739)
BOR105894,23,NJ,59300.0,Self-employed,Rent,33.6,1.7,3,714,Good (680-739)
BOR105895,54,IN,34200.0,Full-time,Other,41.9,1.2,38,620,Fair (620-679)
BOR105896,42,AZ,44300.0,Full-time,Own,31.0,2.8,20,659,Fair (620-679)
BOR105897,38,TX,73300.0,Full-time,Rent,45.1,11.7,15,646,Fair (620-679)
BOR105898,67,MO,60300.0,Full-time,Mortgage,24.4,1.7,48,603,Poor (<620)
BOR105899,54,GA,35300.0,Full-time,Mortgage,16.5,0.5,34,573,Poor (<620)
BOR105900,29,CA,74500.0,Full-time,Mortgage,28.2,1.3,8,652,Fair (620-679)
BOR105901,40,PA,62900.0,Full-time,Rent,31.1,2.7,23,663,Fair (620-679)
BOR105902,74,WA,33900.0,Full-time,Rent,36.4,1.0,53,687,Good (680-739)
BOR105903,65,GA,37000.0,Part-time,Rent,36.5,4.4,48,716,Good (680-739)
BOR105904,52,MD,73100.0,Self-employed,Mortgage,24.9,3.9,36,692,Good (680-739)
BOR105905,19,OH,66200.0,Full-time,Mortgage,22.0,1.0,1,663,Fair (620-679)
BOR105906,57,MN,23700.0,Self-employed,Mortgage,48.3,0.7,35,621,Fair (620-679)
BOR105907,33,GA,29700.0,Full-time,Own,30.6,2.2,17,737,Good (680-739)
BOR105908,57,TN,63800.0,Full-time,Rent,27.2,5.1,41,673,Fair (620-679)
BOR105909,32,MN,27500.0,Self-employed,Own,35.2,0.4,16,652,Fair (620-679)
BOR105910,47,MI,67000.0,Self-employed,Rent,22.3,2.8,24,668,Fair (620-679)
BOR105911,33,TX,111400.0,Full-time,Mortgage,24.9,2.1,11,632,Fair (620-679)
BOR105912,37,AZ,55200.0,Self-employed,Own,39.9,14.2,14,646,Fair (620-679)
BOR105913,48,NH,30800.0,Self-employed,Mortgage,21.9,9.9,25,643,Fair (620-679)
BOR105914,25,UT,50500.0,Full-time,Own,18.7,2.6,3,661,Fair (620-679)
BOR105915,69,IL,74300.0,Full-time,Rent,28.4,1.8,50,723,Good (680-739)
BOR105916,29,CO,48800.0,Self-employed,Rent,34.6,5.2,7,706,Good (680-739)
BOR105917,28,NC,58000.0,Full-time,Rent,45.7,1.7,12,781,Very Good (740-799)
BOR105918,49,PA,32500.0,Full-time,Mortgage,35.4,1.3,32,759,Very Good (740-799)
BOR105919,57,IN,33700.0,Full-time,Own,37.2,2.7,36,807,Exceptional (800+)
BOR105920,37,WA,70100.0,Full-time,Mortgage,21.8,1.7,21,716,Good (680-739)
BOR105921,28,AZ,33800.0,Full-time,Rent,33.9,7.0,10,715,Good (680-739)
BOR105922,30,NV,18000.0,Full-time,Rent,20.8,3.9,12,648,Fair (620-679)
BOR105923,29,NC,40600.0,Full-time,Rent,41.2,0.4,6,734,Good (680-739)
BOR105924,45,MO,53700.0,Self-employed,Own,33.1,1.8,28,637,Fair (620-679)
BOR105925,40,NC,75100.0,Full-time,Rent,31.5,7.6,17,584,Poor (<620)
BOR105926,46,TX,97800.0,Full-time,Rent,37.1,4.8,24,779,Very Good (740-799)
BOR105927,45,MI,48400.0,Part-time,Mortgage,27.1,2.9,22,599,Poor (<620)
BOR105928,51,UT,62700.0,Full-time,Mortgage,27.1,4.6,29,709,Good (680-739)
BOR105929,36,VA,49200.0,Full-time,Mortgage,22.5,3.6,20,623,Fair (620-679)
BOR105930,32,FL,54700.0,Full-time,Mortgage,49.8,12.2,16,753,Very Good (740-799)
BOR105931,43,MD,42900.0,Full-time,Mortgage,29.7,12.0,20,762,Very Good (740-799)
BOR105932,40,UT,55500.0,Full-time,Rent,28.8,4.5,21,714,Good (680-739)
BOR105933,44,MS,33600.0,Part-time,Own,38.9,1.7,23,761,Very Good (740-799)
BOR105934,32,MA,113700.0,Self-employed,Rent,32.1,0.3,9,680,Good (680-739)
BOR105935,49,MI,18000.0,Full-time,Mortgage,8.8,0.2,33,825,Exceptional (800+)
BOR105936,27,MA,60300.0,Full-time,Own,52.2,7.5,9,729,Good (680-739)
BOR105937,36,NV,53800.0,Part-time,Rent,27.2,4.8,15,621,Fair (620-679)
BOR105938,55,LA,55100.0,Self-employed,Mortgage,23.6,1.8,35,685,Good (680-739)
BOR105939,27,NV,27400.0,Full-time,Own,30.4,2.8,4,670,Fair (620-679)
BOR105940,54,NJ,21900.0,Self-employed,Rent,26.8,5.5,35,664,Fair (620-679)
BOR105941,24,FL,61200.0,Unemployed,Mortgage,27.0,3.3,6,572,Poor (<620)
BOR105942,22,AZ,85300.0,Full-time,Mortgage,33.2,1.6,4,705,Good (680-739)
BOR105943,23,PA,51500.0,Full-time,Mortgage,13.4,3.9,2,590,Poor (<620)
BOR105944,42,TX,67000.0,Part-time,Rent,39.3,1.6,25,516,Poor (<620)
BOR105945,50,WA,37900.0,Full-time,Rent,41.5,2.6,32,658,Fair (620-679)
BOR105946,57,IN,54100.0,Full-time,Mortgage,15.1,0.9,38,631,Fair (620-679)
BOR105947,56,NV,80900.0,Self-employed,Rent,36.6,1.7,35,624,Fair (620-679)
BOR105948,51,MN,40500.0,Part-time,Rent,23.4,1.1,35,500,Poor (<620)
BOR105949,31,LA,79500.0,Full-time,Rent,27.6,4.0,11,625,Fair (620-679)
BOR105950,31,CO,22300.0,Full-time,Own,35.5,3.7,12,669,Fair (620-679)
BOR105951,50,MD,35400.0,Full-time,Rent,40.7,8.8,33,639,Fair (620-679)
BOR105952,58,CA,59600.0,Part-time,Own,35.3,7.8,40,705,Good (680-739)
BOR105953,29,TN,109800.0,Self-employed,Mortgage,18.1,4.1,13,771,Very Good (740-799)
BOR105954,57,FL,46900.0,Self-employed,Rent,32.6,12.9,34,714,Good (680-739)
BOR105955,19,TX,29300.0,Full-time,Mortgage,36.9,0.5,1,747,Very Good (740-799)
BOR105956,46,PA,108700.0,Self-employed,Own,24.3,5.0,24,752,Very Good (740-799)
BOR105957,40,NV,44100.0,Part-time,Rent,23.5,9.9,23,614,Poor (<620)
BOR105958,39,WI,62900.0,Full-time,Mortgage,31.3,2.4,20,709,Good (680-739)
BOR105959,41,NM,40100.0,Full-time,Rent,37.7,7.2,22,745,Very Good (740-799)
BOR105960,31,NH,49700.0,Full-time,Rent,26.3,1.4,15,652,Fair (620-679)
BOR105961,46,LA,36200.0,Full-time,Mortgage,34.4,2.4,23,629,Fair (620-679)
BOR105962,42,NY,128800.0,Full-time,Rent,19.4,3.7,26,714,Good (680-739)
BOR105963,52,LA,79700.0,Full-time,Rent,34.7,10.7,30,584,Poor (<620)
BOR105964,60,NV,103300.0,Full-time,Rent,13.8,10.3,43,609,Poor (<620)
BOR105965,43,LA,32700.0,Full-time,Own,35.1,6.9,22,637,Fair (620-679)
BOR105966,31,NY,20500.0,Full-time,Rent,40.8,0.5,8,709,Good (680-739)
BOR105967,27,FL,40900.0,Part-time,Rent,30.3,7.3,9,694,Good (680-739)
BOR105968,61,MS,144700.0,Full-time,Other,37.6,15.6,43,747,Very Good (740-799)
BOR105969,60,PA,40300.0,Part-time,Rent,34.5,2.8,44,620,Fair (620-679)
BOR105970,52,NC,74900.0,Full-time,Mortgage,18.2,3.6,29,617,Poor (<620)
BOR105971,42,NJ,29400.0,Self-employed,Rent,20.2,2.8,25,714,Good (680-739)
BOR105972,51,NY,32100.0,Part-time,Mortgage,28.4,3.1,29,628,Fair (620-679)
BOR105973,57,CA,45000.0,Part-time,Rent,30.5,1.5,34,641,Fair (620-679)
BOR105974,34,NH,120500.0,Part-time,Own,24.2,14.5,13,559,Poor (<620)
BOR105975,41,LA,76500.0,Full-time,Mortgage,19.8,0.8,20,699,Good (680-739)
BOR105976,28,MS,18500.0,Full-time,Rent,5.0,3.2,12,780,Very Good (740-799)
BOR105977,39,GA,62900.0,Self-employed,Own,48.7,3.8,20,613,Poor (<620)
BOR105978,60,IL,27800.0,Full-time,Rent,49.0,2.5,39,746,Very Good (740-799)
BOR105979,54,NJ,34300.0,Full-time,Own,23.6,0.8,31,676,Fair (620-679)
BOR105980,43,NJ,58700.0,Full-time,Rent,17.6,5.8,25,565,Poor (<620)
BOR105981,19,CA,87500.0,Full-time,Rent,46.5,7.4,1,622,Fair (620-679)
BOR105982,33,MN,85600.0,Retired,Own,10.8,0.7,17,618,Poor (<620)
BOR105983,42,NH,54100.0,Part-time,Rent,42.3,7.5,23,659,Fair (620-679)
BOR105984,38,WA,54500.0,Full-time,Own,38.4,2.9,18,707,Good (680-739)
BOR105985,41,MI,85500.0,Full-time,Rent,28.5,0.7,24,800,Exceptional (800+)
BOR105986,44,MI,22900.0,Part-time,Other,45.9,3.3,21,587,Poor (<620)
BOR105987,35,FL,106100.0,Full-time,Rent,25.4,2.0,19,648,Fair (620-679)
BOR105988,41,OH,33500.0,Full-time,Rent,40.4,0.9,19,622,Fair (620-679)
BOR105989,39,WA,52400.0,Full-time,Rent,29.5,0.9,18,598,Poor (<620)
BOR105990,33,NJ,37300.0,Retired,Other,19.8,5.5,11,686,Good (680-739)
BOR105991,63,AZ,27700.0,Full-time,Rent,52.4,6.9,47,680,Good (680-739)
BOR105992,35,NV,57400.0,Full-time,Rent,24.9,4.1,12,562,Poor (<620)
BOR105993,19,IL,51900.0,Full-time,Other,27.7,3.2,3,681,Good (680-739)
BOR105994,62,CA,44500.0,Self-employed,Mortgage,40.1,12.0,39,602,Poor (<620)
BOR105995,31,TX,43500.0,Full-time,Mortgage,44.4,0.4,8,681,Good (680-739)
BOR105996,52,NY,92700.0,Full-time,Rent,18.8,0.2,35,763,Very Good (740-799)
BOR105997,33,MA,125100.0,Full-time,Rent,46.4,5.0,13,710,Good (680-739)
BOR105998,48,NV,81900.0,Retired,Own,31.9,0.3,27,692,Good (680-739)
BOR105999,40,LA,52800.0,Full-time,Mortgage,31.1,2.3,17,646,Fair (620-679)
BOR106000,53,TN,22300.0,Full-time,Rent,30.3,0.4,36,684,Good (680-739)
BOR106001,38,NJ,61800.0,Full-time,Own,31.8,3.3,21,717,Good (680-739)
BOR106002,33,PA,63100.0,Full-time,Rent,16.4,0.6,13,710,Good (680-739)
BOR106003,44,NJ,66000.0,Retired,Mortgage,36.1,1.5,21,674,Fair (620-679)
BOR106004,36,NC,27900.0,Full-time,Mortgage,34.0,7.2,16,694,Good (680-739)
BOR106005,19,LA,68400.0,Full-time,Rent,28.3,0.0,1,594,Poor (<620)
BOR106006,34,WA,94200.0,Full-time,Mortgage,34.1,0.9,12,632,Fair (620-679)
BOR106007,75,IL,30000.0,Full-time,Rent,29.9,3.5,55,726,Good (680-739)
BOR106008,19,GA,63500.0,Full-time,Rent,31.3,6.8,1,735,Good (680-739)
BOR106009,44,NY,32400.0,Self-employed,Rent,36.2,4.4,21,686,Good (680-739)
BOR106010,38,MS,44500.0,Full-time,Rent,29.7,5.9,21,776,Very Good (740-799)
BOR106011,63,TX,30400.0,Full-time,Mortgage,24.2,9.1,47,713,Good (680-739)
BOR106012,28,CA,39800.0,Full-time,Own,39.6,1.5,12,665,Fair (620-679)
BOR106013,42,PA,40000.0,Self-employed,Rent,21.2,0.4,19,601,Poor (<620)
BOR106014,49,NV,56100.0,Retired,Rent,42.5,2.7,28,774,Very Good (740-799)
BOR106015,39,WA,69600.0,Retired,Own,28.6,2.1,18,730,Good (680-739)
BOR106016,32,TN,80600.0,Full-time,Rent,40.8,3.5,14,797,Very Good (740-799)
BOR106017,41,NC,34800.0,Part-time,Mortgage,46.4,1.7,21,821,Exceptional (800+)
BOR106018,37,TX,54800.0,Full-time,Own,31.4,2.4,18,596,Poor (<620)
BOR106019,37,LA,28400.0,Full-time,Mortgage,40.7,0.5,14,597,Poor (<620)
BOR106020,52,PA,44400.0,Full-time,Rent,38.3,18.3,29,500,Poor (<620)
BOR106021,46,CA,47500.0,Part-time,Mortgage,33.8,4.0,30,740,Very Good (740-799)
BOR106022,48,MA,30800.0,Full-time,Rent,38.0,4.6,28,723,Good (680-739)
BOR106023,45,TX,60000.0,Full-time,Mortgage,29.2,24.5,25,686,Good (680-739)
BOR106024,53,FL,43500.0,Full-time,Own,48.4,1.8,32,600,Poor (<620)
BOR106025,57,MN,50000.0,Full-time,Mortgage,32.8,6.9,37,674,Fair (620-679)
BOR106026,38,WA,80900.0,Full-time,Rent,24.7,2.2,15,692,Good (680-739)
BOR106027,51,OH,38500.0,Full-time,Mortgage,27.7,8.8,34,731,Good (680-739)
BOR106028,25,NC,68400.0,Part-time,Rent,40.9,0.3,8,698,Good (680-739)
BOR106029,19,MD,89300.0,Full-time,Mortgage,22.8,1.5,1,723,Good (680-739)
BOR106030,63,TX,86800.0,Full-time,Other,50.9,1.0,42,672,Fair (620-679)
BOR106031,37,FL,42800.0,Full-time,Own,45.1,0.9,20,757,Very Good (740-799)
BOR106032,44,TN,30100.0,Full-time,Rent,19.7,1.8,26,721,Good (680-739)
BOR106033,26,TN,33900.0,Full-time,Own,39.7,2.9,9,603,Poor (<620)
BOR106034,26,UT,22800.0,Part-time,Mortgage,22.3,0.7,8,770,Very Good (740-799)
BOR106035,32,MI,63500.0,Self-employed,Rent,23.7,7.3,11,760,Very Good (740-799)
BOR106036,49,TX,65300.0,Full-time,Mortgage,27.3,2.9,32,710,Good (680-739)
BOR106037,35,AZ,49200.0,Full-time,Rent,24.6,3.0,12,698,Good (680-739)
BOR106038,37,IN,25100.0,Full-time,Rent,39.3,0.9,21,788,Very Good (740-799)
BOR106039,32,NY,39600.0,Full-time,Rent,34.5,4.8,11,574,Poor (<620)
BOR106040,55,AZ,86800.0,Self-employed,Mortgage,36.2,0.5,39,761,Very Good (740-799)
BOR106041,51,PA,61300.0,Unemployed,Other,32.0,6.4,31,649,Fair (620-679)
BOR106042,35,NV,66300.0,Full-time,Rent,26.7,3.0,19,751,Very Good (740-799)
BOR106043,49,NV,206600.0,Self-employed,Rent,26.8,0.4,30,688,Good (680-739)
BOR106044,38,NJ,54000.0,Full-time,Own,43.1,1.0,21,599,Poor (<620)
BOR106045,37,UT,18000.0,Self-employed,Mortgage,28.5,2.6,20,648,Fair (620-679)
BOR106046,40,NH,28400.0,Full-time,Rent,46.0,1.7,22,746,Very Good (740-799)
BOR106047,49,NY,53500.0,Full-time,Rent,25.6,3.8,27,666,Fair (620-679)
BOR106048,30,NC,47000.0,Self-employed,Mortgage,32.5,1.5,12,640,Fair (620-679)
BOR106049,47,TN,43200.0,Part-time,Mortgage,35.1,6.0,24,639,Fair (620-679)
BOR106050,71,TX,43500.0,Unemployed,Mortgage,43.8,4.1,49,722,Good (680-739)
BOR106051,43,MI,32800.0,Full-time,Rent,41.7,3.0,25,794,Very Good (740-799)
BOR106052,41,OH,55200.0,Retired,Mortgage,35.1,6.4,22,541,Poor (<620)
BOR106053,40,UT,87300.0,Self-employed,Mortgage,32.7,0.8,24,850,Exceptional (800+)
BOR106054,47,NJ,101700.0,Full-time,Mortgage,22.9,3.1,31,693,Good (680-739)
BOR106055,22,CO,100400.0,Full-time,Mortgage,30.1,6.0,1,718,Good (680-739)
BOR106056,61,MI,30300.0,Self-employed,Own,54.6,2.1,39,652,Fair (620-679)
BOR106057,53,NY,46200.0,Full-time,Mortgage,22.4,1.2,32,680,Good (680-739)
BOR106058,33,LA,40500.0,Full-time,Rent,26.4,1.3,12,693,Good (680-739)
BOR106059,41,CA,60900.0,Full-time,Other,18.2,2.7,24,612,Poor (<620)
BOR106060,34,TX,44900.0,Full-time,Mortgage,24.5,3.0,13,628,Fair (620-679)
BOR106061,45,NC,42100.0,Full-time,Rent,20.2,1.6,28,757,Very Good (740-799)
BOR106062,42,MD,89700.0,Full-time,Rent,19.7,7.6,19,579,Poor (<620)
BOR106063,44,NC,48700.0,Full-time,Other,35.2,0.8,26,709,Good (680-739)
BOR106064,29,TX,49300.0,Full-time,Mortgage,39.3,0.6,13,656,Fair (620-679)
BOR106065,35,GA,56200.0,Full-time,Rent,35.5,6.5,17,618,Poor (<620)
BOR106066,55,OH,63200.0,Full-time,Rent,21.8,2.9,36,808,Exceptional (800+)
BOR106067,35,CA,63400.0,Full-time,Other,15.2,4.9,17,618,Poor (<620)
BOR106068,19,AZ,93800.0,Full-time,Own,11.6,4.6,3,607,Poor (<620)
BOR106069,39,FL,26100.0,Full-time,Own,19.8,0.1,19,668,Fair (620-679)
BOR106070,70,GA,54000.0,Retired,Rent,21.7,1.5,52,630,Fair (620-679)
BOR106071,51,IN,44500.0,Full-time,Own,27.4,2.0,29,680,Good (680-739)
BOR106072,34,MD,40700.0,Part-time,Rent,34.6,3.8,15,690,Good (680-739)
BOR106073,40,OH,65600.0,Full-time,Own,28.1,5.8,20,695,Good (680-739)
BOR106074,49,NC,83600.0,Part-time,Own,47.8,0.4,32,672,Fair (620-679)
BOR106075,20,OH,35700.0,Part-time,Mortgage,55.1,7.3,3,634,Fair (620-679)
BOR106076,31,UT,99600.0,Unemployed,Rent,30.9,4.7,9,722,Good (680-739)
BOR106077,46,PA,24500.0,Full-time,Rent,12.9,0.9,29,673,Fair (620-679)
BOR106078,60,PA,60800.0,Retired,Rent,26.6,3.6,38,648,Fair (620-679)
BOR106079,36,NJ,31200.0,Self-employed,Rent,29.3,1.0,13,776,Very Good (740-799)
BOR106080,60,PA,34900.0,Retired,Rent,38.9,7.3,42,672,Fair (620-679)
BOR106081,32,PA,47900.0,Full-time,Rent,18.6,4.4,16,751,Very Good (740-799)
BOR106082,19,FL,39000.0,Full-time,Mortgage,15.8,1.5,1,760,Very Good (740-799)
BOR106083,50,IN,18000.0,Full-time,Rent,34.6,0.1,27,764,Very Good (740-799)
BOR106084,47,TN,61400.0,Retired,Other,26.5,18.5,27,725,Good (680-739)
BOR106085,50,IN,66200.0,Unemployed,Other,26.4,1.0,31,680,Good (680-739)
BOR106086,49,MN,43400.0,Retired,Own,23.2,5.8,27,676,Fair (620-679)
BOR106087,43,NC,41900.0,Full-time,Mortgage,28.0,0.1,27,664,Fair (620-679)
BOR106088,38,MS,39400.0,Self-employed,Rent,34.0,3.4,20,539,Poor (<620)
BOR106089,38,MD,21600.0,Full-time,Rent,8.0,3.8,21,727,Good (680-739)
BOR106090,35,NV,20600.0,Part-time,Mortgage,32.2,3.1,19,696,Good (680-739)
BOR106091,36,MD,66900.0,Full-time,Other,38.9,0.2,16,734,Good (680-739)
BOR106092,19,NC,75300.0,Full-time,Mortgage,36.5,9.7,1,672,Fair (620-679)
BOR106093,26,GA,61000.0,Full-time,Mortgage,53.1,0.3,9,723,Good (680-739)
BOR106094,39,NJ,55300.0,Full-time,Rent,27.6,2.2,21,590,Poor (<620)
BOR106095,19,FL,66300.0,Full-time,Rent,31.1,1.4,1,604,Poor (<620)
BOR106096,19,NJ,64400.0,Full-time,Rent,44.7,4.5,1,519,Poor (<620)
BOR106097,37,TX,32800.0,Full-time,Own,32.5,0.1,21,671,Fair (620-679)
BOR106098,39,CA,51500.0,Full-time,Own,47.1,3.1,21,630,Fair (620-679)
BOR106099,37,MS,40800.0,Full-time,Rent,40.2,1.9,19,621,Fair (620-679)
BOR106100,19,MD,41100.0,Full-time,Mortgage,33.4,10.3,1,702,Good (680-739)
BOR106101,60,AZ,77900.0,Full-time,Mortgage,31.9,0.7,42,652,Fair (620-679)
BOR106102,24,NC,94700.0,Full-time,Rent,29.7,8.0,5,587,Poor (<620)
BOR106103,31,MA,18000.0,Self-employed,Other,31.7,3.4,10,845,Exceptional (800+)
BOR106104,26,LA,41600.0,Part-time,Other,23.5,2.5,10,678,Fair (620-679)
BOR106105,57,IN,40600.0,Full-time,Other,38.8,1.4,34,610,Poor (<620)
BOR106106,46,TN,78600.0,Part-time,Own,51.1,0.6,29,636,Fair (620-679)
BOR106107,35,NJ,24300.0,Full-time,Rent,13.9,6.6,12,669,Fair (620-679)
BOR106108,34,NC,18000.0,Self-employed,Own,43.8,3.7,14,669,Fair (620-679)
BOR106109,43,MD,67500.0,Full-time,Mortgage,34.4,4.5,24,765,Very Good (740-799)
BOR106110,26,NH,71900.0,Full-time,Own,42.4,1.4,3,675,Fair (620-679)
BOR106111,46,NJ,20900.0,Self-employed,Mortgage,26.1,1.0,25,801,Exceptional (800+)
BOR106112,34,MI,44100.0,Full-time,Mortgage,30.2,2.3,13,652,Fair (620-679)
BOR106113,47,NJ,92800.0,Retired,Rent,44.7,1.1,24,708,Good (680-739)
BOR106114,47,NJ,28700.0,Self-employed,Other,31.5,4.6,29,746,Very Good (740-799)
BOR106115,34,NH,48800.0,Full-time,Own,40.2,11.2,12,758,Very Good (740-799)
BOR106116,19,MD,58600.0,Retired,Own,26.1,3.6,2,765,Very Good (740-799)
BOR106117,38,NC,24500.0,Full-time,Own,30.0,5.6,21,662,Fair (620-679)
BOR106118,24,MI,36200.0,Full-time,Rent,37.1,0.1,5,680,Good (680-739)
BOR106119,42,NJ,21800.0,Part-time,Rent,36.0,29.5,19,519,Poor (<620)
BOR106120,38,CA,43300.0,Self-employed,Rent,40.3,4.2,17,667,Fair (620-679)
BOR106121,34,WA,32700.0,Full-time,Mortgage,28.6,2.6,15,751,Very Good (740-799)
BOR106122,25,NV,51200.0,Full-time,Other,32.0,2.8,8,738,Good (680-739)
BOR106123,55,IN,62000.0,Full-time,Rent,41.7,10.4,36,674,Fair (620-679)
BOR106124,36,PA,87100.0,Full-time,Rent,46.4,0.3,15,790,Very Good (740-799)
BOR106125,69,MD,133200.0,Full-time,Mortgage,23.6,0.5,53,655,Fair (620-679)
BOR106126,41,MD,51200.0,Full-time,Rent,43.9,8.7,22,633,Fair (620-679)
BOR106127,45,OH,40400.0,Full-time,Mortgage,24.3,4.5,23,650,Fair (620-679)
BOR106128,41,TN,39400.0,Full-time,Own,34.1,3.4,25,607,Poor (<620)
BOR106129,45,TN,30200.0,Full-time,Rent,34.8,1.0,22,720,Good (680-739)
BOR106130,54,NV,57000.0,Full-time,Mortgage,27.1,0.6,33,699,Good (680-739)
BOR106131,54,NY,37300.0,Self-employed,Rent,30.2,2.2,31,720,Good (680-739)
BOR106132,20,PA,58900.0,Part-time,Rent,14.3,0.9,1,653,Fair (620-679)
BOR106133,51,WA,30600.0,Full-time,Mortgage,39.2,6.9,34,676,Fair (620-679)
BOR106134,47,TX,37800.0,Full-time,Own,29.2,0.4,25,538,Poor (<620)
BOR106135,41,NJ,56600.0,Full-time,Rent,31.6,8.6,25,704,Good (680-739)
BOR106136,62,MN,44100.0,Full-time,Own,26.3,4.0,46,686,Good (680-739)
BOR106137,62,NY,19700.0,Self-employed,Own,39.3,8.8,45,608,Poor (<620)
BOR106138,52,NJ,46300.0,Full-time,Mortgage,33.9,2.3,36,673,Fair (620-679)
BOR106139,34,NH,32500.0,Full-time,Own,20.5,3.9,16,663,Fair (620-679)
BOR106140,27,WA,79400.0,Full-time,Mortgage,30.9,7.1,11,795,Very Good (740-799)
BOR106141,50,WA,72200.0,Self-employed,Rent,21.6,9.0,32,611,Poor (<620)
BOR106142,57,AZ,18000.0,Full-time,Rent,32.2,8.4,34,702,Good (680-739)
BOR106143,19,PA,66900.0,Full-time,Mortgage,38.8,1.2,1,609,Poor (<620)
BOR106144,54,NY,55600.0,Self-employed,Mortgage,33.9,20.3,33,644,Fair (620-679)
BOR106145,38,MO,23900.0,Self-employed,Other,36.3,1.2,15,698,Good (680-739)
BOR106146,19,MI,69200.0,Full-time,Rent,42.6,0.2,1,666,Fair (620-679)
BOR106147,47,GA,26200.0,Full-time,Own,23.8,1.5,29,680,Good (680-739)
BOR106148,52,CA,78100.0,Full-time,Rent,27.6,3.6,31,702,Good (680-739)
BOR106149,37,NV,34900.0,Retired,Rent,14.0,6.3,20,648,Fair (620-679)
BOR106150,28,CA,23500.0,Part-time,Rent,28.2,8.3,5,737,Good (680-739)
BOR106151,62,CO,121100.0,Retired,Mortgage,25.9,6.7,45,660,Fair (620-679)
BOR106152,33,MI,23300.0,Full-time,Rent,38.5,8.0,10,674,Fair (620-679)
BOR106153,55,TN,32400.0,Full-time,Rent,36.6,0.5,35,703,Good (680-739)
BOR106154,23,OH,35400.0,Full-time,Rent,47.0,5.5,5,695,Good (680-739)
BOR106155,46,PA,38000.0,Self-employed,Rent,27.0,0.7,25,722,Good (680-739)
BOR106156,46,AZ,63900.0,Full-time,Mortgage,36.0,0.8,25,701,Good (680-739)
BOR106157,51,MD,47900.0,Full-time,Own,39.4,2.1,32,710,Good (680-739)
BOR106158,59,PA,73300.0,Full-time,Rent,54.9,2.5,39,659,Fair (620-679)
BOR106159,31,NJ,55100.0,Full-time,Rent,36.4,0.2,9,611,Poor (<620)
BOR106160,47,NJ,22000.0,Full-time,Rent,31.5,7.7,26,587,Poor (<620)
BOR106161,25,IL,59700.0,Full-time,Own,33.3,3.3,9,571,Poor (<620)
BOR106162,24,AZ,51800.0,Retired,Rent,36.7,0.3,3,795,Very Good (740-799)
BOR106163,34,NY,35200.0,Full-time,Own,45.7,4.9,14,536,Poor (<620)
BOR106164,46,WA,118600.0,Part-time,Other,27.7,3.6,27,758,Very Good (740-799)
BOR106165,61,FL,61300.0,Full-time,Rent,24.9,1.8,41,627,Fair (620-679)
BOR106166,63,WA,71200.0,Full-time,Own,58.2,3.1,45,757,Very Good (740-799)
BOR106167,37,GA,72400.0,Full-time,Own,20.7,0.9,14,537,Poor (<620)
BOR106168,45,NJ,38600.0,Full-time,Mortgage,40.6,2.9,25,665,Fair (620-679)
BOR106169,52,NJ,62000.0,Full-time,Mortgage,36.2,4.2,35,775,Very Good (740-799)
BOR106170,50,MS,53800.0,Full-time,Own,35.2,5.3,31,726,Good (680-739)
BOR106171,39,WA,36300.0,Full-time,Rent,19.7,3.0,21,658,Fair (620-679)
BOR106172,42,NV,26900.0,Self-employed,Own,59.1,3.4,25,554,Poor (<620)
BOR106173,40,IL,47100.0,Full-time,Other,33.8,2.6,21,594,Poor (<620)
BOR106174,38,NC,60700.0,Retired,Mortgage,26.8,2.0,20,770,Very Good (740-799)
BOR106175,37,TX,47000.0,Self-employed,Rent,18.7,1.7,17,657,Fair (620-679)
BOR106176,40,NJ,43000.0,Full-time,Rent,11.9,4.2,24,675,Fair (620-679)
BOR106177,36,MO,47200.0,Full-time,Mortgage,39.0,1.7,18,698,Good (680-739)
BOR106178,27,NV,41000.0,Retired,Mortgage,23.6,1.1,9,595,Poor (<620)
BOR106179,51,AZ,93600.0,Full-time,Rent,29.3,5.5,31,706,Good (680-739)
BOR106180,47,IN,52700.0,Full-time,Own,26.0,0.1,31,653,Fair (620-679)
BOR106181,64,PA,37500.0,Full-time,Mortgage,37.4,3.8,47,699,Good (680-739)
BOR106182,45,CA,20700.0,Full-time,Rent,35.9,0.5,25,642,Fair (620-679)
BOR106183,36,MN,42700.0,Self-employed,Mortgage,39.5,3.3,18,578,Poor (<620)
BOR106184,33,PA,36000.0,Full-time,Own,39.9,6.1,17,652,Fair (620-679)
BOR106185,42,FL,35400.0,Full-time,Mortgage,24.8,6.1,19,722,Good (680-739)
BOR106186,48,MS,71300.0,Part-time,Rent,18.5,2.7,26,706,Good (680-739)
BOR106187,38,UT,48300.0,Self-employed,Other,30.5,0.9,21,682,Good (680-739)
BOR106188,23,TN,21900.0,Retired,Mortgage,37.2,0.5,6,738,Good (680-739)
BOR106189,32,MI,61600.0,Full-time,Rent,33.1,3.6,15,667,Fair (620-679)
BOR106190,41,NV,22900.0,Full-time,Mortgage,13.3,8.6,19,684,Good (680-739)
BOR106191,50,IL,63700.0,Full-time,Rent,32.6,2.6,34,649,Fair (620-679)
BOR106192,23,NJ,37700.0,Full-time,Rent,22.0,0.6,1,742,Very Good (740-799)
BOR106193,44,NC,48500.0,Full-time,Mortgage,32.2,5.0,23,699,Good (680-739)
BOR106194,44,MS,46100.0,Self-employed,Own,41.6,4.5,28,644,Fair (620-679)
BOR106195,36,MS,43600.0,Self-employed,Rent,7.1,12.0,16,583,Poor (<620)
BOR106196,34,IN,51200.0,Full-time,Rent,47.1,17.2,13,752,Very Good (740-799)
BOR106197,32,FL,48400.0,Full-time,Rent,21.5,0.5,15,632,Fair (620-679)
BOR106198,43,VA,108200.0,Retired,Mortgage,42.0,2.3,27,685,Good (680-739)
BOR106199,55,OH,51600.0,Full-time,Own,40.4,5.8,36,833,Exceptional (800+)
BOR106200,55,LA,52100.0,Full-time,Own,29.0,3.8,38,732,Good (680-739)
BOR106201,28,NY,33900.0,Full-time,Rent,36.5,3.5,11,785,Very Good (740-799)
BOR106202,39,TX,55300.0,Full-time,Rent,25.0,0.4,18,645,Fair (620-679)
BOR106203,19,MD,29400.0,Full-time,Mortgage,14.7,1.1,1,750,Very Good (740-799)
BOR106204,42,NJ,78200.0,Part-time,Rent,43.4,1.4,19,682,Good (680-739)
BOR106205,48,NV,23900.0,Full-time,Rent,25.2,1.7,31,704,Good (680-739)
BOR106206,60,TX,31900.0,Full-time,Rent,50.0,6.9,44,811,Exceptional (800+)
BOR106207,20,MN,22400.0,Full-time,Rent,40.8,2.0,1,662,Fair (620-679)
BOR106208,28,CA,56300.0,Full-time,Rent,23.6,2.9,7,681,Good (680-739)
BOR106209,43,CA,38500.0,Full-time,Rent,37.9,6.7,25,621,Fair (620-679)
BOR106210,22,VA,63500.0,Full-time,Mortgage,37.3,1.9,3,738,Good (680-739)
BOR106211,43,IL,30100.0,Full-time,Rent,49.2,1.9,24,644,Fair (620-679)
BOR106212,48,TN,59200.0,Full-time,Rent,27.1,1.1,27,746,Very Good (740-799)
BOR106213,26,CA,60500.0,Retired,Rent,29.7,0.1,4,573,Poor (<620)
BOR106214,43,CA,51300.0,Full-time,Rent,36.3,4.2,21,716,Good (680-739)
BOR106215,26,MD,47300.0,Part-time,Mortgage,32.2,6.8,6,638,Fair (620-679)
BOR106216,58,IL,49600.0,Self-employed,Rent,18.1,0.5,39,727,Good (680-739)
BOR106217,43,IN,31000.0,Full-time,Mortgage,42.1,2.7,24,679,Fair (620-679)
BOR106218,33,CO,28700.0,Full-time,Rent,48.0,3.5,10,645,Fair (620-679)
BOR106219,26,TX,59600.0,Full-time,Other,33.5,1.9,7,655,Fair (620-679)
BOR106220,46,MN,39500.0,Self-employed,Rent,19.3,0.5,26,625,Fair (620-679)
BOR106221,57,OH,57200.0,Full-time,Mortgage,30.9,4.5,37,734,Good (680-739)
BOR106222,32,MI,93700.0,Full-time,Mortgage,22.9,0.3,10,612,Poor (<620)
BOR106223,36,TX,38000.0,Full-time,Rent,29.4,0.5,19,663,Fair (620-679)
BOR106224,32,NV,35600.0,Full-time,Mortgage,33.9,1.0,16,702,Good (680-739)
BOR106225,60,AZ,40300.0,Full-time,Rent,38.6,4.2,42,785,Very Good (740-799)
BOR106226,19,WA,47500.0,Part-time,Mortgage,46.1,7.1,3,679,Fair (620-679)
BOR106227,56,UT,61500.0,Full-time,Rent,38.3,3.5,36,664,Fair (620-679)
BOR106228,36,NC,46000.0,Full-time,Mortgage,21.4,9.2,13,698,Good (680-739)
BOR106229,40,LA,118800.0,Self-employed,Rent,38.8,23.7,23,545,Poor (<620)
BOR106230,37,MD,56400.0,Self-employed,Own,29.1,0.6,21,602,Poor (<620)
BOR106231,44,MS,66300.0,Full-time,Other,30.3,0.5,24,656,Fair (620-679)
BOR106232,32,MS,45900.0,Part-time,Rent,31.9,1.9,9,634,Fair (620-679)
BOR106233,54,NH,73500.0,Self-employed,Rent,33.4,7.1,36,576,Poor (<620)
BOR106234,54,NY,42500.0,Full-time,Own,42.1,7.7,38,736,Good (680-739)
BOR106235,29,MN,34900.0,Full-time,Rent,37.0,0.0,8,697,Good (680-739)
BOR106236,49,NV,70100.0,Full-time,Mortgage,20.1,1.4,26,689,Good (680-739)
BOR106237,37,IN,45400.0,Full-time,Mortgage,17.0,1.1,21,635,Fair (620-679)
BOR106238,42,OH,52100.0,Full-time,Mortgage,38.5,0.8,22,685,Good (680-739)
BOR106239,59,UT,72500.0,Self-employed,Rent,37.4,2.8,39,713,Good (680-739)
BOR106240,33,PA,49600.0,Self-employed,Rent,44.6,14.3,15,663,Fair (620-679)
BOR106241,52,WA,43600.0,Full-time,Mortgage,31.0,0.2,30,709,Good (680-739)
BOR106242,46,WA,36600.0,Self-employed,Rent,34.8,2.5,28,628,Fair (620-679)
BOR106243,39,PA,75200.0,Retired,Own,36.8,0.6,21,686,Good (680-739)
BOR106244,45,MD,40000.0,Part-time,Rent,16.5,3.5,26,754,Very Good (740-799)
BOR106245,44,FL,45600.0,Retired,Rent,15.9,2.3,22,760,Very Good (740-799)
BOR106246,27,MD,53100.0,Retired,Other,39.4,1.9,11,766,Very Good (740-799)
BOR106247,34,NV,53000.0,Full-time,Mortgage,35.7,0.8,16,699,Good (680-739)
BOR106248,28,NC,73600.0,Retired,Rent,45.5,4.6,6,682,Good (680-739)
BOR106249,38,MD,45200.0,Unemployed,Rent,50.4,0.9,16,651,Fair (620-679)
BOR106250,57,PA,86600.0,Full-time,Rent,29.0,4.7,35,563,Poor (<620)
BOR106251,48,NV,41700.0,Full-time,Rent,28.5,1.3,26,593,Poor (<620)
BOR106252,24,UT,55100.0,Full-time,Mortgage,18.4,4.9,7,669,Fair (620-679)
BOR106253,38,PA,42900.0,Full-time,Rent,37.2,0.5,22,673,Fair (620-679)
BOR106254,44,MD,119600.0,Full-time,Other,11.4,2.1,27,772,Very Good (740-799)
BOR106255,50,WA,39800.0,Full-time,Mortgage,22.3,3.7,32,765,Very Good (740-799)
BOR106256,33,AZ,41500.0,Full-time,Rent,35.1,0.1,14,635,Fair (620-679)
BOR106257,26,MD,49100.0,Full-time,Mortgage,25.4,0.4,3,733,Good (680-739)
BOR106258,40,WA,41400.0,Full-time,Mortgage,31.5,6.5,17,649,Fair (620-679)
BOR106259,48,TN,53700.0,Part-time,Mortgage,29.9,0.7,32,724,Good (680-739)
BOR106260,44,IL,81100.0,Retired,Own,20.9,1.0,27,732,Good (680-739)
BOR106261,30,MI,49800.0,Full-time,Rent,11.3,0.1,13,761,Very Good (740-799)
BOR106262,62,LA,50700.0,Full-time,Rent,39.0,2.4,40,648,Fair (620-679)
BOR106263,40,FL,42100.0,Full-time,Mortgage,30.2,0.7,24,746,Very Good (740-799)
BOR106264,43,TN,37100.0,Full-time,Own,35.4,10.1,24,558,Poor (<620)
BOR106265,33,PA,48700.0,Full-time,Mortgage,31.4,0.1,15,764,Very Good (740-799)
BOR106266,54,NV,46800.0,Full-time,Rent,31.2,15.9,32,678,Fair (620-679)
BOR106267,48,MA,79100.0,Full-time,Mortgage,33.6,1.3,28,680,Good (680-739)
BOR106268,45,NJ,30300.0,Full-time,Rent,30.1,1.7,24,548,Poor (<620)
BOR106269,27,OH,89700.0,Self-employed,Mortgage,28.6,15.7,9,655,Fair (620-679)
BOR106270,54,NJ,43600.0,Full-time,Rent,21.9,0.8,32,768,Very Good (740-799)
BOR106271,50,UT,49900.0,Self-employed,Rent,56.8,0.2,27,652,Fair (620-679)
BOR106272,53,WA,28900.0,Full-time,Rent,42.1,8.5,31,726,Good (680-739)
BOR106273,41,VA,60000.0,Full-time,Rent,46.9,2.0,22,682,Good (680-739)
BOR106274,40,WI,30300.0,Full-time,Rent,44.7,3.9,24,749,Very Good (740-799)
BOR106275,39,MI,55200.0,Full-time,Own,29.2,6.4,19,692,Good (680-739)
BOR106276,68,NJ,52800.0,Retired,Rent,30.2,0.9,48,619,Poor (<620)
BOR106277,34,NC,40300.0,Full-time,Mortgage,32.0,0.5,17,684,Good (680-739)
BOR106278,27,NY,18400.0,Full-time,Other,28.4,0.0,11,784,Very Good (740-799)
BOR106279,37,MD,123300.0,Self-employed,Rent,40.8,9.3,16,712,Good (680-739)
BOR106280,35,LA,29000.0,Full-time,Rent,23.9,1.4,13,672,Fair (620-679)
BOR106281,56,MS,52700.0,Full-time,Rent,21.3,9.0,38,827,Exceptional (800+)
BOR106282,25,LA,33600.0,Full-time,Own,19.0,16.1,5,755,Very Good (740-799)
BOR106283,34,NJ,74700.0,Self-employed,Mortgage,28.8,0.3,11,733,Good (680-739)
BOR106284,43,GA,39300.0,Self-employed,Mortgage,27.3,0.4,23,701,Good (680-739)
BOR106285,56,IN,33200.0,Full-time,Own,25.8,0.9,34,727,Good (680-739)
BOR106286,50,UT,61000.0,Full-time,Rent,32.8,14.4,28,730,Good (680-739)
BOR106287,60,MD,26300.0,Part-time,Mortgage,20.3,0.9,44,538,Poor (<620)
BOR106288,45,WA,38700.0,Full-time,Own,39.4,6.4,24,706,Good (680-739)
BOR106289,39,MD,63600.0,Full-time,Own,21.0,7.4,20,670,Fair (620-679)
BOR106290,51,MN,91900.0,Full-time,Own,20.3,1.3,34,648,Fair (620-679)
BOR106291,25,MS,30200.0,Full-time,Mortgage,25.6,1.0,6,667,Fair (620-679)
BOR106292,20,CO,35400.0,Part-time,Rent,30.6,3.5,3,579,Poor (<620)
BOR106293,53,NJ,54600.0,Full-time,Mortgage,40.6,2.9,33,563,Poor (<620)
BOR106294,44,OH,19000.0,Full-time,Rent,31.3,4.8,26,761,Very Good (740-799)
BOR106295,53,WA,85900.0,Full-time,Mortgage,16.0,11.5,31,710,Good (680-739)
BOR106296,31,NC,29700.0,Full-time,Mortgage,36.9,0.1,9,523,Poor (<620)
BOR106297,56,NM,38300.0,Self-employed,Mortgage,36.7,13.9,34,643,Fair (620-679)
BOR106298,49,WA,52400.0,Full-time,Own,26.2,6.1,28,737,Good (680-739)
BOR106299,41,VA,47700.0,Full-time,Other,33.7,8.4,21,662,Fair (620-679)
BOR106300,43,NC,30200.0,Self-employed,Rent,46.3,1.9,22,761,Very Good (740-799)
BOR106301,45,IN,101200.0,Full-time,Mortgage,23.4,2.1,24,748,Very Good (740-799)
BOR106302,31,WA,18000.0,Self-employed,Other,41.6,2.8,11,592,Poor (<620)
BOR106303,36,NY,28100.0,Self-employed,Rent,44.7,2.4,18,671,Fair (620-679)
BOR106304,45,LA,35000.0,Part-time,Rent,33.8,0.1,23,651,Fair (620-679)
BOR106305,36,NC,30400.0,Full-time,Mortgage,19.7,2.9,20,590,Poor (<620)
BOR106306,23,NJ,80700.0,Full-time,Mortgage,45.1,0.3,6,585,Poor (<620)
BOR106307,45,IL,22100.0,Full-time,Mortgage,41.2,1.7,29,628,Fair (620-679)
BOR106308,51,AZ,94000.0,Full-time,Mortgage,37.5,4.2,33,638,Fair (620-679)
BOR106309,54,MD,41100.0,Full-time,Other,31.5,3.0,38,698,Good (680-739)
BOR106310,47,LA,25300.0,Full-time,Own,43.6,2.7,29,748,Very Good (740-799)
BOR106311,51,TX,18100.0,Full-time,Own,23.5,5.5,30,713,Good (680-739)
BOR106312,53,NH,42300.0,Full-time,Rent,40.6,5.0,35,729,Good (680-739)
BOR106313,42,MD,34000.0,Full-time,Rent,28.8,3.3,25,663,Fair (620-679)
BOR106314,19,GA,51900.0,Full-time,Rent,15.2,3.6,1,719,Good (680-739)
BOR106315,55,PA,38100.0,Part-time,Mortgage,22.0,0.3,34,670,Fair (620-679)
BOR106316,30,GA,71700.0,Retired,Mortgage,36.0,2.0,14,651,Fair (620-679)
BOR106317,27,LA,43700.0,Full-time,Own,34.2,3.3,11,803,Exceptional (800+)
BOR106318,28,GA,38500.0,Retired,Rent,36.4,2.4,5,529,Poor (<620)
BOR106319,71,VA,72300.0,Full-time,Mortgage,28.3,7.5,49,558,Poor (<620)
BOR106320,46,MD,51700.0,Part-time,Rent,34.1,3.3,23,705,Good (680-739)
BOR106321,29,LA,66100.0,Full-time,Mortgage,38.3,3.4,8,663,Fair (620-679)
BOR106322,33,IN,78200.0,Full-time,Rent,55.6,4.1,10,587,Poor (<620)
BOR106323,41,CO,40900.0,Full-time,Rent,28.1,1.1,22,611,Poor (<620)
BOR106324,48,PA,47400.0,Self-employed,Rent,42.2,11.1,30,620,Fair (620-679)
BOR106325,44,LA,68200.0,Full-time,Rent,38.5,7.5,22,738,Good (680-739)
BOR106326,30,OH,18000.0,Full-time,Own,33.2,9.0,7,759,Very Good (740-799)
BOR106327,45,NY,44500.0,Part-time,Own,19.0,2.3,24,787,Very Good (740-799)
BOR106328,34,NH,42100.0,Full-time,Rent,45.9,6.9,11,577,Poor (<620)
BOR106329,54,PA,55200.0,Full-time,Own,34.5,1.3,32,591,Poor (<620)
BOR106330,42,NY,32500.0,Full-time,Rent,26.1,1.3,25,587,Poor (<620)
BOR106331,32,TN,76300.0,Full-time,Mortgage,23.2,3.0,11,764,Very Good (740-799)
BOR106332,49,GA,33500.0,Full-time,Mortgage,34.6,6.6,31,707,Good (680-739)
BOR106333,46,NY,37900.0,Full-time,Mortgage,22.6,0.9,30,685,Good (680-739)
BOR106334,35,TN,34600.0,Full-time,Rent,26.3,0.4,17,695,Good (680-739)
BOR106335,50,CO,81100.0,Self-employed,Rent,26.1,3.2,30,676,Fair (620-679)
BOR106336,49,MN,18200.0,Part-time,Rent,32.5,5.1,33,607,Poor (<620)
BOR106337,55,PA,104200.0,Full-time,Rent,38.0,7.1,35,713,Good (680-739)
BOR106338,50,AZ,90500.0,Full-time,Rent,28.8,5.7,31,668,Fair (620-679)
BOR106339,38,NV,36200.0,Self-employed,Own,29.9,4.5,16,602,Poor (<620)
BOR106340,21,PA,74000.0,Retired,Rent,33.1,0.2,1,717,Good (680-739)
BOR106341,43,IL,49400.0,Unemployed,Mortgage,24.5,1.9,26,652,Fair (620-679)
BOR106342,45,CA,98100.0,Part-time,Rent,26.1,6.0,23,695,Good (680-739)
BOR106343,42,WA,71500.0,Retired,Rent,27.3,3.0,25,672,Fair (620-679)
BOR106344,19,PA,125100.0,Full-time,Rent,34.9,2.8,1,738,Good (680-739)
BOR106345,49,MD,23100.0,Full-time,Rent,48.1,0.3,33,694,Good (680-739)
BOR106346,30,UT,50800.0,Full-time,Rent,19.5,11.0,10,623,Fair (620-679)
BOR106347,49,IL,21500.0,Full-time,Mortgage,34.4,2.9,30,701,Good (680-739)
BOR106348,61,IN,36900.0,Full-time,Own,29.7,3.7,42,703,Good (680-739)
BOR106349,38,IL,128300.0,Full-time,Rent,30.3,18.6,22,713,Good (680-739)
BOR106350,46,CA,57600.0,Full-time,Rent,27.1,4.6,27,747,Very Good (740-799)
BOR106351,41,CO,72600.0,Full-time,Mortgage,43.4,4.9,21,640,Fair (620-679)
BOR106352,47,NJ,58800.0,Self-employed,Own,7.7,3.4,31,723,Good (680-739)
BOR106353,42,NM,57100.0,Part-time,Rent,20.6,7.7,25,568,Poor (<620)
BOR106354,35,AZ,36900.0,Full-time,Own,42.9,0.9,17,672,Fair (620-679)
BOR106355,30,PA,33900.0,Full-time,Mortgage,43.6,4.5,13,662,Fair (620-679)
BOR106356,60,NJ,36400.0,Full-time,Rent,49.6,7.8,38,774,Very Good (740-799)
BOR106357,46,PA,18000.0,Full-time,Mortgage,35.1,2.5,30,670,Fair (620-679)
BOR106358,51,LA,44900.0,Full-time,Rent,36.8,4.0,33,720,Good (680-739)
BOR106359,46,MD,51900.0,Self-employed,Rent,13.4,5.8,27,565,Poor (<620)
BOR106360,53,NC,35300.0,Retired,Mortgage,32.0,5.3,37,657,Fair (620-679)
BOR106361,30,WA,44000.0,Full-time,Mortgage,37.6,2.6,13,625,Fair (620-679)
BOR106362,42,MO,59100.0,Full-time,Own,27.1,0.4,26,841,Exceptional (800+)
BOR106363,47,MN,69400.0,Full-time,Rent,31.1,12.6,31,637,Fair (620-679)
BOR106364,57,TX,27200.0,Self-employed,Own,44.3,6.1,37,685,Good (680-739)
BOR106365,73,CA,32600.0,Full-time,Rent,46.6,2.2,55,688,Good (680-739)
BOR106366,46,FL,65400.0,Part-time,Rent,34.5,11.2,27,577,Poor (<620)
BOR106367,33,MI,60800.0,Full-time,Mortgage,31.5,6.5,12,646,Fair (620-679)
BOR106368,27,VA,85400.0,Full-time,Mortgage,39.3,1.5,4,706,Good (680-739)
BOR106369,30,NY,83800.0,Part-time,Mortgage,28.3,3.7,14,686,Good (680-739)
BOR106370,32,NJ,138200.0,Full-time,Rent,42.4,0.0,11,530,Poor (<620)
BOR106371,19,NJ,40900.0,Self-employed,Other,26.8,0.7,1,643,Fair (620-679)
BOR106372,33,FL,94900.0,Full-time,Other,39.5,4.9,16,746,Very Good (740-799)
BOR106373,50,MS,30800.0,Part-time,Own,31.8,1.9,33,718,Good (680-739)
BOR106374,42,TN,136900.0,Self-employed,Rent,25.8,3.7,26,759,Very Good (740-799)
BOR106375,38,MI,57200.0,Full-time,Rent,35.6,3.1,20,616,Poor (<620)
BOR106376,22,WA,59500.0,Full-time,Rent,28.1,7.5,1,763,Very Good (740-799)
BOR106377,54,GA,72800.0,Full-time,Rent,41.9,3.9,37,677,Fair (620-679)
BOR106378,47,LA,25300.0,Full-time,Mortgage,22.1,5.6,29,783,Very Good (740-799)
BOR106379,41,MA,28700.0,Full-time,Mortgage,34.2,2.8,23,680,Good (680-739)
BOR106380,19,WA,49100.0,Full-time,Rent,24.7,4.5,1,547,Poor (<620)
BOR106381,35,MS,54500.0,Part-time,Rent,44.0,2.2,13,735,Good (680-739)
BOR106382,46,NV,119000.0,Full-time,Own,39.1,0.8,26,651,Fair (620-679)
BOR106383,41,NV,30400.0,Full-time,Rent,31.6,0.5,20,656,Fair (620-679)
BOR106384,43,IL,93300.0,Part-time,Rent,31.8,1.4,25,586,Poor (<620)
BOR106385,49,PA,41400.0,Part-time,Own,48.8,4.7,31,785,Very Good (740-799)
BOR106386,43,MD,41100.0,Full-time,Mortgage,39.6,0.7,25,646,Fair (620-679)
BOR106387,49,VA,43300.0,Full-time,Mortgage,24.4,0.9,28,782,Very Good (740-799)
BOR106388,31,MO,40600.0,Full-time,Rent,41.3,4.8,15,652,Fair (620-679)
BOR106389,26,CO,58000.0,Self-employed,Rent,26.4,2.7,8,620,Fair (620-679)
BOR106390,47,GA,39000.0,Full-time,Other,33.5,1.0,28,766,Very Good (740-799)
BOR106391,49,GA,24700.0,Full-time,Own,11.0,0.6,30,675,Fair (620-679)
BOR106392,47,WA,41300.0,Full-time,Mortgage,40.1,2.1,26,676,Fair (620-679)
BOR106393,43,OH,57300.0,Full-time,Mortgage,25.3,3.7,23,597,Poor (<620)
BOR106394,37,MO,24800.0,Full-time,Own,29.9,0.7,21,650,Fair (620-679)
BOR106395,44,WI,60600.0,Full-time,Rent,18.1,3.2,24,708,Good (680-739)
BOR106396,46,VA,79300.0,Full-time,Rent,33.8,8.0,26,596,Poor (<620)
BOR106397,46,MD,90800.0,Full-time,Rent,32.7,0.8,27,645,Fair (620-679)
BOR106398,72,WA,54300.0,Self-employed,Rent,19.3,5.8,55,653,Fair (620-679)
BOR106399,30,MD,20700.0,Full-time,Mortgage,32.3,3.5,12,684,Good (680-739)
BOR106400,78,IL,62400.0,Full-time,Mortgage,29.3,7.2,55,776,Very Good (740-799)
BOR106401,26,WI,72100.0,Full-time,Rent,44.2,1.5,5,661,Fair (620-679)
BOR106402,46,MD,34100.0,Unemployed,Rent,24.9,3.5,27,635,Fair (620-679)
BOR106403,27,OH,45100.0,Full-time,Own,36.8,0.1,8,850,Exceptional (800+)
BOR106404,45,AZ,58000.0,Part-time,Rent,17.3,0.8,24,652,Fair (620-679)
BOR106405,53,LA,104200.0,Part-time,Rent,32.8,4.9,33,668,Fair (620-679)
BOR106406,41,OH,41600.0,Full-time,Rent,35.6,5.2,19,657,Fair (620-679)
BOR106407,53,WI,69600.0,Full-time,Mortgage,36.1,2.3,34,662,Fair (620-679)
BOR106408,36,UT,53800.0,Part-time,Mortgage,30.8,3.6,15,685,Good (680-739)
BOR106409,19,LA,51000.0,Full-time,Rent,49.3,1.8,1,740,Very Good (740-799)
BOR106410,49,NJ,84900.0,Retired,Mortgage,28.4,3.5,31,706,Good (680-739)
BOR106411,41,TN,32100.0,Part-time,Mortgage,36.8,8.3,18,750,Very Good (740-799)
BOR106412,35,NH,51700.0,Retired,Rent,28.9,6.0,14,748,Very Good (740-799)
BOR106413,36,AZ,47200.0,Full-time,Own,23.6,8.3,13,694,Good (680-739)
BOR106414,46,FL,23700.0,Full-time,Own,20.1,2.7,30,704,Good (680-739)
BOR106415,31,TX,81200.0,Retired,Own,22.9,1.4,15,752,Very Good (740-799)
BOR106416,46,MN,67700.0,Self-employed,Mortgage,38.0,5.4,27,608,Poor (<620)
BOR106417,55,NJ,47300.0,Full-time,Mortgage,45.3,4.9,36,842,Exceptional (800+)
BOR106418,66,OH,41500.0,Full-time,Rent,38.0,4.5,43,647,Fair (620-679)
BOR106419,58,NC,46600.0,Full-time,Own,28.6,0.6,40,657,Fair (620-679)
BOR106420,43,CO,64100.0,Retired,Mortgage,25.7,1.8,22,601,Poor (<620)
BOR106421,44,VA,47800.0,Full-time,Own,33.6,0.6,28,603,Poor (<620)
BOR106422,36,LA,34500.0,Full-time,Mortgage,21.6,3.4,14,743,Very Good (740-799)
BOR106423,35,WI,36900.0,Retired,Own,40.8,1.6,13,828,Exceptional (800+)
BOR106424,51,NH,46400.0,Full-time,Mortgage,35.7,1.2,32,643,Fair (620-679)
BOR106425,37,LA,30600.0,Full-time,Rent,22.3,22.8,16,703,Good (680-739)
BOR106426,45,OH,54200.0,Full-time,Rent,46.9,3.3,25,694,Good (680-739)
BOR106427,29,IN,32600.0,Full-time,Mortgage,19.9,3.5,9,745,Very Good (740-799)
BOR106428,57,CA,30300.0,Full-time,Mortgage,32.5,9.0,34,824,Exceptional (800+)
BOR106429,37,NH,196200.0,Full-time,Rent,40.3,7.9,14,779,Very Good (740-799)
BOR106430,54,OH,111600.0,Full-time,Rent,39.3,0.2,37,664,Fair (620-679)
BOR106431,33,IN,49800.0,Retired,Mortgage,25.8,15.2,12,714,Good (680-739)
BOR106432,32,NV,68400.0,Full-time,Rent,27.9,9.1,11,721,Good (680-739)
BOR106433,57,PA,73800.0,Full-time,Mortgage,22.4,2.2,34,679,Fair (620-679)
BOR106434,33,NV,45100.0,Full-time,Rent,34.2,2.0,16,609,Poor (<620)
BOR106435,22,CA,53000.0,Full-time,Rent,40.2,0.4,1,628,Fair (620-679)
BOR106436,29,NJ,41400.0,Part-time,Rent,12.9,1.8,9,755,Very Good (740-799)
BOR106437,51,VA,82000.0,Retired,Own,37.6,6.9,35,761,Very Good (740-799)
BOR106438,50,MI,82600.0,Full-time,Mortgage,27.1,16.3,33,667,Fair (620-679)
BOR106439,32,MA,94200.0,Full-time,Mortgage,31.1,5.7,16,697,Good (680-739)
BOR106440,33,MS,52600.0,Full-time,Rent,21.4,8.7,15,758,Very Good (740-799)
BOR106441,49,NC,123700.0,Full-time,Mortgage,25.8,0.7,26,569,Poor (<620)
BOR106442,57,MA,45100.0,Full-time,Mortgage,51.9,9.2,40,651,Fair (620-679)
BOR106443,40,LA,117100.0,Full-time,Mortgage,28.6,0.3,20,811,Exceptional (800+)
BOR106444,48,MN,37900.0,Part-time,Mortgage,31.9,0.2,29,699,Good (680-739)
BOR106445,51,TX,26000.0,Self-employed,Rent,22.9,1.3,33,607,Poor (<620)
BOR106446,67,NM,116100.0,Full-time,Other,57.8,10.4,49,688,Good (680-739)
BOR106447,27,TX,62800.0,Full-time,Mortgage,36.7,0.1,7,746,Very Good (740-799)
BOR106448,33,MA,58900.0,Part-time,Own,31.8,5.5,11,514,Poor (<620)
BOR106449,35,MA,39600.0,Full-time,Rent,41.2,3.7,16,691,Good (680-739)
BOR106450,51,MN,31900.0,Full-time,Mortgage,35.5,0.9,35,656,Fair (620-679)
BOR106451,38,NY,33300.0,Full-time,Mortgage,30.3,0.1,20,573,Poor (<620)
BOR106452,45,PA,49600.0,Full-time,Mortgage,30.7,4.6,28,685,Good (680-739)
BOR106453,42,CO,43600.0,Full-time,Mortgage,16.6,1.2,24,671,Fair (620-679)
BOR106454,41,NY,19500.0,Part-time,Own,28.3,6.9,20,678,Fair (620-679)
BOR106455,42,VA,99900.0,Full-time,Rent,26.9,20.4,22,657,Fair (620-679)
BOR106456,53,MD,38600.0,Part-time,Rent,35.2,7.6,30,614,Poor (<620)
BOR106457,29,IN,81400.0,Full-time,Rent,29.9,16.6,8,585,Poor (<620)
BOR106458,39,IL,33900.0,Full-time,Rent,38.9,1.9,21,635,Fair (620-679)
BOR106459,26,GA,50000.0,Self-employed,Mortgage,33.0,3.4,3,736,Good (680-739)
BOR106460,44,UT,72200.0,Full-time,Rent,23.6,0.4,21,695,Good (680-739)
BOR106461,39,NJ,67900.0,Full-time,Rent,46.9,3.0,17,676,Fair (620-679)
BOR106462,54,TX,41300.0,Full-time,Rent,28.1,3.6,38,612,Poor (<620)
BOR106463,41,IL,58600.0,Retired,Mortgage,37.5,8.5,20,656,Fair (620-679)
BOR106464,36,NC,63200.0,Full-time,Rent,18.9,1.1,16,728,Good (680-739)
BOR106465,38,NH,43600.0,Full-time,Rent,39.7,5.3,16,713,Good (680-739)
BOR106466,62,GA,28200.0,Self-employed,Rent,15.6,0.4,43,649,Fair (620-679)
BOR106467,22,CA,35200.0,Unemployed,Mortgage,51.4,2.6,6,510,Poor (<620)
BOR106468,33,WA,39300.0,Self-employed,Mortgage,38.8,0.2,10,636,Fair (620-679)
BOR106469,41,TX,47200.0,Full-time,Rent,29.8,0.0,18,649,Fair (620-679)
BOR106470,33,OH,95500.0,Full-time,Mortgage,37.7,0.8,12,621,Fair (620-679)
BOR106471,47,NH,70100.0,Full-time,Mortgage,19.3,12.1,24,653,Fair (620-679)
BOR106472,40,MD,32300.0,Full-time,Own,30.0,0.5,23,733,Good (680-739)
BOR106473,44,TX,106600.0,Full-time,Rent,39.4,6.2,27,678,Fair (620-679)
BOR106474,42,NJ,45000.0,Full-time,Mortgage,37.7,4.7,21,744,Very Good (740-799)
BOR106475,40,PA,63100.0,Part-time,Mortgage,31.9,3.3,18,582,Poor (<620)
BOR106476,26,NY,30600.0,Full-time,Rent,35.2,6.0,10,660,Fair (620-679)
BOR106477,43,MA,38000.0,Self-employed,Mortgage,42.8,1.3,24,554,Poor (<620)
BOR106478,20,WA,74400.0,Full-time,Mortgage,39.2,0.8,1,652,Fair (620-679)
BOR106479,33,WI,31400.0,Full-time,Mortgage,13.2,2.3,12,612,Poor (<620)
BOR106480,47,LA,47800.0,Full-time,Rent,31.9,0.0,29,763,Very Good (740-799)
BOR106481,55,OH,57600.0,Part-time,Mortgage,32.2,1.5,37,707,Good (680-739)
BOR106482,69,MS,29400.0,Full-time,Mortgage,19.5,5.5,50,746,Very Good (740-799)
BOR106483,36,WA,21000.0,Self-employed,Mortgage,21.4,0.4,13,652,Fair (620-679)
BOR106484,31,OH,70100.0,Self-employed,Rent,47.0,2.1,11,614,Poor (<620)
BOR106485,47,NV,169100.0,Full-time,Rent,24.7,6.4,24,612,Poor (<620)
BOR106486,63,CA,57300.0,Full-time,Mortgage,27.8,0.9,45,697,Good (680-739)
BOR106487,59,AZ,62500.0,Full-time,Rent,24.0,3.1,37,798,Very Good (740-799)
BOR106488,29,MD,31300.0,Full-time,Rent,36.1,1.1,10,707,Good (680-739)
BOR106489,39,GA,90300.0,Full-time,Rent,34.8,3.4,23,656,Fair (620-679)
BOR106490,51,LA,39400.0,Full-time,Mortgage,51.4,2.5,28,668,Fair (620-679)
BOR106491,52,OH,78700.0,Full-time,Other,26.6,0.9,36,678,Fair (620-679)
BOR106492,48,NV,61300.0,Full-time,Rent,37.2,4.2,30,812,Exceptional (800+)
BOR106493,36,TX,62000.0,Full-time,Rent,13.1,5.5,16,760,Very Good (740-799)
BOR106494,48,PA,60900.0,Unemployed,Mortgage,17.8,8.4,26,697,Good (680-739)
BOR106495,52,MI,60000.0,Part-time,Mortgage,45.3,1.1,29,687,Good (680-739)
BOR106496,30,NV,53000.0,Full-time,Rent,43.1,4.0,12,699,Good (680-739)
BOR106497,57,NY,72100.0,Full-time,Rent,36.4,9.5,40,712,Good (680-739)
BOR106498,53,LA,33600.0,Full-time,Mortgage,43.3,0.7,33,653,Fair (620-679)
BOR106499,32,IL,41900.0,Full-time,Rent,21.2,0.2,15,625,Fair (620-679)
BOR106500,52,NJ,90300.0,Full-time,Mortgage,48.5,0.2,35,747,Very Good (740-799)
BOR106501,51,NC,50400.0,Retired,Rent,21.7,1.2,32,681,Good (680-739)
BOR106502,51,FL,40300.0,Full-time,Mortgage,35.2,0.5,32,742,Very Good (740-799)
BOR106503,60,NM,74300.0,Full-time,Mortgage,59.7,3.2,37,787,Very Good (740-799)
BOR106504,41,NJ,68000.0,Full-time,Mortgage,23.2,3.9,23,714,Good (680-739)
BOR106505,45,MD,26000.0,Full-time,Mortgage,45.5,4.2,22,703,Good (680-739)
BOR106506,19,MA,64800.0,Unemployed,Rent,41.7,1.7,1,850,Exceptional (800+)
BOR106507,54,WA,49600.0,Full-time,Own,26.7,1.1,31,693,Good (680-739)
BOR106508,53,TN,64200.0,Full-time,Mortgage,52.9,6.4,37,609,Poor (<620)
BOR106509,57,LA,46900.0,Full-time,Mortgage,22.9,8.7,37,662,Fair (620-679)
BOR106510,30,MD,57500.0,Full-time,Mortgage,31.6,7.3,11,781,Very Good (740-799)
BOR106511,53,AZ,20500.0,Full-time,Own,38.4,1.8,30,596,Poor (<620)
BOR106512,53,IN,31200.0,Full-time,Rent,31.0,0.6,30,631,Fair (620-679)
BOR106513,33,TN,65100.0,Part-time,Own,63.1,0.5,10,752,Very Good (740-799)
BOR106514,54,NJ,151700.0,Full-time,Rent,19.4,4.0,33,662,Fair (620-679)
BOR106515,47,TN,55000.0,Full-time,Mortgage,48.2,2.2,24,673,Fair (620-679)
BOR106516,21,NJ,34100.0,Full-time,Own,9.4,0.4,1,750,Very Good (740-799)
BOR106517,48,CO,49600.0,Full-time,Mortgage,5.0,7.1,29,633,Fair (620-679)
BOR106518,32,UT,31200.0,Full-time,Own,32.5,6.0,10,585,Poor (<620)
BOR106519,21,UT,81800.0,Full-time,Own,39.4,0.7,3,590,Poor (<620)
BOR106520,45,NV,47600.0,Full-time,Mortgage,46.9,4.5,29,718,Good (680-739)
BOR106521,40,TN,74900.0,Full-time,Rent,48.1,5.7,18,697,Good (680-739)
BOR106522,58,CO,43500.0,Full-time,Mortgage,34.0,1.9,37,635,Fair (620-679)
BOR106523,43,PA,78000.0,Full-time,Rent,37.0,0.1,25,605,Poor (<620)
BOR106524,50,VA,22500.0,Full-time,Own,34.4,1.6,33,662,Fair (620-679)
BOR106525,47,OH,47100.0,Full-time,Rent,47.3,7.7,29,753,Very Good (740-799)
BOR106526,53,CA,59400.0,Part-time,Mortgage,19.6,4.1,31,626,Fair (620-679)
BOR106527,30,UT,41300.0,Full-time,Mortgage,25.4,4.6,10,637,Fair (620-679)
BOR106528,43,LA,54800.0,Self-employed,Mortgage,40.6,1.8,22,603,Poor (<620)
BOR106529,39,WA,54400.0,Full-time,Other,42.5,6.3,17,656,Fair (620-679)
BOR106530,49,OH,74800.0,Self-employed,Rent,45.5,1.8,33,702,Good (680-739)
BOR106531,44,MD,61700.0,Full-time,Own,31.3,3.0,25,817,Exceptional (800+)
BOR106532,34,NJ,55600.0,Retired,Own,27.0,14.5,12,694,Good (680-739)
BOR106533,37,NV,69300.0,Self-employed,Rent,39.0,0.8,21,677,Fair (620-679)
BOR106534,61,NH,25400.0,Full-time,Rent,21.0,0.9,41,736,Good (680-739)
BOR106535,21,NC,33200.0,Part-time,Own,48.7,8.2,1,725,Good (680-739)
BOR106536,50,OH,25000.0,Full-time,Mortgage,27.0,2.7,30,642,Fair (620-679)
BOR106537,56,OH,59700.0,Retired,Own,29.2,0.4,40,830,Exceptional (800+)
BOR106538,48,FL,56200.0,Full-time,Own,39.5,3.9,31,678,Fair (620-679)
BOR106539,65,MI,87000.0,Full-time,Own,24.7,5.6,48,695,Good (680-739)
BOR106540,52,CA,54600.0,Full-time,Mortgage,20.5,7.2,33,716,Good (680-739)
BOR106541,46,FL,35100.0,Self-employed,Own,43.5,8.5,30,702,Good (680-739)
BOR106542,35,OH,49500.0,Retired,Rent,21.6,4.3,13,779,Very Good (740-799)
BOR106543,46,PA,20100.0,Full-time,Mortgage,34.6,1.1,26,642,Fair (620-679)
BOR106544,49,MD,38800.0,Full-time,Mortgage,32.2,1.9,27,731,Good (680-739)
BOR106545,41,FL,18000.0,Part-time,Other,13.0,0.5,24,691,Good (680-739)
BOR106546,32,LA,54100.0,Full-time,Mortgage,21.5,3.6,10,744,Very Good (740-799)
BOR106547,27,IL,41100.0,Retired,Own,35.5,0.6,7,666,Fair (620-679)
BOR106548,43,FL,43900.0,Full-time,Mortgage,44.3,2.2,21,657,Fair (620-679)
BOR106549,23,CA,30700.0,Full-time,Mortgage,24.4,3.2,2,728,Good (680-739)
BOR106550,35,MD,34500.0,Full-time,Mortgage,23.1,2.1,18,703,Good (680-739)
BOR106551,19,OH,63700.0,Unemployed,Mortgage,38.3,10.0,1,627,Fair (620-679)
BOR106552,51,WA,24400.0,Full-time,Mortgage,40.0,0.6,34,767,Very Good (740-799)
BOR106553,55,FL,58500.0,Unemployed,Rent,41.3,0.3,39,728,Good (680-739)
BOR106554,42,NH,32400.0,Full-time,Rent,34.2,0.2,26,675,Fair (620-679)
BOR106555,63,NY,21900.0,Full-time,Mortgage,26.7,2.7,47,650,Fair (620-679)
BOR106556,57,NJ,81000.0,Full-time,Rent,39.8,7.8,40,704,Good (680-739)
BOR106557,47,NV,84800.0,Self-employed,Rent,31.2,2.3,28,723,Good (680-739)
BOR106558,40,OH,36600.0,Full-time,Mortgage,38.7,12.2,19,576,Poor (<620)
BOR106559,37,OH,36400.0,Full-time,Own,26.8,1.9,20,704,Good (680-739)
BOR106560,48,NV,41700.0,Full-time,Mortgage,29.9,3.2,28,722,Good (680-739)
BOR106561,39,OH,32400.0,Full-time,Rent,37.4,0.0,20,527,Poor (<620)
BOR106562,48,CA,35100.0,Self-employed,Rent,11.4,0.3,27,693,Good (680-739)
BOR106563,48,NJ,57100.0,Self-employed,Rent,45.4,0.6,28,725,Good (680-739)
BOR106564,38,CA,118600.0,Full-time,Rent,31.5,5.1,21,718,Good (680-739)
BOR106565,54,MS,39800.0,Full-time,Mortgage,5.0,7.4,35,732,Good (680-739)
BOR106566,38,IN,73900.0,Full-time,Mortgage,33.7,3.1,18,659,Fair (620-679)
BOR106567,41,MA,54700.0,Full-time,Mortgage,27.7,13.0,21,612,Poor (<620)
BOR106568,29,PA,22000.0,Self-employed,Mortgage,21.6,1.6,10,563,Poor (<620)
BOR106569,38,MD,46100.0,Full-time,Other,51.6,3.3,15,751,Very Good (740-799)
BOR106570,67,MO,43600.0,Unemployed,Own,40.4,3.2,44,726,Good (680-739)
BOR106571,30,TX,90100.0,Full-time,Rent,30.4,1.2,9,756,Very Good (740-799)
BOR106572,46,LA,91800.0,Full-time,Mortgage,32.5,6.6,30,633,Fair (620-679)
BOR106573,36,MA,55200.0,Full-time,Rent,34.7,6.6,19,732,Good (680-739)
BOR106574,19,MN,80500.0,Full-time,Rent,15.7,20.3,2,582,Poor (<620)
BOR106575,48,OH,43700.0,Retired,Own,58.3,3.0,31,623,Fair (620-679)
BOR106576,34,NY,77200.0,Part-time,Rent,32.4,2.1,16,688,Good (680-739)
BOR106577,45,MD,48800.0,Full-time,Mortgage,50.1,5.6,22,723,Good (680-739)
BOR106578,53,MN,76400.0,Retired,Rent,23.5,3.1,33,789,Very Good (740-799)
BOR106579,44,MI,80000.0,Full-time,Own,37.9,4.6,21,664,Fair (620-679)
BOR106580,45,CA,64400.0,Full-time,Rent,20.2,15.7,26,624,Fair (620-679)
BOR106581,31,NV,33400.0,Part-time,Rent,5.0,1.4,12,620,Fair (620-679)
BOR106582,49,IL,38600.0,Full-time,Own,41.0,0.8,29,635,Fair (620-679)
BOR106583,39,NC,65400.0,Full-time,Rent,33.9,5.9,17,824,Exceptional (800+)
BOR106584,19,TN,69700.0,Part-time,Rent,26.7,1.4,3,729,Good (680-739)
BOR106585,51,FL,50100.0,Full-time,Own,5.0,2.5,30,752,Very Good (740-799)
BOR106586,55,TX,40500.0,Full-time,Mortgage,27.3,15.3,33,664,Fair (620-679)
BOR106587,59,CA,50800.0,Self-employed,Mortgage,34.7,3.0,43,680,Good (680-739)
BOR106588,67,MS,41100.0,Full-time,Rent,21.2,1.2,49,725,Good (680-739)
BOR106589,50,GA,41200.0,Part-time,Rent,33.3,3.3,28,647,Fair (620-679)
BOR106590,47,IN,112600.0,Self-employed,Rent,25.7,5.6,28,661,Fair (620-679)
BOR106591,54,NH,37600.0,Full-time,Mortgage,20.0,4.5,36,636,Fair (620-679)
BOR106592,30,MO,58600.0,Full-time,Other,30.6,8.1,14,651,Fair (620-679)
BOR106593,21,WA,50000.0,Self-employed,Mortgage,10.3,7.1,1,683,Good (680-739)
BOR106594,35,WA,26900.0,Full-time,Rent,37.0,7.7,14,627,Fair (620-679)
BOR106595,56,MI,26400.0,Full-time,Rent,33.0,0.0,33,699,Good (680-739)
BOR106596,33,TN,45000.0,Full-time,Own,38.0,0.2,14,698,Good (680-739)
BOR106597,47,UT,19400.0,Full-time,Own,43.3,0.8,27,668,Fair (620-679)
BOR106598,48,MN,106300.0,Full-time,Other,29.5,2.6,28,626,Fair (620-679)
BOR106599,44,NJ,39600.0,Self-employed,Mortgage,5.1,6.3,24,687,Good (680-739)
BOR106600,26,NC,38200.0,Full-time,Rent,29.4,5.0,10,647,Fair (620-679)
BOR106601,45,LA,80900.0,Full-time,Own,20.5,1.5,23,683,Good (680-739)
BOR106602,36,NY,43800.0,Retired,Rent,46.3,6.1,20,751,Very Good (740-799)
BOR106603,61,NV,62500.0,Full-time,Mortgage,28.3,0.4,39,599,Poor (<620)
BOR106604,55,OH,36000.0,Full-time,Rent,40.4,6.5,35,821,Exceptional (800+)
BOR106605,36,MD,47600.0,Retired,Own,46.6,2.0,15,675,Fair (620-679)
BOR106606,62,NV,72100.0,Full-time,Own,24.5,2.4,43,707,Good (680-739)
BOR106607,45,VA,31600.0,Full-time,Rent,32.8,23.7,29,631,Fair (620-679)
BOR106608,21,PA,59100.0,Self-employed,Rent,32.4,8.3,5,754,Very Good (740-799)
BOR106609,40,NV,18000.0,Full-time,Rent,54.1,2.3,18,672,Fair (620-679)
BOR106610,61,NC,82400.0,Full-time,Own,44.7,0.3,42,654,Fair (620-679)
BOR106611,31,NC,36300.0,Self-employed,Mortgage,21.4,2.0,11,643,Fair (620-679)
BOR106612,40,WA,44900.0,Full-time,Rent,25.9,4.0,21,663,Fair (620-679)
BOR106613,25,NJ,44600.0,Self-employed,Rent,27.4,20.2,5,707,Good (680-739)
BOR106614,27,MO,30100.0,Full-time,Rent,23.9,0.1,8,691,Good (680-739)
BOR106615,31,NY,29000.0,Self-employed,Mortgage,28.8,1.3,9,677,Fair (620-679)
BOR106616,26,NJ,59000.0,Full-time,Rent,26.7,0.5,3,634,Fair (620-679)
BOR106617,34,LA,60200.0,Full-time,Rent,32.4,0.9,15,630,Fair (620-679)
BOR106618,62,CA,31300.0,Full-time,Own,30.8,14.6,41,650,Fair (620-679)
BOR106619,41,NJ,59500.0,Full-time,Mortgage,43.5,18.9,25,710,Good (680-739)
BOR106620,50,IN,59900.0,Full-time,Own,24.4,5.5,27,723,Good (680-739)
BOR106621,54,LA,39300.0,Part-time,Other,15.3,0.1,36,732,Good (680-739)
BOR106622,28,TN,26100.0,Self-employed,Rent,27.1,1.3,12,680,Good (680-739)
BOR106623,31,NV,45800.0,Full-time,Own,25.9,2.4,8,705,Good (680-739)
BOR106624,50,IL,55000.0,Part-time,Rent,46.7,12.8,34,669,Fair (620-679)
BOR106625,33,NC,45400.0,Full-time,Rent,40.5,3.2,11,567,Poor (<620)
BOR106626,49,NM,35700.0,Full-time,Other,45.0,2.7,32,666,Fair (620-679)
BOR106627,61,LA,57500.0,Full-time,Rent,41.6,3.9,42,656,Fair (620-679)
BOR106628,24,AZ,82400.0,Part-time,Mortgage,12.3,2.4,1,612,Poor (<620)
BOR106629,37,VA,33000.0,Full-time,Rent,23.5,0.2,15,643,Fair (620-679)
BOR106630,39,NJ,40800.0,Full-time,Rent,17.0,10.5,23,689,Good (680-739)
BOR106631,35,TX,160200.0,Full-time,Rent,47.7,3.1,13,606,Poor (<620)
BOR106632,34,LA,53200.0,Full-time,Mortgage,40.4,7.8,13,634,Fair (620-679)
BOR106633,35,NV,26400.0,Full-time,Rent,36.0,3.1,13,781,Very Good (740-799)
BOR106634,41,NJ,37600.0,Full-time,Own,26.3,3.9,23,576,Poor (<620)
BOR106635,43,OH,33200.0,Full-time,Rent,27.4,0.8,20,668,Fair (620-679)
BOR106636,52,NC,55300.0,Full-time,Rent,23.4,19.8,33,604,Poor (<620)
BOR106637,41,NY,53600.0,Full-time,Mortgage,38.5,0.2,18,631,Fair (620-679)
BOR106638,54,MD,35000.0,Full-time,Own,33.0,0.9,32,667,Fair (620-679)
BOR106639,34,AZ,107500.0,Retired,Own,38.9,7.0,14,616,Poor (<620)
BOR106640,27,IL,48500.0,Full-time,Other,36.2,0.7,10,717,Good (680-739)
BOR106641,37,TN,38000.0,Full-time,Rent,40.3,0.1,16,768,Very Good (740-799)
BOR106642,47,NH,26900.0,Full-time,Mortgage,37.2,11.5,30,735,Good (680-739)
BOR106643,51,NY,31200.0,Full-time,Rent,43.0,5.6,28,747,Very Good (740-799)
BOR106644,59,NJ,26600.0,Full-time,Rent,39.4,1.9,40,590,Poor (<620)
BOR106645,44,WA,42800.0,Full-time,Rent,26.9,10.1,21,664,Fair (620-679)
BOR106646,50,PA,31300.0,Full-time,Rent,36.9,3.2,32,710,Good (680-739)
BOR106647,57,AZ,66400.0,Retired,Rent,35.1,4.7,38,737,Good (680-739)
BOR106648,32,TN,35800.0,Full-time,Own,30.1,3.9,13,794,Very Good (740-799)
BOR106649,38,PA,68100.0,Self-employed,Own,31.8,7.6,21,749,Very Good (740-799)
BOR106650,74,PA,58200.0,Full-time,Rent,42.1,2.1,51,738,Good (680-739)
BOR106651,51,LA,62300.0,Self-employed,Own,37.4,8.4,34,850,Exceptional (800+)
BOR106652,47,GA,69800.0,Self-employed,Own,41.3,2.6,25,686,Good (680-739)
BOR106653,52,TN,114300.0,Full-time,Own,32.4,0.4,35,661,Fair (620-679)
BOR106654,25,TN,31800.0,Full-time,Mortgage,43.5,1.1,8,692,Good (680-739)
BOR106655,33,NV,68200.0,Full-time,Mortgage,39.7,0.6,17,621,Fair (620-679)
BOR106656,29,WI,55800.0,Self-employed,Rent,23.9,3.8,7,684,Good (680-739)
BOR106657,46,NV,75200.0,Full-time,Mortgage,28.4,9.4,24,568,Poor (<620)
BOR106658,37,TN,49000.0,Full-time,Rent,23.5,0.9,15,646,Fair (620-679)
BOR106659,42,NJ,79200.0,Full-time,Rent,21.2,2.5,22,673,Fair (620-679)
BOR106660,37,MI,26100.0,Full-time,Rent,58.8,0.3,20,742,Very Good (740-799)
BOR106661,21,MI,29700.0,Full-time,Mortgage,48.7,4.3,2,752,Very Good (740-799)
BOR106662,52,NJ,36100.0,Full-time,Rent,43.6,3.1,30,617,Poor (<620)
BOR106663,20,NY,45100.0,Full-time,Rent,36.5,7.1,4,815,Exceptional (800+)
BOR106664,32,NJ,47600.0,Full-time,Rent,26.6,10.3,12,690,Good (680-739)
BOR106665,25,MI,33400.0,Full-time,Mortgage,20.9,3.9,6,696,Good (680-739)
BOR106666,30,CA,29900.0,Self-employed,Rent,29.9,4.9,13,575,Poor (<620)
BOR106667,43,OH,34700.0,Unemployed,Rent,24.8,3.7,27,640,Fair (620-679)
BOR106668,56,CO,21600.0,Self-employed,Mortgage,39.1,4.5,38,748,Very Good (740-799)
BOR106669,22,MA,41000.0,Full-time,Rent,33.5,4.5,1,691,Good (680-739)
BOR106670,34,NV,45400.0,Full-time,Own,40.6,2.6,16,687,Good (680-739)
BOR106671,20,AZ,56900.0,Full-time,Mortgage,34.4,0.3,1,695,Good (680-739)
BOR106672,34,NV,50300.0,Full-time,Own,15.1,0.2,16,586,Poor (<620)
BOR106673,42,MN,104500.0,Retired,Own,30.3,1.8,19,674,Fair (620-679)
BOR106674,50,FL,67200.0,Part-time,Own,35.9,6.5,28,772,Very Good (740-799)
BOR106675,19,NH,65000.0,Unemployed,Rent,34.7,0.4,2,751,Very Good (740-799)
BOR106676,48,CA,54900.0,Self-employed,Own,26.5,10.5,30,672,Fair (620-679)
BOR106677,29,TN,59300.0,Full-time,Own,27.1,3.1,8,782,Very Good (740-799)
BOR106678,26,MN,42200.0,Full-time,Rent,25.3,6.4,10,598,Poor (<620)
BOR106679,42,NC,48800.0,Self-employed,Rent,15.3,5.0,24,617,Poor (<620)
BOR106680,49,TN,110700.0,Full-time,Rent,31.7,5.8,29,801,Exceptional (800+)
BOR106681,40,NC,45200.0,Self-employed,Rent,39.8,3.3,20,718,Good (680-739)
BOR106682,28,TX,25600.0,Full-time,Rent,27.2,7.7,8,661,Fair (620-679)
BOR106683,40,CA,63800.0,Full-time,Rent,19.6,2.4,21,676,Fair (620-679)
BOR106684,32,FL,69100.0,Full-time,Mortgage,41.9,0.1,16,628,Fair (620-679)
BOR106685,48,FL,50000.0,Full-time,Rent,45.6,4.9,30,698,Good (680-739)
BOR106686,54,TN,20000.0,Full-time,Rent,27.6,1.9,31,693,Good (680-739)
BOR106687,53,WA,83200.0,Full-time,Mortgage,22.6,2.6,33,681,Good (680-739)
BOR106688,41,NJ,51700.0,Full-time,Own,30.6,0.6,23,605,Poor (<620)
BOR106689,54,MD,40600.0,Full-time,Mortgage,34.8,4.8,33,697,Good (680-739)
BOR106690,29,CA,79600.0,Full-time,Mortgage,27.5,1.6,10,646,Fair (620-679)
BOR106691,62,OH,18700.0,Part-time,Mortgage,16.3,0.2,41,616,Poor (<620)
BOR106692,29,MN,49000.0,Full-time,Rent,41.6,1.2,8,762,Very Good (740-799)
BOR106693,19,MS,36600.0,Part-time,Rent,34.4,7.9,2,821,Exceptional (800+)
BOR106694,57,NJ,91300.0,Full-time,Own,47.5,12.8,40,806,Exceptional (800+)
BOR106695,32,TX,52000.0,Part-time,Mortgage,32.4,5.6,16,722,Good (680-739)
BOR106696,42,MN,31600.0,Full-time,Mortgage,46.7,1.2,22,663,Fair (620-679)
BOR106697,29,LA,77800.0,Self-employed,Rent,29.7,0.3,7,675,Fair (620-679)
BOR106698,69,NJ,18000.0,Full-time,Own,26.0,3.1,49,706,Good (680-739)
BOR106699,63,OH,58600.0,Full-time,Rent,27.0,0.5,42,653,Fair (620-679)
BOR106700,60,TX,26400.0,Full-time,Own,50.2,5.2,39,766,Very Good (740-799)
BOR106701,42,MA,37900.0,Full-time,Rent,30.1,0.4,23,548,Poor (<620)
BOR106702,53,MS,41800.0,Full-time,Mortgage,47.8,4.1,31,661,Fair (620-679)
BOR106703,40,MO,70200.0,Full-time,Rent,27.4,1.9,19,732,Good (680-739)
BOR106704,54,GA,125700.0,Part-time,Mortgage,18.2,5.9,36,625,Fair (620-679)
BOR106705,36,IN,20900.0,Full-time,Rent,39.0,0.7,13,664,Fair (620-679)
BOR106706,60,NV,57000.0,Retired,Rent,25.6,6.3,40,719,Good (680-739)
BOR106707,35,VA,125600.0,Full-time,Rent,35.0,0.0,17,779,Very Good (740-799)
BOR106708,37,NV,36000.0,Full-time,Rent,34.0,6.6,19,596,Poor (<620)
BOR106709,35,MI,35000.0,Full-time,Mortgage,33.9,12.7,16,591,Poor (<620)
BOR106710,43,NC,51900.0,Full-time,Mortgage,48.5,1.4,23,619,Poor (<620)
BOR106711,36,MA,67700.0,Full-time,Other,34.5,2.4,16,580,Poor (<620)
BOR106712,47,VA,62700.0,Full-time,Rent,33.2,3.8,27,585,Poor (<620)
BOR106713,35,NH,39700.0,Unemployed,Mortgage,28.5,3.2,14,617,Poor (<620)
BOR106714,50,WA,32500.0,Full-time,Mortgage,37.4,2.5,28,760,Very Good (740-799)
BOR106715,59,MI,84300.0,Full-time,Own,36.5,12.5,40,660,Fair (620-679)
BOR106716,42,MI,32900.0,Full-time,Mortgage,28.0,22.1,19,682,Good (680-739)
BOR106717,68,AZ,19700.0,Full-time,Mortgage,41.4,0.1,47,618,Poor (<620)
BOR106718,55,NC,24200.0,Full-time,Rent,30.0,3.4,36,721,Good (680-739)
BOR106719,67,MD,36000.0,Full-time,Mortgage,37.8,1.0,49,802,Exceptional (800+)
BOR106720,40,MI,91300.0,Full-time,Mortgage,18.7,9.7,24,622,Fair (620-679)
BOR106721,21,MI,27300.0,Full-time,Own,41.1,9.5,5,792,Very Good (740-799)
BOR106722,33,TN,92500.0,Full-time,Own,24.8,1.0,12,704,Good (680-739)
BOR106723,34,TX,84000.0,Full-time,Rent,38.8,2.6,18,681,Good (680-739)
BOR106724,30,IN,51600.0,Retired,Own,44.8,3.9,14,706,Good (680-739)
BOR106725,19,WA,18000.0,Full-time,Other,36.1,3.9,3,705,Good (680-739)
BOR106726,53,NJ,27400.0,Full-time,Own,43.5,1.6,32,801,Exceptional (800+)
BOR106727,19,MD,35100.0,Part-time,Rent,21.2,10.9,3,714,Good (680-739)
BOR106728,52,CO,101600.0,Self-employed,Own,31.2,1.5,30,715,Good (680-739)
BOR106729,67,NV,36100.0,Full-time,Rent,25.5,4.3,44,653,Fair (620-679)
BOR106730,32,MI,32900.0,Full-time,Rent,25.4,3.0,10,735,Good (680-739)
BOR106731,46,NC,50800.0,Self-employed,Mortgage,16.2,3.2,24,618,Poor (<620)
BOR106732,36,MD,24700.0,Full-time,Rent,32.8,2.9,16,687,Good (680-739)
BOR106733,51,MA,46100.0,Full-time,Rent,41.4,0.3,31,850,Exceptional (800+)
BOR106734,27,TN,32600.0,Full-time,Own,44.7,0.1,10,517,Poor (<620)
BOR106735,39,AZ,156300.0,Full-time,Rent,21.4,0.9,21,695,Good (680-739)
BOR106736,54,MN,30900.0,Full-time,Rent,27.2,1.7,37,698,Good (680-739)
BOR106737,40,PA,111100.0,Full-time,Rent,24.6,2.6,19,665,Fair (620-679)
BOR106738,21,AZ,27900.0,Full-time,Mortgage,23.9,0.7,1,667,Fair (620-679)
BOR106739,56,PA,52500.0,Retired,Rent,29.0,14.1,33,686,Good (680-739)
BOR106740,25,NJ,58400.0,Self-employed,Other,32.2,3.9,6,664,Fair (620-679)
BOR106741,42,IN,49700.0,Full-time,Rent,29.1,5.0,24,694,Good (680-739)
BOR106742,48,WA,48300.0,Full-time,Own,18.1,2.6,32,648,Fair (620-679)
BOR106743,42,MI,68700.0,Full-time,Own,41.7,8.4,23,811,Exceptional (800+)
BOR106744,71,LA,56300.0,Full-time,Mortgage,33.8,1.1,51,664,Fair (620-679)
BOR106745,50,MN,43100.0,Self-employed,Mortgage,35.9,3.9,28,717,Good (680-739)
BOR106746,39,WA,34400.0,Unemployed,Mortgage,36.5,0.9,23,637,Fair (620-679)
BOR106747,48,UT,43300.0,Full-time,Mortgage,38.2,4.5,29,741,Very Good (740-799)
BOR106748,44,NJ,43000.0,Full-time,Rent,33.5,3.6,22,728,Good (680-739)
BOR106749,42,MN,42700.0,Self-employed,Rent,23.7,0.8,19,707,Good (680-739)
BOR106750,44,PA,48300.0,Full-time,Own,47.2,1.9,23,613,Poor (<620)
BOR106751,36,GA,24700.0,Full-time,Mortgage,38.4,4.3,19,631,Fair (620-679)
BOR106752,44,NC,29400.0,Part-time,Rent,23.0,14.2,24,790,Very Good (740-799)
BOR106753,35,FL,67800.0,Full-time,Own,23.2,5.0,12,630,Fair (620-679)
BOR106754,19,WA,18000.0,Full-time,Own,51.9,6.4,1,722,Good (680-739)
BOR106755,55,PA,79900.0,Part-time,Other,30.4,1.2,38,619,Poor (<620)
BOR106756,34,TN,36300.0,Full-time,Rent,25.2,1.3,16,746,Very Good (740-799)
BOR106757,43,PA,98800.0,Full-time,Rent,26.7,0.3,22,635,Fair (620-679)
BOR106758,32,NY,81000.0,Full-time,Rent,36.5,1.5,11,617,Poor (<620)
BOR106759,32,UT,40200.0,Full-time,Rent,27.2,2.5,14,634,Fair (620-679)
BOR106760,29,IN,42200.0,Self-employed,Rent,33.3,1.0,6,644,Fair (620-679)
BOR106761,52,MS,95500.0,Unemployed,Rent,55.1,0.9,30,706,Good (680-739)
BOR106762,55,WA,82700.0,Retired,Mortgage,16.3,3.4,36,685,Good (680-739)
BOR106763,41,CA,72200.0,Full-time,Own,27.9,2.2,24,609,Poor (<620)
BOR106764,35,MA,78000.0,Retired,Rent,32.6,8.5,15,678,Fair (620-679)
BOR106765,21,AZ,28600.0,Full-time,Mortgage,14.4,1.0,1,606,Poor (<620)
BOR106766,51,CA,51100.0,Full-time,Rent,37.2,2.3,35,722,Good (680-739)
BOR106767,33,LA,33000.0,Full-time,Rent,41.0,0.1,13,734,Good (680-739)
BOR106768,28,TN,28300.0,Self-employed,Other,18.1,0.5,5,678,Fair (620-679)
BOR106769,41,WI,50200.0,Full-time,Mortgage,31.2,0.1,23,698,Good (680-739)
BOR106770,37,WA,38700.0,Full-time,Mortgage,33.8,1.0,14,794,Very Good (740-799)
BOR106771,23,TN,43300.0,Part-time,Mortgage,37.7,1.8,4,670,Fair (620-679)
BOR106772,24,OH,37200.0,Full-time,Mortgage,58.7,1.1,2,619,Poor (<620)
BOR106773,45,NH,26500.0,Self-employed,Mortgage,24.6,0.3,22,718,Good (680-739)
BOR106774,33,NJ,100100.0,Full-time,Own,37.4,3.2,11,606,Poor (<620)
BOR106775,47,PA,50000.0,Full-time,Rent,30.7,0.9,25,666,Fair (620-679)
BOR106776,43,TX,24400.0,Full-time,Own,29.0,4.3,20,641,Fair (620-679)
BOR106777,54,TN,50600.0,Part-time,Rent,32.2,1.9,38,634,Fair (620-679)
BOR106778,31,NH,92500.0,Full-time,Mortgage,36.1,1.3,13,664,Fair (620-679)
BOR106779,44,LA,71800.0,Self-employed,Mortgage,32.1,7.0,21,738,Good (680-739)
BOR106780,49,MD,36900.0,Full-time,Other,34.8,6.8,30,752,Very Good (740-799)
BOR106781,33,NH,37300.0,Part-time,Rent,31.2,8.2,12,740,Very Good (740-799)
BOR106782,55,MD,30300.0,Full-time,Mortgage,22.6,4.0,37,702,Good (680-739)
BOR106783,21,NC,33400.0,Full-time,Mortgage,40.3,6.5,3,663,Fair (620-679)
BOR106784,31,TN,34600.0,Full-time,Own,42.3,6.2,15,527,Poor (<620)
BOR106785,21,TX,24100.0,Full-time,Rent,41.8,2.9,1,704,Good (680-739)
BOR106786,32,IL,38200.0,Full-time,Rent,38.7,3.5,16,532,Poor (<620)
BOR106787,39,NJ,54400.0,Full-time,Rent,24.2,6.1,20,555,Poor (<620)
BOR106788,51,PA,38700.0,Full-time,Mortgage,22.5,9.1,34,669,Fair (620-679)
BOR106789,39,UT,51400.0,Full-time,Own,41.2,3.6,19,697,Good (680-739)
BOR106790,34,NH,96700.0,Full-time,Mortgage,20.0,0.6,14,651,Fair (620-679)
BOR106791,22,NC,106500.0,Self-employed,Other,25.1,0.7,5,780,Very Good (740-799)
BOR106792,26,MD,45200.0,Full-time,Other,53.5,2.7,8,710,Good (680-739)
BOR106793,45,NJ,69300.0,Full-time,Mortgage,37.1,8.2,22,664,Fair (620-679)
BOR106794,52,NY,43300.0,Full-time,Mortgage,33.6,5.5,33,770,Very Good (740-799)
BOR106795,36,NC,37400.0,Full-time,Rent,13.5,3.1,18,782,Very Good (740-799)
BOR106796,56,IL,28200.0,Full-time,Mortgage,25.3,9.3,36,713,Good (680-739)
BOR106797,30,NC,48500.0,Full-time,Other,40.4,1.3,9,630,Fair (620-679)
BOR106798,36,IL,76000.0,Retired,Rent,17.2,0.1,20,644,Fair (620-679)
BOR106799,37,FL,26300.0,Unemployed,Rent,36.0,2.3,17,586,Poor (<620)
BOR106800,59,IL,41000.0,Full-time,Rent,18.2,1.3,39,677,Fair (620-679)
BOR106801,43,MS,40100.0,Part-time,Mortgage,25.8,0.6,22,612,Poor (<620)
BOR106802,19,TX,52100.0,Self-employed,Mortgage,16.3,2.1,1,659,Fair (620-679)
BOR106803,52,NC,52500.0,Unemployed,Rent,33.0,1.1,36,697,Good (680-739)
BOR106804,63,WA,59400.0,Full-time,Mortgage,15.0,1.5,47,551,Poor (<620)
BOR106805,38,NC,109500.0,Self-employed,Mortgage,31.2,6.4,19,598,Poor (<620)
BOR106806,30,WA,31500.0,Full-time,Rent,38.4,5.6,10,647,Fair (620-679)
BOR106807,51,TX,30700.0,Full-time,Own,34.0,5.2,34,677,Fair (620-679)
BOR106808,65,IN,52100.0,Full-time,Rent,36.6,0.2,47,648,Fair (620-679)
BOR106809,51,AZ,89700.0,Part-time,Rent,34.3,0.5,35,662,Fair (620-679)
BOR106810,22,MO,24100.0,Retired,Own,31.1,2.9,1,634,Fair (620-679)
BOR106811,50,AZ,54100.0,Full-time,Mortgage,31.3,5.5,30,586,Poor (<620)
BOR106812,46,NJ,42600.0,Full-time,Mortgage,34.9,6.8,24,645,Fair (620-679)
BOR106813,30,NC,68500.0,Full-time,Mortgage,21.1,7.4,11,666,Fair (620-679)
BOR106814,56,IL,61900.0,Full-time,Own,28.0,1.8,39,660,Fair (620-679)
BOR106815,46,WA,47700.0,Full-time,Rent,52.3,3.5,27,687,Good (680-739)
BOR106816,57,CA,58100.0,Self-employed,Rent,36.8,6.0,41,707,Good (680-739)
BOR106817,28,NC,34700.0,Part-time,Own,44.5,5.2,9,724,Good (680-739)
BOR106818,46,MO,66800.0,Part-time,Rent,35.4,8.5,24,639,Fair (620-679)
BOR106819,30,FL,87000.0,Full-time,Mortgage,24.7,2.2,12,578,Poor (<620)
BOR106820,44,TX,48800.0,Full-time,Mortgage,29.0,0.2,21,763,Very Good (740-799)
BOR106821,59,IN,38800.0,Self-employed,Other,14.6,0.7,43,705,Good (680-739)
BOR106822,24,MI,43700.0,Full-time,Own,45.7,1.3,6,618,Poor (<620)
BOR106823,25,MN,66500.0,Full-time,Other,41.0,8.6,5,698,Good (680-739)
BOR106824,52,MS,45800.0,Full-time,Mortgage,23.6,6.7,34,749,Very Good (740-799)
BOR106825,41,UT,27200.0,Part-time,Rent,39.6,8.9,18,792,Very Good (740-799)
BOR106826,55,NJ,71600.0,Full-time,Rent,38.7,9.0,39,696,Good (680-739)
BOR106827,31,OH,30000.0,Self-employed,Rent,32.8,5.3,12,749,Very Good (740-799)
BOR106828,42,TN,56400.0,Full-time,Rent,36.8,1.8,24,601,Poor (<620)
BOR106829,49,TN,20100.0,Full-time,Own,37.7,17.4,31,678,Fair (620-679)
BOR106830,44,TN,49000.0,Full-time,Rent,35.8,1.2,28,658,Fair (620-679)
BOR106831,20,NC,45200.0,Full-time,Mortgage,33.5,0.3,2,702,Good (680-739)
BOR106832,75,TX,19200.0,Unemployed,Mortgage,32.9,12.1,55,785,Very Good (740-799)
BOR106833,44,IL,54200.0,Full-time,Mortgage,26.3,1.8,26,696,Good (680-739)
BOR106834,25,PA,28400.0,Full-time,Rent,41.1,1.1,3,619,Poor (<620)
BOR106835,45,NY,48400.0,Full-time,Rent,51.8,1.2,26,598,Poor (<620)
BOR106836,46,MS,38700.0,Full-time,Own,20.8,3.7,28,787,Very Good (740-799)
BOR106837,53,CA,24000.0,Full-time,Rent,32.3,0.4,37,713,Good (680-739)
BOR106838,52,TN,29100.0,Full-time,Mortgage,25.5,5.5,34,709,Good (680-739)
BOR106839,38,NM,30200.0,Unemployed,Rent,37.5,1.5,21,658,Fair (620-679)
BOR106840,20,NC,72600.0,Full-time,Rent,36.3,0.1,1,697,Good (680-739)
BOR106841,47,WA,67900.0,Self-employed,Mortgage,33.3,5.9,24,616,Poor (<620)
BOR106842,21,MD,125200.0,Retired,Rent,26.1,2.9,5,705,Good (680-739)
BOR106843,56,GA,37000.0,Retired,Rent,27.3,5.0,37,604,Poor (<620)
BOR106844,32,VA,36500.0,Part-time,Rent,24.4,0.8,13,657,Fair (620-679)
BOR106845,49,NV,49500.0,Self-employed,Other,14.8,3.4,33,638,Fair (620-679)
BOR106846,33,WI,39700.0,Full-time,Own,44.3,0.2,15,500,Poor (<620)
BOR106847,35,NV,35900.0,Full-time,Mortgage,38.7,0.0,19,657,Fair (620-679)
BOR106848,31,NH,47800.0,Full-time,Rent,44.9,1.6,10,622,Fair (620-679)
BOR106849,50,NC,64000.0,Full-time,Mortgage,28.5,0.4,27,666,Fair (620-679)
BOR106850,34,WI,18000.0,Full-time,Mortgage,36.9,2.5,18,680,Good (680-739)
BOR106851,50,TN,36000.0,Full-time,Mortgage,23.5,5.3,28,795,Very Good (740-799)
BOR106852,34,IN,24800.0,Full-time,Rent,26.3,4.4,14,700,Good (680-739)
BOR106853,38,WI,43500.0,Full-time,Rent,52.5,3.4,20,702,Good (680-739)
BOR106854,41,CO,56700.0,Self-employed,Rent,28.3,0.7,20,712,Good (680-739)
BOR106855,43,LA,77100.0,Full-time,Rent,41.5,6.2,25,737,Good (680-739)
BOR106856,30,NC,38400.0,Full-time,Rent,34.5,1.8,7,710,Good (680-739)
BOR106857,49,IN,48900.0,Full-time,Rent,18.1,12.8,27,698,Good (680-739)
BOR106858,38,GA,21900.0,Full-time,Own,30.7,2.9,20,726,Good (680-739)
BOR106859,48,TN,31700.0,Full-time,Other,35.8,4.3,27,522,Poor (<620)
BOR106860,41,CO,51200.0,Full-time,Rent,39.1,3.5,18,816,Exceptional (800+)
BOR106861,48,MN,25300.0,Retired,Rent,14.1,1.8,27,783,Very Good (740-799)
BOR106862,36,NJ,81400.0,Self-employed,Rent,22.3,2.7,15,694,Good (680-739)
BOR106863,32,WA,59000.0,Full-time,Rent,35.1,3.8,14,588,Poor (<620)
BOR106864,46,NC,31000.0,Full-time,Own,22.6,3.1,25,759,Very Good (740-799)
BOR106865,35,PA,23900.0,Retired,Rent,44.2,2.8,13,635,Fair (620-679)
BOR106866,59,OH,33700.0,Full-time,Own,31.4,5.6,43,715,Good (680-739)
BOR106867,42,MS,31100.0,Full-time,Rent,36.9,0.0,21,597,Poor (<620)
BOR106868,25,GA,27000.0,Full-time,Rent,45.0,8.3,8,825,Exceptional (800+)
BOR106869,34,NH,24800.0,Full-time,Mortgage,19.9,0.6,13,586,Poor (<620)
BOR106870,29,OH,42000.0,Unemployed,Mortgage,36.6,3.1,9,684,Good (680-739)
BOR106871,54,MD,64800.0,Self-employed,Mortgage,33.3,1.1,37,542,Poor (<620)
BOR106872,50,MA,33900.0,Retired,Rent,33.7,1.2,27,677,Fair (620-679)
BOR106873,40,MD,57000.0,Part-time,Rent,29.8,1.7,22,652,Fair (620-679)
BOR106874,44,IN,40200.0,Retired,Mortgage,33.6,2.2,22,754,Very Good (740-799)
BOR106875,40,MD,61400.0,Part-time,Mortgage,5.0,8.3,22,652,Fair (620-679)
BOR106876,51,MS,32700.0,Full-time,Mortgage,44.4,7.3,34,754,Very Good (740-799)
BOR106877,47,AZ,52900.0,Full-time,Mortgage,18.6,1.7,29,613,Poor (<620)
BOR106878,49,TX,49200.0,Self-employed,Rent,49.7,4.2,26,662,Fair (620-679)
BOR106879,39,OH,86100.0,Full-time,Rent,22.5,2.0,22,663,Fair (620-679)
BOR106880,33,MD,60000.0,Full-time,Own,22.1,1.3,11,712,Good (680-739)
BOR106881,49,WA,52300.0,Full-time,Rent,36.1,3.8,28,704,Good (680-739)
BOR106882,60,AZ,24100.0,Full-time,Other,34.7,0.0,41,727,Good (680-739)
BOR106883,54,TN,36800.0,Full-time,Rent,36.5,3.4,33,697,Good (680-739)
BOR106884,60,MI,32500.0,Full-time,Own,35.6,12.6,40,723,Good (680-739)
BOR106885,43,MN,32200.0,Part-time,Rent,30.6,7.7,23,622,Fair (620-679)
BOR106886,29,MD,47000.0,Full-time,Own,28.3,9.0,8,705,Good (680-739)
BOR106887,30,MD,52000.0,Full-time,Own,37.8,6.4,10,785,Very Good (740-799)
BOR106888,58,MD,52900.0,Full-time,Mortgage,25.1,5.4,42,571,Poor (<620)
BOR106889,19,LA,82300.0,Full-time,Mortgage,33.2,5.3,1,712,Good (680-739)
BOR106890,59,TN,58000.0,Self-employed,Rent,15.1,0.1,36,724,Good (680-739)
BOR106891,32,UT,26800.0,Self-employed,Rent,34.5,4.5,16,775,Very Good (740-799)
BOR106892,64,FL,51100.0,Full-time,Mortgage,33.0,2.6,48,727,Good (680-739)
BOR106893,40,TN,60700.0,Full-time,Mortgage,31.6,9.6,19,687,Good (680-739)
BOR106894,50,MD,82300.0,Full-time,Own,49.1,15.5,28,708,Good (680-739)
BOR106895,70,VA,43500.0,Self-employed,Other,46.9,4.5,48,632,Fair (620-679)
BOR106896,37,GA,43700.0,Full-time,Mortgage,41.1,2.1,17,655,Fair (620-679)
BOR106897,37,AZ,75800.0,Full-time,Mortgage,40.9,8.1,18,593,Poor (<620)
BOR106898,33,NC,50500.0,Full-time,Other,33.1,9.2,10,777,Very Good (740-799)
BOR106899,29,MS,22700.0,Part-time,Mortgage,35.1,1.0,11,709,Good (680-739)
BOR106900,37,NC,20600.0,Full-time,Mortgage,36.3,22.2,14,620,Fair (620-679)
BOR106901,34,PA,106800.0,Full-time,Other,38.0,1.3,14,698,Good (680-739)
BOR106902,26,MA,21600.0,Full-time,Own,32.7,5.9,6,755,Very Good (740-799)
BOR106903,38,MI,43300.0,Self-employed,Own,37.4,4.4,16,745,Very Good (740-799)
BOR106904,46,FL,69400.0,Full-time,Mortgage,32.6,2.7,26,620,Fair (620-679)
BOR106905,30,AZ,21100.0,Full-time,Mortgage,36.2,12.8,8,500,Poor (<620)
BOR106906,39,AZ,28700.0,Full-time,Rent,41.2,0.3,17,706,Good (680-739)
BOR106907,58,PA,26600.0,Full-time,Rent,25.4,0.4,37,622,Fair (620-679)
BOR106908,24,TN,104900.0,Full-time,Rent,33.3,4.2,6,720,Good (680-739)
BOR106909,64,AZ,115600.0,Full-time,Own,32.8,12.6,43,742,Very Good (740-799)
BOR106910,33,MN,33500.0,Full-time,Mortgage,21.8,0.1,10,752,Very Good (740-799)
BOR106911,43,NC,60500.0,Retired,Rent,45.9,6.2,20,793,Very Good (740-799)
BOR106912,56,OH,53600.0,Full-time,Mortgage,23.7,3.9,34,760,Very Good (740-799)
BOR106913,60,UT,41100.0,Full-time,Own,46.3,3.0,40,794,Very Good (740-799)
BOR106914,47,AZ,22400.0,Part-time,Mortgage,18.6,3.4,24,770,Very Good (740-799)
BOR106915,33,CA,131700.0,Full-time,Rent,17.0,1.0,15,775,Very Good (740-799)
BOR106916,32,NV,20600.0,Full-time,Rent,28.6,1.6,11,677,Fair (620-679)
BOR106917,34,PA,51300.0,Full-time,Mortgage,36.0,3.7,17,596,Poor (<620)
BOR106918,64,MN,34800.0,Full-time,Mortgage,35.9,3.2,46,841,Exceptional (800+)
BOR106919,36,MD,73400.0,Full-time,Rent,44.9,2.4,19,684,Good (680-739)
BOR106920,45,UT,68200.0,Full-time,Mortgage,24.3,0.3,27,760,Very Good (740-799)
BOR106921,28,UT,30000.0,Full-time,Mortgage,41.3,1.7,10,644,Fair (620-679)
BOR106922,27,OH,32700.0,Retired,Mortgage,15.4,1.5,10,743,Very Good (740-799)
BOR106923,41,CO,23200.0,Full-time,Mortgage,22.3,1.3,25,521,Poor (<620)
BOR106924,37,GA,50900.0,Full-time,Own,29.4,5.9,19,653,Fair (620-679)
BOR106925,38,TN,64200.0,Full-time,Rent,21.0,10.8,17,674,Fair (620-679)
BOR106926,23,TN,38200.0,Retired,Mortgage,37.5,3.0,1,710,Good (680-739)
BOR106927,40,TX,41800.0,Full-time,Mortgage,25.5,3.7,17,750,Very Good (740-799)
BOR106928,60,CA,110000.0,Part-time,Rent,42.0,4.3,42,609,Poor (<620)
BOR106929,31,TX,71100.0,Full-time,Rent,40.7,3.8,10,723,Good (680-739)
BOR106930,52,NY,85500.0,Full-time,Rent,25.2,0.2,36,760,Very Good (740-799)
BOR106931,19,OH,18000.0,Retired,Mortgage,28.5,6.1,1,832,Exceptional (800+)
BOR106932,31,MS,59600.0,Part-time,Own,31.1,0.2,13,726,Good (680-739)
BOR106933,19,WA,52200.0,Full-time,Mortgage,45.5,2.8,1,650,Fair (620-679)
BOR106934,56,MN,26500.0,Full-time,Rent,22.6,5.9,37,597,Poor (<620)
BOR106935,52,NV,29200.0,Full-time,Mortgage,8.3,1.7,32,799,Very Good (740-799)
BOR106936,29,WI,42300.0,Full-time,Rent,27.8,7.2,9,728,Good (680-739)
BOR106937,44,MI,25500.0,Full-time,Rent,22.8,0.6,27,679,Fair (620-679)
BOR106938,55,LA,32600.0,Part-time,Own,16.7,0.7,37,575,Poor (<620)
BOR106939,57,WI,37900.0,Full-time,Rent,31.6,0.2,40,619,Poor (<620)
BOR106940,36,WI,60400.0,Full-time,Rent,20.3,0.0,15,721,Good (680-739)
BOR106941,19,MS,33900.0,Full-time,Mortgage,35.4,4.9,1,703,Good (680-739)
BOR106942,30,TN,38100.0,Part-time,Rent,20.0,7.8,8,553,Poor (<620)
BOR106943,50,WA,73900.0,Retired,Rent,61.5,5.8,33,721,Good (680-739)
BOR106944,66,LA,21100.0,Self-employed,Rent,42.6,11.2,46,578,Poor (<620)
BOR106945,40,NJ,51700.0,Full-time,Mortgage,24.7,10.2,21,768,Very Good (740-799)
BOR106946,34,NV,55600.0,Full-time,Rent,24.3,0.1,18,694,Good (680-739)
BOR106947,70,TX,56300.0,Full-time,Mortgage,30.1,1.0,47,650,Fair (620-679)
BOR106948,46,CA,37200.0,Full-time,Mortgage,39.4,8.7,26,744,Very Good (740-799)
BOR106949,26,WA,28900.0,Self-employed,Own,27.5,3.6,3,703,Good (680-739)
BOR106950,40,TX,92400.0,Full-time,Rent,20.4,8.3,24,766,Very Good (740-799)
BOR106951,53,NH,31700.0,Full-time,Own,17.5,1.3,31,685,Good (680-739)
BOR106952,40,CA,28200.0,Full-time,Rent,31.8,3.6,18,689,Good (680-739)
BOR106953,51,MD,47100.0,Retired,Mortgage,24.8,3.8,31,661,Fair (620-679)
BOR106954,22,OH,33400.0,Full-time,Rent,34.8,3.9,5,697,Good (680-739)
BOR106955,24,UT,74800.0,Self-employed,Mortgage,10.7,1.1,2,790,Very Good (740-799)
BOR106956,32,MI,41400.0,Self-employed,Mortgage,36.7,4.0,12,647,Fair (620-679)
BOR106957,38,CA,79300.0,Full-time,Own,28.8,14.2,15,722,Good (680-739)
BOR106958,45,CA,57100.0,Self-employed,Mortgage,14.5,5.6,29,623,Fair (620-679)
BOR106959,49,AZ,39200.0,Full-time,Rent,35.6,5.8,27,546,Poor (<620)
BOR106960,71,NH,77000.0,Full-time,Rent,37.0,17.2,53,693,Good (680-739)
BOR106961,32,NH,34800.0,Full-time,Rent,23.9,3.4,11,704,Good (680-739)
BOR106962,37,NC,40400.0,Retired,Mortgage,38.5,0.9,18,673,Fair (620-679)
BOR106963,32,VA,59200.0,Full-time,Rent,18.3,2.3,13,583,Poor (<620)
BOR106964,54,FL,51600.0,Full-time,Mortgage,9.1,3.4,38,700,Good (680-739)
BOR106965,55,WA,34400.0,Full-time,Rent,30.3,0.4,37,697,Good (680-739)
BOR106966,36,TN,23400.0,Full-time,Own,23.1,1.9,20,622,Fair (620-679)
BOR106967,66,OH,46200.0,Full-time,Rent,19.5,1.4,47,592,Poor (<620)
BOR106968,32,TN,33600.0,Full-time,Mortgage,37.7,2.2,9,664,Fair (620-679)
BOR106969,53,LA,47300.0,Full-time,Rent,34.1,5.4,36,722,Good (680-739)
BOR106970,58,CA,38600.0,Full-time,Rent,48.4,2.1,42,707,Good (680-739)
BOR106971,25,IL,33800.0,Full-time,Rent,36.2,2.7,7,623,Fair (620-679)
BOR106972,48,IL,41300.0,Part-time,Other,37.5,1.9,30,689,Good (680-739)
BOR106973,19,NY,45100.0,Full-time,Rent,23.3,1.4,1,738,Good (680-739)
BOR106974,51,PA,63800.0,Self-employed,Mortgage,10.6,1.9,34,604,Poor (<620)
BOR106975,28,TN,56400.0,Full-time,Mortgage,51.8,0.0,7,684,Good (680-739)
BOR106976,48,FL,119700.0,Full-time,Own,36.9,6.8,31,767,Very Good (740-799)
BOR106977,50,WI,49700.0,Retired,Mortgage,48.0,2.6,32,597,Poor (<620)
BOR106978,54,LA,34400.0,Part-time,Mortgage,20.2,8.9,36,755,Very Good (740-799)
BOR106979,52,MS,43300.0,Full-time,Rent,42.1,1.4,32,785,Very Good (740-799)
BOR106980,42,IN,60200.0,Full-time,Rent,34.9,1.7,25,666,Fair (620-679)
BOR106981,36,PA,73200.0,Full-time,Mortgage,42.6,0.6,18,658,Fair (620-679)
BOR106982,40,TX,85300.0,Full-time,Rent,37.8,5.5,22,747,Very Good (740-799)
BOR106983,28,IL,29500.0,Self-employed,Rent,29.7,3.7,11,668,Fair (620-679)
BOR106984,38,UT,83000.0,Full-time,Rent,34.8,1.6,18,527,Poor (<620)
BOR106985,38,UT,45700.0,Full-time,Rent,28.5,0.4,22,674,Fair (620-679)
BOR106986,32,MI,30700.0,Full-time,Rent,40.4,2.3,9,711,Good (680-739)
BOR106987,20,NC,42500.0,Full-time,Mortgage,24.0,18.4,1,728,Good (680-739)
BOR106988,26,WA,80400.0,Full-time,Other,25.0,0.2,3,623,Fair (620-679)
BOR106989,19,GA,57300.0,Self-employed,Mortgage,30.4,1.4,1,662,Fair (620-679)
BOR106990,37,NH,27000.0,Full-time,Own,38.2,3.3,16,743,Very Good (740-799)
BOR106991,45,IL,27100.0,Part-time,Rent,32.5,2.9,29,676,Fair (620-679)
BOR106992,19,NC,26800.0,Full-time,Mortgage,28.7,4.2,1,581,Poor (<620)
BOR106993,44,NJ,33600.0,Full-time,Own,42.6,1.5,28,760,Very Good (740-799)
BOR106994,40,NY,48300.0,Full-time,Own,37.9,2.6,23,666,Fair (620-679)
BOR106995,27,MI,28100.0,Full-time,Mortgage,27.4,5.2,10,751,Very Good (740-799)
BOR106996,36,LA,38500.0,Full-time,Mortgage,21.6,5.3,14,589,Poor (<620)
BOR106997,54,NY,87600.0,Part-time,Own,30.2,2.5,32,672,Fair (620-679)
BOR106998,29,MA,96600.0,Full-time,Own,25.8,2.4,11,713,Good (680-739)
BOR106999,42,NJ,93700.0,Full-time,Rent,24.3,0.1,21,674,Fair (620-679)
BOR107000,45,PA,20800.0,Full-time,Own,39.5,0.1,28,603,Poor (<620)
BOR107001,31,CA,99000.0,Full-time,Rent,43.3,4.8,12,525,Poor (<620)
BOR107002,53,OH,48600.0,Full-time,Rent,31.4,8.2,34,779,Very Good (740-799)
BOR107003,46,TX,48300.0,Full-time,Rent,31.9,4.1,23,696,Good (680-739)
BOR107004,38,MI,74100.0,Full-time,Mortgage,24.6,2.0,22,756,Very Good (740-799)
BOR107005,69,NV,64000.0,Retired,Rent,21.4,1.5,49,740,Very Good (740-799)
BOR107006,53,MD,20100.0,Full-time,Own,40.0,5.7,33,719,Good (680-739)
BOR107007,21,NM,35400.0,Unemployed,Rent,19.3,0.4,1,659,Fair (620-679)
BOR107008,36,NJ,39500.0,Self-employed,Own,25.8,2.2,17,712,Good (680-739)
BOR107009,71,MD,25600.0,Full-time,Mortgage,25.5,8.7,51,773,Very Good (740-799)
BOR107010,29,IN,73000.0,Full-time,Own,36.2,7.7,13,685,Good (680-739)
BOR107011,42,IL,89100.0,Full-time,Other,30.0,9.1,19,804,Exceptional (800+)
BOR107012,56,GA,46400.0,Full-time,Own,26.3,2.4,33,583,Poor (<620)
BOR107013,49,AZ,53300.0,Retired,Own,45.6,4.6,32,576,Poor (<620)
BOR107014,51,MN,46400.0,Full-time,Own,48.3,0.7,34,744,Very Good (740-799)
BOR107015,50,VA,48800.0,Full-time,Rent,35.9,0.9,34,627,Fair (620-679)
BOR107016,41,IL,77100.0,Full-time,Mortgage,33.4,1.3,20,813,Exceptional (800+)
BOR107017,31,NH,21100.0,Full-time,Rent,27.0,7.5,11,767,Very Good (740-799)
BOR107018,46,FL,58000.0,Full-time,Other,31.8,3.0,26,783,Very Good (740-799)
BOR107019,36,UT,46900.0,Part-time,Rent,20.0,2.2,15,737,Good (680-739)
BOR107020,35,NV,33800.0,Full-time,Own,41.9,1.7,16,620,Fair (620-679)
BOR107021,59,NV,37200.0,Full-time,Other,30.7,0.4,37,572,Poor (<620)
BOR107022,36,MN,106400.0,Full-time,Mortgage,25.1,1.1,19,777,Very Good (740-799)
BOR107023,61,IL,25700.0,Full-time,Mortgage,28.7,5.3,42,583,Poor (<620)
BOR107024,44,TN,43200.0,Full-time,Rent,39.1,8.5,26,783,Very Good (740-799)
BOR107025,39,CO,97100.0,Full-time,Rent,29.4,2.5,22,724,Good (680-739)
BOR107026,19,WI,26300.0,Full-time,Other,24.1,4.3,1,675,Fair (620-679)
BOR107027,66,OH,38000.0,Full-time,Other,11.1,1.8,48,709,Good (680-739)
BOR107028,41,PA,47500.0,Full-time,Mortgage,31.2,4.7,25,710,Good (680-739)
BOR107029,19,NC,56100.0,Full-time,Own,35.8,0.4,1,667,Fair (620-679)
BOR107030,53,VA,45000.0,Full-time,Rent,27.1,1.6,37,773,Very Good (740-799)
BOR107031,40,MA,31200.0,Full-time,Own,24.1,2.0,22,770,Very Good (740-799)
BOR107032,30,NV,57000.0,Full-time,Rent,20.7,7.3,12,690,Good (680-739)
BOR107033,52,MN,44600.0,Part-time,Own,28.2,10.8,30,641,Fair (620-679)
BOR107034,19,MO,61900.0,Full-time,Mortgage,20.9,6.1,1,765,Very Good (740-799)
BOR107035,32,OH,70700.0,Full-time,Rent,20.8,0.6,16,549,Poor (<620)
BOR107036,37,VA,23900.0,Self-employed,Rent,27.2,3.4,17,709,Good (680-739)
BOR107037,51,NC,74200.0,Unemployed,Other,50.8,1.5,32,728,Good (680-739)
BOR107038,68,IL,41600.0,Unemployed,Rent,55.4,1.3,50,626,Fair (620-679)
BOR107039,38,CA,67600.0,Full-time,Rent,43.8,3.7,17,743,Very Good (740-799)
BOR107040,47,NC,58200.0,Full-time,Mortgage,38.4,2.1,31,678,Fair (620-679)
BOR107041,74,OH,107400.0,Self-employed,Rent,12.6,0.2,55,645,Fair (620-679)
BOR107042,41,MA,46800.0,Full-time,Mortgage,58.8,12.0,19,743,Very Good (740-799)
BOR107043,47,TX,38900.0,Unemployed,Mortgage,35.9,2.2,26,609,Poor (<620)
BOR107044,26,OH,37000.0,Full-time,Rent,21.0,1.3,9,736,Good (680-739)
BOR107045,65,TX,29200.0,Full-time,Rent,58.9,4.7,42,551,Poor (<620)
BOR107046,32,IN,67100.0,Full-time,Own,31.0,2.8,10,699,Good (680-739)
BOR107047,44,AZ,28400.0,Full-time,Rent,40.3,5.3,28,683,Good (680-739)
BOR107048,44,NC,66800.0,Full-time,Mortgage,28.9,9.1,21,645,Fair (620-679)
BOR107049,42,NY,42200.0,Unemployed,Mortgage,37.7,3.0,26,705,Good (680-739)
BOR107050,36,UT,21100.0,Full-time,Rent,38.9,2.9,17,675,Fair (620-679)
BOR107051,44,MA,91100.0,Full-time,Own,40.6,0.6,24,749,Very Good (740-799)
BOR107052,62,MO,18000.0,Full-time,Rent,44.8,10.9,44,716,Good (680-739)
BOR107053,68,AZ,44900.0,Full-time,Rent,33.6,0.8,45,709,Good (680-739)
BOR107054,39,NV,51800.0,Retired,Mortgage,34.1,5.7,17,699,Good (680-739)
BOR107055,36,LA,18000.0,Full-time,Mortgage,31.5,10.0,17,649,Fair (620-679)
BOR107056,31,MI,56900.0,Full-time,Rent,21.6,5.7,12,660,Fair (620-679)
BOR107057,73,MD,34500.0,Full-time,Rent,23.0,5.3,54,696,Good (680-739)
BOR107058,43,IL,41700.0,Full-time,Other,28.9,2.1,24,669,Fair (620-679)
BOR107059,54,IN,85300.0,Part-time,Rent,44.6,3.6,37,752,Very Good (740-799)
BOR107060,49,MI,49700.0,Full-time,Mortgage,36.7,4.0,28,686,Good (680-739)
BOR107061,68,CA,39800.0,Self-employed,Rent,31.1,0.9,50,704,Good (680-739)
BOR107062,38,UT,43200.0,Full-time,Own,29.4,4.5,16,589,Poor (<620)
BOR107063,28,LA,103700.0,Full-time,Own,20.3,4.8,12,741,Very Good (740-799)
BOR107064,63,GA,55900.0,Full-time,Mortgage,23.0,7.1,46,642,Fair (620-679)
BOR107065,52,NH,31300.0,Full-time,Mortgage,33.5,1.4,32,612,Poor (<620)
BOR107066,46,GA,37400.0,Full-time,Rent,32.1,1.4,28,787,Very Good (740-799)
BOR107067,59,NJ,27300.0,Full-time,Rent,39.8,8.5,37,725,Good (680-739)
BOR107068,47,NV,38100.0,Full-time,Mortgage,29.8,0.5,26,744,Very Good (740-799)
BOR107069,60,GA,96100.0,Full-time,Rent,37.7,8.5,38,710,Good (680-739)
BOR107070,44,NJ,43300.0,Full-time,Rent,16.7,1.7,22,674,Fair (620-679)
BOR107071,52,IN,25500.0,Part-time,Rent,22.5,1.3,33,662,Fair (620-679)
BOR107072,47,NY,56600.0,Full-time,Mortgage,34.6,0.0,31,731,Good (680-739)
BOR107073,37,NJ,39100.0,Full-time,Mortgage,32.2,8.3,18,754,Very Good (740-799)
BOR107074,39,GA,60000.0,Full-time,Own,39.4,6.6,22,676,Fair (620-679)
BOR107075,36,MO,41800.0,Retired,Mortgage,43.8,3.3,15,815,Exceptional (800+)
BOR107076,44,NY,89400.0,Full-time,Other,44.2,2.6,21,667,Fair (620-679)
BOR107077,36,IL,31000.0,Full-time,Mortgage,47.9,4.5,13,589,Poor (<620)
BOR107078,46,MD,27600.0,Full-time,Mortgage,50.2,2.7,25,568,Poor (<620)
BOR107079,46,PA,71100.0,Full-time,Mortgage,28.4,4.7,25,570,Poor (<620)
BOR107080,43,NJ,18900.0,Full-time,Rent,55.0,1.9,20,653,Fair (620-679)
BOR107081,44,MD,43200.0,Unemployed,Rent,60.9,9.7,25,665,Fair (620-679)
BOR107082,34,CO,66900.0,Part-time,Own,19.0,0.4,18,724,Good (680-739)
BOR107083,38,FL,18000.0,Part-time,Rent,26.1,12.8,15,678,Fair (620-679)
BOR107084,21,NV,48000.0,Retired,Mortgage,35.6,0.2,1,735,Good (680-739)
BOR107085,40,MD,23800.0,Full-time,Mortgage,34.3,0.0,17,683,Good (680-739)
BOR107086,29,NC,20300.0,Self-employed,Rent,15.1,2.9,7,681,Good (680-739)
BOR107087,42,CO,28900.0,Unemployed,Rent,22.5,6.8,21,642,Fair (620-679)
BOR107088,32,MD,42900.0,Full-time,Own,34.2,1.7,13,772,Very Good (740-799)
BOR107089,19,TN,33900.0,Self-employed,Own,29.8,2.0,1,580,Poor (<620)
BOR107090,68,AZ,76700.0,Self-employed,Rent,38.2,1.5,45,700,Good (680-739)
BOR107091,38,WI,48400.0,Full-time,Rent,51.6,3.3,15,668,Fair (620-679)
BOR107092,58,NH,37400.0,Full-time,Rent,19.6,4.3,38,731,Good (680-739)
BOR107093,35,MA,25900.0,Full-time,Mortgage,55.1,0.3,15,679,Fair (620-679)
BOR107094,61,NV,51600.0,Full-time,Rent,50.8,6.5,40,681,Good (680-739)
BOR107095,27,WI,117800.0,Full-time,Rent,14.7,6.9,9,663,Fair (620-679)
BOR107096,43,LA,34000.0,Full-time,Rent,20.1,0.4,26,771,Very Good (740-799)
BOR107097,28,UT,35800.0,Full-time,Mortgage,28.0,6.7,7,680,Good (680-739)
BOR107098,72,PA,28900.0,Full-time,Own,22.5,5.4,53,808,Exceptional (800+)
BOR107099,38,PA,79400.0,Full-time,Rent,37.8,0.6,21,698,Good (680-739)
BOR107100,51,MA,70800.0,Full-time,Own,38.3,2.6,28,681,Good (680-739)
BOR107101,46,NJ,38100.0,Full-time,Rent,33.4,0.7,28,671,Fair (620-679)
BOR107102,41,MA,35600.0,Retired,Mortgage,35.7,1.9,21,717,Good (680-739)
BOR107103,47,MN,30500.0,Full-time,Own,30.7,1.0,28,642,Fair (620-679)
BOR107104,57,MS,40900.0,Retired,Rent,36.0,0.3,38,689,Good (680-739)
BOR107105,49,NJ,73800.0,Full-time,Mortgage,51.1,5.0,27,681,Good (680-739)
BOR107106,43,MD,47500.0,Full-time,Own,8.1,1.8,21,701,Good (680-739)
BOR107107,47,PA,83200.0,Full-time,Rent,32.2,4.3,28,703,Good (680-739)
BOR107108,64,AZ,33700.0,Unemployed,Own,36.6,0.3,44,706,Good (680-739)
BOR107109,36,CA,18000.0,Part-time,Mortgage,31.0,2.0,16,686,Good (680-739)
BOR107110,19,WA,150600.0,Self-employed,Mortgage,35.1,0.8,3,782,Very Good (740-799)
BOR107111,28,AZ,51400.0,Full-time,Own,44.0,4.5,6,707,Good (680-739)
BOR107112,29,WI,66200.0,Full-time,Own,26.8,11.1,9,849,Exceptional (800+)
BOR107113,30,IN,32700.0,Self-employed,Own,54.1,4.6,13,683,Good (680-739)
BOR107114,31,NC,25300.0,Full-time,Mortgage,17.2,4.8,10,742,Very Good (740-799)
BOR107115,41,CA,50000.0,Full-time,Other,38.2,1.9,20,633,Fair (620-679)
BOR107116,44,FL,19000.0,Full-time,Rent,31.9,3.5,24,771,Very Good (740-799)
BOR107117,44,UT,41300.0,Part-time,Rent,34.6,8.4,23,634,Fair (620-679)
BOR107118,32,MS,73900.0,Full-time,Rent,39.6,2.5,10,710,Good (680-739)
BOR107119,53,NC,57100.0,Full-time,Rent,25.8,0.6,33,663,Fair (620-679)
BOR107120,47,OH,52300.0,Full-time,Rent,43.0,2.7,31,709,Good (680-739)
BOR107121,60,NJ,102200.0,Full-time,Other,51.8,0.4,37,665,Fair (620-679)
BOR107122,51,MD,55200.0,Full-time,Rent,29.1,1.0,32,629,Fair (620-679)
BOR107123,37,NC,19800.0,Full-time,Rent,26.8,4.0,17,662,Fair (620-679)
BOR107124,57,TX,43600.0,Full-time,Own,44.7,0.3,39,780,Very Good (740-799)
BOR107125,44,NJ,110900.0,Full-time,Rent,41.8,2.0,27,710,Good (680-739)
BOR107126,51,OH,40600.0,Part-time,Mortgage,16.3,11.0,28,596,Poor (<620)
BOR107127,50,NC,107900.0,Full-time,Rent,37.5,1.4,29,751,Very Good (740-799)
BOR107128,40,PA,73900.0,Full-time,Rent,39.8,4.2,21,622,Fair (620-679)
BOR107129,42,IN,38800.0,Full-time,Own,31.5,0.9,23,728,Good (680-739)
BOR107130,39,WA,28700.0,Full-time,Mortgage,47.0,3.4,21,716,Good (680-739)
BOR107131,31,OH,54300.0,Full-time,Rent,16.0,1.0,8,720,Good (680-739)
BOR107132,19,AZ,82600.0,Full-time,Own,10.5,0.3,1,800,Exceptional (800+)
BOR107133,33,WA,22900.0,Full-time,Rent,42.6,5.4,11,626,Fair (620-679)
BOR107134,43,MN,49200.0,Full-time,Mortgage,23.9,12.9,27,720,Good (680-739)
BOR107135,54,UT,18600.0,Part-time,Rent,31.7,5.6,37,762,Very Good (740-799)
BOR107136,51,NY,40000.0,Full-time,Rent,20.7,5.9,34,638,Fair (620-679)
BOR107137,38,LA,22100.0,Full-time,Rent,40.5,3.2,20,632,Fair (620-679)
BOR107138,33,MD,60100.0,Full-time,Mortgage,35.4,2.0,14,661,Fair (620-679)
BOR107139,39,MD,34200.0,Full-time,Rent,30.7,6.0,22,701,Good (680-739)
BOR107140,29,MI,78500.0,Full-time,Mortgage,19.7,7.5,11,588,Poor (<620)
BOR107141,19,NC,36600.0,Full-time,Own,30.4,10.8,1,716,Good (680-739)
BOR107142,22,CA,35100.0,Full-time,Rent,35.3,1.4,5,588,Poor (<620)
BOR107143,57,NH,22500.0,Full-time,Rent,26.7,0.1,41,764,Very Good (740-799)
BOR107144,63,TN,55600.0,Full-time,Rent,27.0,2.3,46,713,Good (680-739)
BOR107145,50,NJ,58200.0,Retired,Rent,32.1,0.3,31,804,Exceptional (800+)
BOR107146,40,AZ,71200.0,Full-time,Own,38.7,3.3,17,723,Good (680-739)
BOR107147,24,TX,62600.0,Self-employed,Own,36.2,0.9,7,660,Fair (620-679)
BOR107148,39,PA,55900.0,Full-time,Mortgage,43.8,4.6,19,628,Fair (620-679)
BOR107149,48,TN,61000.0,Full-time,Other,31.1,3.1,29,696,Good (680-739)
BOR107150,51,WA,63800.0,Full-time,Mortgage,42.1,8.4,30,678,Fair (620-679)
BOR107151,49,MN,70200.0,Full-time,Rent,20.3,1.9,27,757,Very Good (740-799)
BOR107152,56,IN,23400.0,Full-time,Own,36.0,2.3,40,620,Fair (620-679)
BOR107153,64,TN,37900.0,Retired,Mortgage,35.5,2.5,48,811,Exceptional (800+)
BOR107154,36,NV,22500.0,Full-time,Mortgage,55.6,1.1,14,763,Very Good (740-799)
BOR107155,75,TX,54100.0,Full-time,Other,25.3,1.8,55,667,Fair (620-679)
BOR107156,19,MD,97100.0,Part-time,Mortgage,20.0,0.4,1,797,Very Good (740-799)
BOR107157,32,MD,69800.0,Full-time,Own,24.3,4.2,10,629,Fair (620-679)
BOR107158,43,OH,35500.0,Self-employed,Own,25.7,2.2,20,693,Good (680-739)
BOR107159,48,PA,58500.0,Part-time,Own,36.1,3.9,30,597,Poor (<620)
BOR107160,39,IL,54600.0,Self-employed,Mortgage,19.4,0.1,16,800,Exceptional (800+)
BOR107161,35,PA,51800.0,Full-time,Other,35.5,0.9,17,573,Poor (<620)
BOR107162,67,WA,25900.0,Full-time,Rent,32.3,1.1,47,586,Poor (<620)
BOR107163,34,NY,84300.0,Full-time,Rent,41.1,0.8,16,639,Fair (620-679)
BOR107164,29,IN,27400.0,Full-time,Rent,38.2,7.1,11,766,Very Good (740-799)
BOR107165,61,FL,39500.0,Self-employed,Mortgage,40.3,3.5,40,742,Very Good (740-799)
BOR107166,51,CA,71800.0,Full-time,Rent,36.9,5.6,29,688,Good (680-739)
BOR107167,54,NC,39400.0,Full-time,Mortgage,43.7,5.4,31,746,Very Good (740-799)
BOR107168,43,PA,48300.0,Full-time,Mortgage,17.1,2.3,23,672,Fair (620-679)
BOR107169,24,NH,49200.0,Full-time,Own,17.4,0.4,5,707,Good (680-739)
BOR107170,42,GA,48000.0,Full-time,Rent,31.8,1.5,23,787,Very Good (740-799)
BOR107171,23,IL,49100.0,Full-time,Mortgage,32.8,3.8,1,664,Fair (620-679)
BOR107172,44,PA,51300.0,Full-time,Mortgage,21.8,12.2,28,630,Fair (620-679)
BOR107173,49,MI,48200.0,Full-time,Mortgage,37.6,12.7,32,711,Good (680-739)
BOR107174,54,TN,31200.0,Self-employed,Mortgage,19.0,3.4,33,728,Good (680-739)
BOR107175,40,MN,23200.0,Full-time,Rent,29.3,12.9,18,687,Good (680-739)
BOR107176,50,NC,73100.0,Full-time,Rent,31.8,8.7,32,745,Very Good (740-799)
BOR107177,30,TN,74600.0,Full-time,Rent,37.7,1.2,12,667,Fair (620-679)
BOR107178,53,VA,54300.0,Part-time,Rent,27.0,25.8,35,688,Good (680-739)
BOR107179,49,NV,54100.0,Full-time,Mortgage,44.2,1.9,32,704,Good (680-739)
BOR107180,31,AZ,30900.0,Full-time,Rent,48.8,4.0,12,699,Good (680-739)
BOR107181,47,GA,18000.0,Part-time,Other,47.4,11.2,26,785,Very Good (740-799)
BOR107182,54,MD,41700.0,Full-time,Mortgage,50.1,5.0,35,704,Good (680-739)
BOR107183,42,NV,19900.0,Full-time,Mortgage,42.7,2.5,24,660,Fair (620-679)
BOR107184,31,VA,50700.0,Full-time,Rent,38.2,9.3,12,714,Good (680-739)
BOR107185,43,NH,83900.0,Full-time,Rent,24.5,20.4,26,746,Very Good (740-799)
BOR107186,48,LA,35300.0,Full-time,Rent,26.4,1.5,29,730,Good (680-739)
BOR107187,31,PA,36300.0,Full-time,Mortgage,41.5,5.8,12,727,Good (680-739)
BOR107188,29,MN,29700.0,Part-time,Rent,14.2,3.9,10,583,Poor (<620)
BOR107189,47,TN,47600.0,Full-time,Rent,45.2,6.5,30,518,Poor (<620)
BOR107190,51,AZ,45900.0,Full-time,Rent,25.9,9.4,33,763,Very Good (740-799)
BOR107191,67,WA,29500.0,Full-time,Own,26.7,18.6,47,709,Good (680-739)
BOR107192,49,NV,70300.0,Part-time,Rent,39.8,1.0,27,679,Fair (620-679)
BOR107193,26,TN,157300.0,Self-employed,Own,34.8,11.8,3,725,Good (680-739)
BOR107194,65,AZ,79700.0,Unemployed,Mortgage,27.8,1.2,48,805,Exceptional (800+)
BOR107195,54,TX,44400.0,Self-employed,Rent,22.9,7.1,38,772,Very Good (740-799)
BOR107196,19,NJ,44100.0,Full-time,Mortgage,17.0,0.0,1,743,Very Good (740-799)
BOR107197,29,MS,37000.0,Self-employed,Own,10.4,13.6,11,622,Fair (620-679)
BOR107198,35,MD,36700.0,Full-time,Rent,46.6,1.5,16,631,Fair (620-679)
BOR107199,51,TX,71800.0,Self-employed,Rent,29.8,2.4,31,525,Poor (<620)
BOR107200,19,LA,73200.0,Full-time,Rent,23.1,8.5,1,721,Good (680-739)
BOR107201,40,NV,27500.0,Full-time,Own,39.5,2.5,21,752,Very Good (740-799)
BOR107202,50,AZ,55000.0,Full-time,Own,24.2,0.3,34,757,Very Good (740-799)
BOR107203,19,CA,76900.0,Full-time,Mortgage,24.4,1.4,1,724,Good (680-739)
BOR107204,50,AZ,39800.0,Full-time,Own,43.9,6.8,31,670,Fair (620-679)
BOR107205,51,TX,42400.0,Full-time,Mortgage,39.4,3.7,35,643,Fair (620-679)
BOR107206,31,NC,63800.0,Full-time,Other,33.8,5.0,8,626,Fair (620-679)
BOR107207,27,TN,64600.0,Self-employed,Mortgage,26.5,1.9,7,669,Fair (620-679)
BOR107208,31,MS,56600.0,Self-employed,Rent,34.3,7.1,14,616,Poor (<620)
BOR107209,19,NC,52300.0,Full-time,Rent,37.8,3.2,1,794,Very Good (740-799)
BOR107210,37,LA,55500.0,Part-time,Own,34.6,4.1,15,595,Poor (<620)
BOR107211,44,MS,41200.0,Full-time,Mortgage,44.1,1.9,24,667,Fair (620-679)
BOR107212,26,CA,28200.0,Full-time,Rent,22.0,3.6,7,554,Poor (<620)
BOR107213,53,OH,23100.0,Self-employed,Own,29.4,28.0,37,699,Good (680-739)
BOR107214,42,MD,61000.0,Full-time,Mortgage,37.6,0.9,20,680,Good (680-739)
BOR107215,44,CO,49000.0,Self-employed,Rent,26.3,1.1,28,657,Fair (620-679)
BOR107216,36,MI,57200.0,Full-time,Mortgage,41.5,8.8,17,619,Poor (<620)
BOR107217,50,IN,32100.0,Self-employed,Mortgage,45.4,0.8,29,680,Good (680-739)
BOR107218,56,TN,48800.0,Part-time,Rent,32.6,6.2,39,645,Fair (620-679)
BOR107219,36,WI,48300.0,Full-time,Mortgage,35.8,0.3,19,671,Fair (620-679)
BOR107220,50,MD,82900.0,Full-time,Rent,29.9,1.2,29,807,Exceptional (800+)
BOR107221,50,TX,68400.0,Full-time,Mortgage,29.1,2.8,32,691,Good (680-739)
BOR107222,46,PA,33400.0,Full-time,Rent,44.8,0.6,29,715,Good (680-739)
BOR107223,61,NY,58500.0,Part-time,Rent,23.6,10.7,42,650,Fair (620-679)
BOR107224,32,MS,33300.0,Full-time,Other,40.3,0.5,9,629,Fair (620-679)
BOR107225,36,MS,18000.0,Full-time,Rent,27.1,2.3,17,679,Fair (620-679)
BOR107226,32,MN,101400.0,Full-time,Rent,23.5,3.2,15,843,Exceptional (800+)
BOR107227,50,FL,39400.0,Full-time,Rent,42.1,1.1,34,661,Fair (620-679)
BOR107228,38,MA,74400.0,Full-time,Mortgage,39.0,0.8,18,703,Good (680-739)
BOR107229,33,PA,34600.0,Full-time,Mortgage,25.5,4.8,14,626,Fair (620-679)
BOR107230,61,NC,32400.0,Part-time,Rent,30.3,2.8,44,501,Poor (<620)
BOR107231,63,OH,36500.0,Part-time,Rent,30.8,9.5,44,629,Fair (620-679)
BOR107232,37,NV,52200.0,Full-time,Other,34.4,0.0,16,835,Exceptional (800+)
BOR107233,25,NY,50500.0,Full-time,Rent,27.1,3.2,7,719,Good (680-739)
BOR107234,63,IN,58300.0,Full-time,Own,49.4,5.5,47,787,Very Good (740-799)
BOR107235,47,NH,37300.0,Self-employed,Own,20.9,3.8,27,657,Fair (620-679)
BOR107236,46,MD,47500.0,Full-time,Own,16.8,0.5,28,527,Poor (<620)
BOR107237,42,TX,31900.0,Full-time,Rent,30.8,2.4,21,608,Poor (<620)
BOR107238,31,MS,90300.0,Full-time,Mortgage,12.1,2.3,8,706,Good (680-739)
BOR107239,36,IN,25800.0,Full-time,Rent,24.2,7.1,13,695,Good (680-739)
BOR107240,49,NJ,32200.0,Full-time,Mortgage,25.7,4.6,26,679,Fair (620-679)
BOR107241,36,IN,38500.0,Full-time,Rent,32.2,0.8,13,646,Fair (620-679)
BOR107242,46,LA,136600.0,Full-time,Mortgage,30.0,6.5,30,741,Very Good (740-799)
BOR107243,41,VA,65800.0,Full-time,Rent,34.4,1.8,20,647,Fair (620-679)
BOR107244,28,AZ,31800.0,Self-employed,Rent,24.2,4.2,9,700,Good (680-739)
BOR107245,60,NJ,67500.0,Retired,Mortgage,28.2,0.3,43,693,Good (680-739)
BOR107246,48,TX,58800.0,Full-time,Rent,37.8,5.0,25,656,Fair (620-679)
BOR107247,45,MN,52700.0,Full-time,Mortgage,9.3,4.1,23,623,Fair (620-679)
BOR107248,48,NY,63800.0,Full-time,Mortgage,36.2,8.1,25,652,Fair (620-679)
BOR107249,19,MI,47900.0,Full-time,Mortgage,10.6,0.1,1,802,Exceptional (800+)
BOR107250,35,MI,50400.0,Full-time,Mortgage,32.1,0.1,19,752,Very Good (740-799)
BOR107251,23,GA,23200.0,Full-time,Mortgage,37.2,0.4,6,746,Very Good (740-799)
BOR107252,42,NJ,89300.0,Full-time,Rent,35.1,7.0,25,629,Fair (620-679)
BOR107253,45,TN,38100.0,Full-time,Other,25.8,2.1,27,587,Poor (<620)
BOR107254,43,GA,26700.0,Full-time,Mortgage,34.6,0.7,21,751,Very Good (740-799)
BOR107255,55,PA,37200.0,Full-time,Rent,22.6,3.7,39,739,Good (680-739)
BOR107256,23,LA,37800.0,Unemployed,Mortgage,45.8,7.1,5,689,Good (680-739)
BOR107257,31,UT,32500.0,Full-time,Mortgage,40.3,6.3,12,656,Fair (620-679)
BOR107258,46,NJ,66200.0,Full-time,Mortgage,22.5,2.4,30,585,Poor (<620)
BOR107259,44,NC,72300.0,Full-time,Rent,45.8,6.6,22,736,Good (680-739)
BOR107260,25,TX,19300.0,Full-time,Own,33.9,6.0,7,757,Very Good (740-799)
BOR107261,55,CA,37000.0,Self-employed,Mortgage,20.7,7.4,39,636,Fair (620-679)
BOR107262,60,MI,38200.0,Part-time,Rent,43.7,2.6,43,630,Fair (620-679)
BOR107263,46,MS,43200.0,Full-time,Mortgage,48.4,5.3,30,761,Very Good (740-799)
BOR107264,23,MD,100500.0,Full-time,Own,29.4,1.0,7,638,Fair (620-679)
BOR107265,43,NC,32300.0,Full-time,Mortgage,35.7,5.9,26,796,Very Good (740-799)
BOR107266,45,UT,94200.0,Full-time,Own,31.9,4.7,25,673,Fair (620-679)
BOR107267,38,NJ,43700.0,Retired,Mortgage,37.8,5.7,21,655,Fair (620-679)
BOR107268,57,OH,94600.0,Self-employed,Mortgage,39.9,2.8,40,683,Good (680-739)
BOR107269,40,NJ,40500.0,Full-time,Other,41.9,0.9,19,655,Fair (620-679)
BOR107270,66,IL,38500.0,Part-time,Rent,13.5,0.1,48,753,Very Good (740-799)
BOR107271,50,LA,46200.0,Full-time,Own,26.8,6.6,33,738,Good (680-739)
BOR107272,44,NC,83400.0,Full-time,Own,41.7,0.3,21,751,Very Good (740-799)
BOR107273,52,IN,50100.0,Self-employed,Other,25.0,5.9,33,692,Good (680-739)
BOR107274,59,MI,51200.0,Self-employed,Rent,35.5,1.2,39,650,Fair (620-679)
BOR107275,52,MS,62100.0,Full-time,Rent,22.8,4.2,31,679,Fair (620-679)
BOR107276,40,IN,31400.0,Self-employed,Rent,38.8,4.3,24,652,Fair (620-679)
BOR107277,33,WA,54300.0,Full-time,Own,32.4,0.6,16,775,Very Good (740-799)
BOR107278,28,NY,35100.0,Full-time,Mortgage,38.0,12.4,6,745,Very Good (740-799)
BOR107279,19,MS,90400.0,Unemployed,Mortgage,35.9,1.4,2,674,Fair (620-679)
BOR107280,43,AZ,56300.0,Self-employed,Mortgage,17.9,5.7,26,620,Fair (620-679)
BOR107281,36,GA,63700.0,Full-time,Other,52.9,12.8,13,780,Very Good (740-799)
BOR107282,37,LA,18600.0,Full-time,Own,18.9,2.2,20,689,Good (680-739)
BOR107283,53,TX,64100.0,Part-time,Own,56.9,0.5,36,672,Fair (620-679)
BOR107284,40,GA,43000.0,Unemployed,Rent,10.4,4.1,17,781,Very Good (740-799)
BOR107285,64,AZ,24400.0,Full-time,Rent,32.7,0.4,41,647,Fair (620-679)
BOR107286,34,NC,48700.0,Full-time,Mortgage,17.9,1.5,16,659,Fair (620-679)
BOR107287,29,VA,23500.0,Full-time,Mortgage,48.2,0.6,6,665,Fair (620-679)
BOR107288,26,OH,61400.0,Full-time,Rent,21.9,5.4,5,594,Poor (<620)
BOR107289,50,NY,88900.0,Full-time,Mortgage,21.1,3.0,27,701,Good (680-739)
BOR107290,55,CA,20800.0,Full-time,Rent,32.3,2.8,38,630,Fair (620-679)
BOR107291,34,PA,46000.0,Full-time,Mortgage,46.3,0.2,15,643,Fair (620-679)
BOR107292,28,UT,43300.0,Unemployed,Own,44.3,4.1,10,634,Fair (620-679)
BOR107293,59,MA,19000.0,Full-time,Rent,29.8,4.3,38,642,Fair (620-679)
BOR107294,24,WA,70400.0,Self-employed,Rent,28.8,7.0,3,625,Fair (620-679)
BOR107295,53,MI,61800.0,Retired,Other,37.2,2.9,36,696,Good (680-739)
BOR107296,34,MD,116000.0,Full-time,Rent,31.4,5.1,12,670,Fair (620-679)
BOR107297,46,NY,58300.0,Full-time,Own,32.8,6.4,30,683,Good (680-739)
BOR107298,54,OH,31400.0,Self-employed,Rent,30.6,2.1,37,833,Exceptional (800+)
BOR107299,47,IN,58800.0,Full-time,Own,38.1,0.2,27,670,Fair (620-679)
BOR107300,37,VA,83100.0,Full-time,Mortgage,36.5,4.9,19,719,Good (680-739)
BOR107301,58,MN,37800.0,Full-time,Mortgage,47.2,3.8,42,727,Good (680-739)
BOR107302,44,LA,68400.0,Full-time,Own,25.6,0.4,24,676,Fair (620-679)
BOR107303,78,NV,18000.0,Full-time,Mortgage,25.5,12.0,55,698,Good (680-739)
BOR107304,21,PA,90600.0,Part-time,Rent,31.1,0.1,1,681,Good (680-739)
BOR107305,20,FL,66800.0,Retired,Own,30.0,8.8,1,693,Good (680-739)
BOR107306,53,PA,18000.0,Full-time,Mortgage,40.6,4.5,34,642,Fair (620-679)
BOR107307,41,MN,55400.0,Full-time,Mortgage,21.5,1.9,25,648,Fair (620-679)
BOR107308,51,MS,19100.0,Full-time,Rent,44.7,2.3,28,681,Good (680-739)
BOR107309,28,MS,35400.0,Full-time,Mortgage,29.2,4.2,7,552,Poor (<620)
BOR107310,42,GA,63300.0,Full-time,Own,43.8,0.2,24,777,Very Good (740-799)
BOR107311,46,NV,43900.0,Full-time,Rent,57.3,3.6,27,820,Exceptional (800+)
BOR107312,34,AZ,82100.0,Full-time,Rent,42.3,2.1,14,691,Good (680-739)
BOR107313,44,NV,48000.0,Full-time,Other,38.2,0.5,25,723,Good (680-739)
BOR107314,25,AZ,45900.0,Full-time,Other,43.2,6.1,7,750,Very Good (740-799)
BOR107315,46,NY,76400.0,Full-time,Mortgage,29.1,1.3,26,594,Poor (<620)
BOR107316,58,TX,40100.0,Self-employed,Rent,34.6,0.2,41,740,Very Good (740-799)
BOR107317,26,UT,46100.0,Full-time,Rent,25.3,1.4,4,652,Fair (620-679)
BOR107318,25,NJ,48900.0,Self-employed,Mortgage,25.9,3.6,2,829,Exceptional (800+)
BOR107319,55,NC,45200.0,Self-employed,Rent,35.1,6.8,38,668,Fair (620-679)
BOR107320,25,NC,78600.0,Self-employed,Mortgage,33.0,2.2,9,739,Good (680-739)
BOR107321,51,MI,34500.0,Full-time,Mortgage,36.3,1.5,35,668,Fair (620-679)
BOR107322,42,NM,32100.0,Full-time,Mortgage,33.3,5.3,23,823,Exceptional (800+)
BOR107323,36,TX,28900.0,Full-time,Rent,29.2,2.2,19,647,Fair (620-679)
BOR107324,59,FL,18000.0,Full-time,Rent,41.2,5.0,39,756,Very Good (740-799)
BOR107325,52,MN,90900.0,Full-time,Own,25.8,1.8,34,721,Good (680-739)
BOR107326,44,AZ,31100.0,Full-time,Rent,34.5,3.3,21,706,Good (680-739)
BOR107327,19,NY,41900.0,Full-time,Own,43.5,0.8,1,695,Good (680-739)
BOR107328,50,CA,94000.0,Full-time,Rent,39.1,3.3,31,637,Fair (620-679)
BOR107329,28,IL,43700.0,Full-time,Mortgage,31.7,1.2,8,512,Poor (<620)
BOR107330,38,OH,58800.0,Full-time,Own,14.0,1.9,18,750,Very Good (740-799)
BOR107331,41,CA,24600.0,Full-time,Rent,28.6,10.6,25,648,Fair (620-679)
BOR107332,64,IL,87500.0,Full-time,Rent,53.2,9.4,44,756,Very Good (740-799)
BOR107333,38,WI,44100.0,Part-time,Mortgage,29.5,0.6,16,703,Good (680-739)
BOR107334,24,LA,29500.0,Self-employed,Rent,31.9,3.3,8,758,Very Good (740-799)
BOR107335,59,LA,29500.0,Full-time,Rent,33.7,8.8,43,732,Good (680-739)
BOR107336,50,MI,99800.0,Full-time,Own,36.3,3.0,33,520,Poor (<620)
BOR107337,50,NC,35800.0,Full-time,Mortgage,25.4,2.5,33,720,Good (680-739)
BOR107338,59,NH,29800.0,Full-time,Mortgage,39.6,3.3,40,658,Fair (620-679)
BOR107339,62,MN,38400.0,Full-time,Rent,36.1,3.7,39,756,Very Good (740-799)
BOR107340,30,AZ,47600.0,Self-employed,Rent,14.8,4.8,10,718,Good (680-739)
BOR107341,24,OH,49900.0,Full-time,Mortgage,6.6,4.9,6,719,Good (680-739)
BOR107342,51,NC,57000.0,Full-time,Rent,26.6,7.2,30,662,Fair (620-679)
BOR107343,38,WA,51800.0,Full-time,Own,19.9,10.4,20,621,Fair (620-679)
BOR107344,39,AZ,62400.0,Full-time,Mortgage,35.1,0.8,17,652,Fair (620-679)
BOR107345,28,CA,41200.0,Full-time,Rent,28.3,2.4,11,563,Poor (<620)
BOR107346,48,UT,118500.0,Full-time,Mortgage,36.7,0.6,29,642,Fair (620-679)
BOR107347,46,MA,37400.0,Full-time,Rent,36.8,5.5,29,585,Poor (<620)
BOR107348,39,MA,85700.0,Full-time,Other,21.9,0.4,16,587,Poor (<620)
BOR107349,24,IL,35600.0,Full-time,Mortgage,28.4,13.3,8,688,Good (680-739)
BOR107350,56,CO,24500.0,Full-time,Mortgage,26.5,7.3,39,715,Good (680-739)
BOR107351,44,WI,22000.0,Full-time,Mortgage,41.3,2.7,22,678,Fair (620-679)
BOR107352,54,FL,53500.0,Full-time,Mortgage,30.2,7.4,37,648,Fair (620-679)
BOR107353,19,TN,78700.0,Part-time,Other,44.5,10.2,1,618,Poor (<620)
BOR107354,42,IN,27800.0,Full-time,Mortgage,45.1,4.7,23,659,Fair (620-679)
BOR107355,32,NV,31400.0,Full-time,Mortgage,30.6,1.3,13,627,Fair (620-679)
BOR107356,41,IL,55500.0,Full-time,Rent,26.1,4.1,25,676,Fair (620-679)
BOR107357,52,LA,46600.0,Full-time,Rent,23.2,3.8,30,581,Poor (<620)
BOR107358,45,VA,35800.0,Self-employed,Rent,39.1,1.8,24,726,Good (680-739)
BOR107359,41,FL,26200.0,Self-employed,Rent,31.0,7.5,23,643,Fair (620-679)
BOR107360,41,FL,53600.0,Full-time,Rent,24.7,0.7,22,704,Good (680-739)
BOR107361,22,PA,62600.0,Full-time,Mortgage,41.0,6.2,4,738,Good (680-739)
BOR107362,30,GA,58200.0,Part-time,Own,41.2,1.6,12,701,Good (680-739)
BOR107363,54,WA,47200.0,Full-time,Rent,22.5,1.3,31,732,Good (680-739)
BOR107364,35,CO,29000.0,Full-time,Rent,35.6,1.9,14,546,Poor (<620)
BOR107365,55,PA,53700.0,Full-time,Mortgage,37.9,2.7,38,648,Fair (620-679)
BOR107366,51,NH,51900.0,Full-time,Rent,49.0,13.2,29,752,Very Good (740-799)
BOR107367,52,PA,25800.0,Self-employed,Rent,30.3,1.3,30,713,Good (680-739)
BOR107368,45,TN,40700.0,Self-employed,Mortgage,32.0,4.4,28,800,Exceptional (800+)
BOR107369,36,MS,55000.0,Full-time,Other,38.6,8.7,19,791,Very Good (740-799)
BOR107370,39,NV,45000.0,Retired,Rent,44.7,3.4,16,699,Good (680-739)
BOR107371,49,IN,19300.0,Full-time,Rent,36.0,3.6,26,664,Fair (620-679)
BOR107372,19,MD,35000.0,Full-time,Rent,34.3,1.4,3,618,Poor (<620)
BOR107373,56,NY,33900.0,Full-time,Rent,26.4,10.9,39,649,Fair (620-679)
BOR107374,35,CA,60000.0,Self-employed,Mortgage,28.8,0.3,15,653,Fair (620-679)
BOR107375,40,NJ,150100.0,Retired,Mortgage,30.5,1.2,22,641,Fair (620-679)
BOR107376,40,FL,49500.0,Part-time,Rent,39.0,6.3,23,620,Fair (620-679)
BOR107377,41,NC,27200.0,Full-time,Rent,36.5,3.7,21,706,Good (680-739)
BOR107378,25,IL,43400.0,Full-time,Rent,25.1,0.9,6,790,Very Good (740-799)
BOR107379,43,MS,46900.0,Full-time,Own,40.5,2.4,26,741,Very Good (740-799)
BOR107380,48,LA,65500.0,Full-time,Rent,30.3,2.3,30,659,Fair (620-679)
BOR107381,19,NV,81500.0,Unemployed,Mortgage,30.5,4.3,3,746,Very Good (740-799)
BOR107382,25,MD,87200.0,Self-employed,Rent,39.7,0.1,2,703,Good (680-739)
BOR107383,52,PA,59400.0,Full-time,Mortgage,40.9,0.7,34,677,Fair (620-679)
BOR107384,50,TX,46600.0,Full-time,Rent,35.5,2.5,29,673,Fair (620-679)
BOR107385,45,IN,90900.0,Full-time,Rent,50.7,0.6,26,667,Fair (620-679)
BOR107386,33,IN,39900.0,Full-time,Rent,13.3,17.7,10,722,Good (680-739)
BOR107387,50,NC,47800.0,Unemployed,Rent,41.7,13.5,34,689,Good (680-739)
BOR107388,27,VA,41800.0,Full-time,Mortgage,22.0,6.3,11,633,Fair (620-679)
BOR107389,39,WA,18000.0,Self-employed,Rent,31.8,5.4,17,630,Fair (620-679)
BOR107390,25,OH,82600.0,Full-time,Rent,32.2,1.5,6,700,Good (680-739)
BOR107391,39,GA,63200.0,Full-time,Mortgage,31.5,0.1,21,708,Good (680-739)
BOR107392,29,NJ,18000.0,Retired,Mortgage,23.0,2.6,11,660,Fair (620-679)
BOR107393,50,TN,73200.0,Full-time,Rent,18.5,2.8,33,606,Poor (<620)
BOR107394,46,UT,40700.0,Full-time,Own,12.9,0.2,24,761,Very Good (740-799)
BOR107395,34,AZ,72800.0,Full-time,Own,30.0,4.5,13,748,Very Good (740-799)
BOR107396,54,MD,48200.0,Full-time,Rent,33.4,1.4,33,551,Poor (<620)
BOR107397,30,NV,25300.0,Full-time,Mortgage,38.0,11.3,7,767,Very Good (740-799)
BOR107398,41,FL,47200.0,Full-time,Rent,43.7,5.0,24,666,Fair (620-679)
BOR107399,34,IN,31100.0,Full-time,Mortgage,40.5,10.4,15,692,Good (680-739)
BOR107400,50,VA,26900.0,Full-time,Mortgage,42.0,1.8,30,754,Very Good (740-799)
BOR107401,49,MA,68900.0,Full-time,Mortgage,22.1,9.0,30,787,Very Good (740-799)
BOR107402,57,TX,55600.0,Self-employed,Rent,43.1,3.3,39,745,Very Good (740-799)
BOR107403,42,MS,91500.0,Self-employed,Own,35.8,0.7,23,696,Good (680-739)
BOR107404,19,UT,39000.0,Retired,Mortgage,19.1,24.8,1,591,Poor (<620)
BOR107405,36,CA,30200.0,Full-time,Rent,42.8,4.6,19,548,Poor (<620)
BOR107406,60,IL,62200.0,Full-time,Rent,23.3,0.8,38,737,Good (680-739)
BOR107407,37,PA,32000.0,Full-time,Mortgage,21.7,4.1,19,767,Very Good (740-799)
BOR107408,19,MN,40600.0,Retired,Rent,47.5,3.5,3,627,Fair (620-679)
BOR107409,46,TN,59100.0,Full-time,Mortgage,34.5,2.7,27,662,Fair (620-679)
BOR107410,47,PA,44100.0,Retired,Own,21.7,0.5,27,644,Fair (620-679)
BOR107411,32,NV,37400.0,Self-employed,Mortgage,26.7,2.9,9,642,Fair (620-679)
BOR107412,38,NC,24800.0,Full-time,Rent,42.7,6.8,16,750,Very Good (740-799)
BOR107413,31,NJ,71100.0,Full-time,Rent,20.1,5.3,12,694,Good (680-739)
BOR107414,47,MI,39500.0,Full-time,Own,30.7,7.5,31,665,Fair (620-679)
BOR107415,42,WA,61600.0,Full-time,Mortgage,30.7,7.9,26,850,Exceptional (800+)
BOR107416,27,VA,58000.0,Unemployed,Rent,59.3,2.7,5,587,Poor (<620)
BOR107417,41,OH,76200.0,Full-time,Mortgage,17.5,5.4,23,716,Good (680-739)
BOR107418,32,NJ,41900.0,Self-employed,Rent,17.9,0.8,12,612,Poor (<620)
BOR107419,59,MS,39900.0,Full-time,Rent,26.4,2.1,36,670,Fair (620-679)
BOR107420,52,WA,28300.0,Part-time,Rent,25.7,2.5,34,690,Good (680-739)
BOR107421,40,MS,36500.0,Full-time,Rent,32.4,0.5,18,735,Good (680-739)
BOR107422,42,AZ,54400.0,Full-time,Own,27.4,2.3,24,663,Fair (620-679)
BOR107423,53,MN,32300.0,Full-time,Rent,40.5,4.8,33,656,Fair (620-679)
BOR107424,39,GA,53800.0,Full-time,Own,33.0,8.5,23,662,Fair (620-679)
BOR107425,50,MN,90200.0,Retired,Rent,22.4,0.2,30,610,Poor (<620)
BOR107426,59,OH,38200.0,Part-time,Mortgage,29.7,13.0,38,721,Good (680-739)
BOR107427,35,CA,25800.0,Full-time,Rent,29.4,0.1,14,698,Good (680-739)
BOR107428,61,PA,38700.0,Full-time,Own,43.5,4.9,38,708,Good (680-739)
BOR107429,57,CA,24600.0,Full-time,Own,40.7,3.6,34,675,Fair (620-679)
BOR107430,44,NM,85000.0,Full-time,Own,39.2,11.7,24,667,Fair (620-679)
BOR107431,36,NH,48400.0,Full-time,Mortgage,24.8,3.5,17,756,Very Good (740-799)
BOR107432,44,CO,33600.0,Full-time,Own,35.2,4.8,28,746,Very Good (740-799)
BOR107433,38,FL,36200.0,Self-employed,Own,20.6,2.0,16,772,Very Good (740-799)
BOR107434,31,LA,27400.0,Unemployed,Rent,38.6,1.7,14,704,Good (680-739)
BOR107435,47,WI,73500.0,Full-time,Rent,44.3,1.4,24,768,Very Good (740-799)
BOR107436,29,NC,106600.0,Self-employed,Rent,11.2,0.7,8,653,Fair (620-679)
BOR107437,37,WA,23800.0,Full-time,Rent,31.3,13.8,20,667,Fair (620-679)
BOR107438,37,IN,74600.0,Full-time,Mortgage,31.2,4.5,19,758,Very Good (740-799)
BOR107439,25,CA,41700.0,Full-time,Rent,41.2,2.7,6,735,Good (680-739)
BOR107440,49,WA,82500.0,Full-time,Rent,26.3,13.0,30,661,Fair (620-679)
BOR107441,38,MD,20400.0,Full-time,Own,26.1,7.7,17,612,Poor (<620)
BOR107442,57,PA,51600.0,Part-time,Rent,33.8,1.6,39,667,Fair (620-679)
BOR107443,38,NJ,38800.0,Full-time,Other,38.3,1.3,21,635,Fair (620-679)
BOR107444,36,AZ,62700.0,Self-employed,Mortgage,34.3,8.5,17,792,Very Good (740-799)
BOR107445,30,WI,47900.0,Full-time,Own,41.0,0.6,12,729,Good (680-739)
BOR107446,41,UT,47100.0,Full-time,Rent,39.1,4.5,23,630,Fair (620-679)
BOR107447,42,NV,44500.0,Full-time,Mortgage,27.0,1.9,24,612,Poor (<620)
BOR107448,50,TN,94200.0,Full-time,Mortgage,32.4,8.8,28,629,Fair (620-679)
BOR107449,42,MA,43100.0,Full-time,Own,37.7,4.2,19,644,Fair (620-679)
BOR107450,66,TN,68800.0,Full-time,Own,24.3,2.8,50,669,Fair (620-679)
BOR107451,46,AZ,61900.0,Self-employed,Rent,25.4,0.4,25,752,Very Good (740-799)
BOR107452,29,TX,69600.0,Full-time,Other,17.6,0.5,11,617,Poor (<620)
BOR107453,28,MD,29500.0,Full-time,Rent,44.0,3.1,8,829,Exceptional (800+)
BOR107454,47,MD,64100.0,Full-time,Rent,53.9,3.8,28,619,Poor (<620)
BOR107455,29,WA,54300.0,Full-time,Mortgage,25.5,3.7,10,588,Poor (<620)
BOR107456,48,LA,27300.0,Full-time,Own,38.0,11.1,29,790,Very Good (740-799)
BOR107457,52,MO,42400.0,Full-time,Mortgage,44.7,2.4,31,766,Very Good (740-799)
BOR107458,52,NC,130900.0,Full-time,Mortgage,20.6,5.4,30,668,Fair (620-679)
BOR107459,31,CA,39100.0,Full-time,Rent,35.7,2.7,8,705,Good (680-739)
BOR107460,52,TX,39500.0,Retired,Other,45.5,8.7,30,706,Good (680-739)
BOR107461,45,NC,57100.0,Full-time,Mortgage,29.6,0.9,28,689,Good (680-739)
BOR107462,34,VA,36600.0,Full-time,Rent,31.5,3.9,11,596,Poor (<620)
BOR107463,39,PA,49700.0,Full-time,Rent,46.1,8.5,18,519,Poor (<620)
BOR107464,47,PA,38100.0,Self-employed,Own,28.1,6.5,28,625,Fair (620-679)
BOR107465,33,IL,55900.0,Full-time,Rent,26.6,1.6,16,798,Very Good (740-799)
BOR107466,45,MN,45300.0,Full-time,Mortgage,30.5,1.5,24,801,Exceptional (800+)
BOR107467,58,MN,112200.0,Unemployed,Rent,50.6,3.9,36,663,Fair (620-679)
BOR107468,53,MI,47600.0,Self-employed,Rent,40.3,3.2,34,618,Poor (<620)
BOR107469,42,PA,42200.0,Full-time,Rent,37.8,1.4,21,698,Good (680-739)
BOR107470,44,FL,74100.0,Full-time,Rent,37.7,24.6,23,709,Good (680-739)
BOR107471,35,FL,24900.0,Full-time,Rent,21.3,0.2,14,719,Good (680-739)
BOR107472,35,MI,99800.0,Self-employed,Mortgage,38.1,0.0,17,516,Poor (<620)
BOR107473,23,TX,29900.0,Full-time,Rent,28.2,4.8,5,850,Exceptional (800+)
BOR107474,44,NC,79700.0,Full-time,Mortgage,30.6,5.5,25,754,Very Good (740-799)
BOR107475,49,UT,89800.0,Full-time,Rent,30.1,4.4,26,667,Fair (620-679)
BOR107476,40,WA,36800.0,Full-time,Rent,42.0,0.1,24,633,Fair (620-679)
BOR107477,30,NV,38400.0,Part-time,Own,50.9,3.4,12,744,Very Good (740-799)
BOR107478,42,NY,44400.0,Full-time,Mortgage,23.5,13.2,19,712,Good (680-739)
BOR107479,57,OH,61700.0,Full-time,Own,43.4,10.1,34,686,Good (680-739)
BOR107480,52,NM,29800.0,Full-time,Mortgage,31.2,2.3,35,710,Good (680-739)
BOR107481,41,MI,44400.0,Part-time,Rent,40.6,0.4,24,673,Fair (620-679)
BOR107482,66,IN,40500.0,Full-time,Rent,36.0,0.3,49,706,Good (680-739)
BOR107483,73,NH,27800.0,Full-time,Mortgage,26.9,7.4,54,727,Good (680-739)
BOR107484,35,AZ,29100.0,Retired,Rent,26.8,1.3,19,702,Good (680-739)
BOR107485,38,GA,49400.0,Full-time,Rent,30.9,5.9,22,699,Good (680-739)
BOR107486,49,AZ,49000.0,Full-time,Rent,36.7,5.0,29,771,Very Good (740-799)
BOR107487,30,TX,33100.0,Full-time,Rent,38.1,3.4,14,576,Poor (<620)
BOR107488,51,FL,48300.0,Part-time,Rent,62.8,6.3,32,628,Fair (620-679)
BOR107489,42,CA,34900.0,Full-time,Mortgage,38.6,0.5,23,682,Good (680-739)
BOR107490,45,LA,84000.0,Full-time,Rent,20.2,3.1,25,633,Fair (620-679)
BOR107491,34,MO,44500.0,Full-time,Rent,45.7,4.2,12,654,Fair (620-679)
BOR107492,32,GA,76400.0,Full-time,Rent,39.1,1.9,14,764,Very Good (740-799)
BOR107493,19,IL,21800.0,Full-time,Rent,31.5,1.3,1,670,Fair (620-679)
BOR107494,59,MO,53900.0,Full-time,Rent,22.1,0.4,38,561,Poor (<620)
BOR107495,52,MS,61000.0,Full-time,Mortgage,30.4,0.0,32,652,Fair (620-679)
BOR107496,49,GA,43800.0,Retired,Rent,44.9,12.8,30,684,Good (680-739)
BOR107497,45,NC,36600.0,Full-time,Rent,38.2,1.9,29,683,Good (680-739)
BOR107498,19,LA,43500.0,Full-time,Own,46.7,2.2,2,716,Good (680-739)
BOR107499,32,LA,65100.0,Full-time,Rent,46.2,6.5,10,711,Good (680-739)
BOR107500,38,MS,27000.0,Part-time,Rent,35.2,0.4,19,671,Fair (620-679)
BOR107501,28,GA,63900.0,Full-time,Rent,5.0,0.8,10,602,Poor (<620)
BOR107502,21,FL,53800.0,Part-time,Rent,24.1,4.7,1,651,Fair (620-679)
BOR107503,29,NJ,41500.0,Full-time,Rent,17.7,3.0,9,640,Fair (620-679)
BOR107504,42,GA,42300.0,Full-time,Rent,47.3,2.3,19,661,Fair (620-679)
BOR107505,42,LA,47900.0,Retired,Own,38.3,3.0,20,725,Good (680-739)
BOR107506,52,CA,98400.0,Part-time,Mortgage,31.0,7.7,35,706,Good (680-739)
BOR107507,66,TN,54500.0,Part-time,Other,27.9,5.9,50,734,Good (680-739)
BOR107508,49,MS,30500.0,Part-time,Mortgage,44.0,2.7,33,655,Fair (620-679)
BOR107509,39,NH,38300.0,Full-time,Rent,24.2,3.4,21,778,Very Good (740-799)
BOR107510,63,IN,27900.0,Full-time,Rent,20.2,1.0,41,724,Good (680-739)
BOR107511,22,UT,19900.0,Full-time,Mortgage,19.4,3.5,1,687,Good (680-739)
BOR107512,19,TX,27600.0,Self-employed,Rent,34.2,3.3,1,719,Good (680-739)
BOR107513,30,NC,49200.0,Unemployed,Rent,25.0,3.8,14,636,Fair (620-679)
BOR107514,51,CA,82700.0,Full-time,Mortgage,43.1,1.9,30,543,Poor (<620)
BOR107515,43,NH,73000.0,Full-time,Own,32.9,1.9,25,641,Fair (620-679)
BOR107516,27,MS,27700.0,Full-time,Rent,19.0,3.6,11,729,Good (680-739)
BOR107517,32,CA,32600.0,Self-employed,Rent,30.5,2.3,9,685,Good (680-739)
BOR107518,26,CA,30600.0,Part-time,Own,23.1,6.9,7,671,Fair (620-679)
BOR107519,26,NC,18000.0,Retired,Own,31.6,20.3,10,625,Fair (620-679)
BOR107520,60,OH,43200.0,Full-time,Rent,43.7,0.0,41,553,Poor (<620)
BOR107521,39,NV,66900.0,Part-time,Rent,31.2,2.2,18,773,Very Good (740-799)
BOR107522,62,PA,41600.0,Full-time,Rent,26.1,4.6,42,666,Fair (620-679)
BOR107523,30,MN,26400.0,Full-time,Rent,37.2,0.6,9,652,Fair (620-679)
BOR107524,47,AZ,31900.0,Full-time,Rent,28.4,2.6,28,636,Fair (620-679)
BOR107525,44,MI,40200.0,Full-time,Rent,38.0,1.9,27,762,Very Good (740-799)
BOR107526,52,NY,65900.0,Full-time,Rent,36.0,3.3,32,737,Good (680-739)
BOR107527,44,NH,42900.0,Full-time,Rent,22.1,0.7,27,617,Poor (<620)
BOR107528,53,TN,62100.0,Self-employed,Other,19.5,1.5,34,756,Very Good (740-799)
BOR107529,48,NJ,45000.0,Full-time,Own,29.0,5.4,26,671,Fair (620-679)
BOR107530,28,MI,51900.0,Full-time,Rent,36.7,8.0,11,640,Fair (620-679)
BOR107531,50,MS,30500.0,Part-time,Mortgage,49.9,2.6,33,661,Fair (620-679)
BOR107532,40,NV,34200.0,Full-time,Rent,21.3,0.0,22,629,Fair (620-679)
BOR107533,32,NV,26500.0,Full-time,Rent,22.5,0.4,10,594,Poor (<620)
BOR107534,49,TN,61100.0,Full-time,Mortgage,42.3,0.4,33,730,Good (680-739)
BOR107535,52,LA,40900.0,Full-time,Rent,34.4,1.1,29,666,Fair (620-679)
BOR107536,35,GA,18000.0,Self-employed,Rent,30.7,0.2,15,720,Good (680-739)
BOR107537,37,MD,57900.0,Full-time,Rent,39.2,9.1,21,699,Good (680-739)
BOR107538,24,NJ,72300.0,Full-time,Rent,44.9,2.0,1,716,Good (680-739)
BOR107539,19,TN,32400.0,Full-time,Rent,42.8,4.4,1,547,Poor (<620)
BOR107540,38,NH,57900.0,Full-time,Own,25.4,3.7,22,624,Fair (620-679)
BOR107541,51,NH,42400.0,Full-time,Other,36.8,8.4,30,717,Good (680-739)
BOR107542,34,WA,18000.0,Part-time,Rent,43.8,3.8,14,597,Poor (<620)
BOR107543,58,MA,112300.0,Full-time,Rent,29.6,4.9,38,704,Good (680-739)
BOR107544,39,LA,42500.0,Full-time,Rent,36.2,2.9,21,590,Poor (<620)
BOR107545,39,NH,51100.0,Full-time,Rent,26.6,7.9,19,681,Good (680-739)
BOR107546,38,MN,35200.0,Full-time,Rent,22.9,1.9,18,785,Very Good (740-799)
BOR107547,53,TX,40800.0,Full-time,Own,36.6,7.9,34,730,Good (680-739)
BOR107548,29,NC,50100.0,Part-time,Mortgage,41.7,0.8,11,560,Poor (<620)
BOR107549,39,LA,29200.0,Full-time,Mortgage,40.1,16.7,16,735,Good (680-739)
BOR107550,34,MN,99900.0,Part-time,Mortgage,19.1,6.1,15,798,Very Good (740-799)
BOR107551,34,WI,68000.0,Full-time,Mortgage,45.6,2.3,12,850,Exceptional (800+)
BOR107552,41,MO,58800.0,Full-time,Rent,38.3,8.9,23,711,Good (680-739)
BOR107553,40,NJ,43700.0,Full-time,Rent,43.8,0.5,20,591,Poor (<620)
BOR107554,54,NJ,33100.0,Full-time,Rent,23.3,0.4,35,708,Good (680-739)
BOR107555,41,NV,74100.0,Unemployed,Rent,41.0,6.4,23,784,Very Good (740-799)
BOR107556,48,GA,61400.0,Full-time,Own,39.0,0.5,25,668,Fair (620-679)
BOR107557,43,MO,39000.0,Part-time,Rent,20.0,0.9,27,748,Very Good (740-799)
BOR107558,58,MD,28600.0,Full-time,Rent,37.0,12.6,39,625,Fair (620-679)
BOR107559,37,NV,22900.0,Full-time,Rent,22.3,0.8,16,704,Good (680-739)
BOR107560,37,NC,47200.0,Full-time,Own,32.8,0.1,20,518,Poor (<620)
BOR107561,50,WI,41700.0,Full-time,Other,55.8,3.0,33,618,Poor (<620)
BOR107562,37,FL,79500.0,Full-time,Rent,35.5,10.1,18,680,Good (680-739)
BOR107563,47,NY,72900.0,Full-time,Rent,31.5,3.7,30,656,Fair (620-679)
BOR107564,69,NJ,47500.0,Self-employed,Mortgage,17.8,2.2,52,595,Poor (<620)
BOR107565,29,TX,45000.0,Full-time,Rent,35.6,6.7,13,648,Fair (620-679)
BOR107566,59,NM,27800.0,Full-time,Rent,31.1,8.9,36,701,Good (680-739)
BOR107567,35,MS,75200.0,Full-time,Rent,12.6,2.5,12,674,Fair (620-679)
BOR107568,57,TX,45500.0,Unemployed,Mortgage,21.7,0.9,37,684,Good (680-739)
BOR107569,49,NV,61200.0,Full-time,Own,41.6,6.3,29,728,Good (680-739)
BOR107570,48,WA,79200.0,Full-time,Other,45.6,2.7,30,658,Fair (620-679)
BOR107571,39,MD,36200.0,Full-time,Rent,33.4,1.7,17,768,Very Good (740-799)
BOR107572,38,LA,32100.0,Full-time,Rent,42.8,3.2,20,616,Poor (<620)
BOR107573,32,MA,141600.0,Full-time,Rent,33.0,2.9,16,805,Exceptional (800+)
BOR107574,41,FL,60900.0,Unemployed,Own,25.1,5.0,24,752,Very Good (740-799)
BOR107575,39,CA,41100.0,Full-time,Rent,54.7,5.9,20,657,Fair (620-679)
BOR107576,43,WA,81500.0,Full-time,Own,18.6,3.8,22,661,Fair (620-679)
BOR107577,24,NM,40600.0,Full-time,Mortgage,36.9,0.4,4,693,Good (680-739)
BOR107578,41,MA,54000.0,Full-time,Own,26.2,3.7,22,719,Good (680-739)
BOR107579,56,MI,36100.0,Retired,Mortgage,30.6,10.4,33,751,Very Good (740-799)
BOR107580,52,CA,46300.0,Full-time,Rent,48.6,0.7,34,593,Poor (<620)
BOR107581,41,MS,41200.0,Self-employed,Rent,33.1,8.2,21,708,Good (680-739)
BOR107582,72,NC,33200.0,Self-employed,Own,29.4,6.5,55,542,Poor (<620)
BOR107583,34,MD,52000.0,Full-time,Rent,27.2,5.7,17,668,Fair (620-679)
BOR107584,40,MD,35000.0,Retired,Mortgage,38.3,2.8,17,775,Very Good (740-799)
BOR107585,24,OH,60400.0,Unemployed,Rent,23.2,0.2,3,588,Poor (<620)
BOR107586,36,TX,40700.0,Self-employed,Mortgage,33.6,4.6,15,576,Poor (<620)
BOR107587,62,MI,21500.0,Full-time,Own,31.3,2.2,44,694,Good (680-739)
BOR107588,37,GA,61700.0,Full-time,Rent,24.8,3.7,16,770,Very Good (740-799)
BOR107589,23,MD,62100.0,Full-time,Own,18.4,4.6,6,701,Good (680-739)
BOR107590,51,NV,128600.0,Retired,Rent,33.0,2.8,30,556,Poor (<620)
BOR107591,46,IL,47000.0,Full-time,Rent,28.9,2.7,24,571,Poor (<620)
BOR107592,51,WA,50600.0,Part-time,Mortgage,34.9,2.5,29,686,Good (680-739)
BOR107593,37,TX,57800.0,Self-employed,Rent,11.0,2.3,17,603,Poor (<620)
BOR107594,29,IL,73800.0,Retired,Rent,28.1,1.6,11,689,Good (680-739)
BOR107595,39,CO,71700.0,Self-employed,Own,41.2,0.6,20,693,Good (680-739)
BOR107596,48,MN,53800.0,Self-employed,Rent,16.2,6.7,25,648,Fair (620-679)
BOR107597,40,MN,45900.0,Part-time,Other,51.4,1.2,18,798,Very Good (740-799)
BOR107598,46,NY,68100.0,Full-time,Mortgage,36.3,8.9,30,718,Good (680-739)
BOR107599,35,AZ,45100.0,Full-time,Own,31.2,3.8,12,759,Very Good (740-799)
BOR107600,46,NJ,26100.0,Unemployed,Mortgage,33.7,7.9,23,740,Very Good (740-799)
BOR107601,41,NH,23700.0,Full-time,Rent,24.1,6.5,20,670,Fair (620-679)
BOR107602,33,IN,40900.0,Self-employed,Other,46.8,0.6,13,667,Fair (620-679)
BOR107603,43,MS,49200.0,Full-time,Rent,34.4,2.8,21,661,Fair (620-679)
BOR107604,36,NY,141800.0,Full-time,Rent,33.3,5.3,18,724,Good (680-739)
BOR107605,48,NJ,44200.0,Full-time,Mortgage,42.7,8.8,29,638,Fair (620-679)
BOR107606,51,MN,47600.0,Unemployed,Rent,36.5,2.5,33,792,Very Good (740-799)
BOR107607,47,NC,38900.0,Full-time,Mortgage,25.9,0.6,24,632,Fair (620-679)
BOR107608,21,TN,61600.0,Full-time,Own,32.3,1.1,1,694,Good (680-739)
BOR107609,29,WA,52900.0,Full-time,Mortgage,38.3,4.1,8,665,Fair (620-679)
BOR107610,33,NH,35000.0,Full-time,Rent,33.2,2.0,17,651,Fair (620-679)
BOR107611,31,PA,29600.0,Full-time,Rent,19.2,2.1,8,821,Exceptional (800+)
BOR107612,34,MS,38900.0,Full-time,Rent,46.6,0.1,14,651,Fair (620-679)
BOR107613,52,NJ,31900.0,Part-time,Mortgage,34.2,9.1,30,660,Fair (620-679)
BOR107614,49,VA,42000.0,Self-employed,Mortgage,28.7,7.7,33,637,Fair (620-679)
BOR107615,36,WA,49700.0,Self-employed,Rent,39.1,3.6,18,683,Good (680-739)
BOR107616,48,OH,37200.0,Part-time,Mortgage,27.7,4.9,28,673,Fair (620-679)
BOR107617,45,UT,89700.0,Full-time,Mortgage,17.3,6.3,22,607,Poor (<620)
BOR107618,41,MS,78600.0,Full-time,Rent,32.6,1.4,18,652,Fair (620-679)
BOR107619,55,UT,42100.0,Part-time,Rent,39.3,3.5,35,720,Good (680-739)
BOR107620,33,NH,30200.0,Part-time,Rent,29.9,5.4,14,747,Very Good (740-799)
BOR107621,42,MO,46000.0,Part-time,Rent,30.3,0.2,20,682,Good (680-739)
BOR107622,28,NJ,43900.0,Full-time,Rent,30.7,11.9,7,684,Good (680-739)
BOR107623,29,NV,45300.0,Part-time,Mortgage,31.6,0.9,8,657,Fair (620-679)
BOR107624,25,CA,39000.0,Self-employed,Rent,34.1,1.7,9,647,Fair (620-679)
BOR107625,29,NV,29100.0,Full-time,Mortgage,40.6,2.1,6,620,Fair (620-679)
BOR107626,42,WA,47400.0,Full-time,Mortgage,40.0,0.7,26,579,Poor (<620)
BOR107627,37,MO,39800.0,Self-employed,Rent,52.9,1.8,16,634,Fair (620-679)
BOR107628,38,MI,41400.0,Full-time,Mortgage,50.0,2.4,17,739,Good (680-739)
BOR107629,37,NC,48600.0,Part-time,Own,24.0,0.6,16,652,Fair (620-679)
BOR107630,62,CA,45200.0,Full-time,Mortgage,30.3,5.0,39,658,Fair (620-679)
BOR107631,27,NJ,48200.0,Full-time,Rent,39.8,2.3,4,656,Fair (620-679)
BOR107632,26,NJ,39000.0,Self-employed,Rent,14.7,9.5,9,761,Very Good (740-799)
BOR107633,31,IL,54800.0,Full-time,Own,35.7,0.1,9,620,Fair (620-679)
BOR107634,40,OH,33800.0,Full-time,Rent,24.0,9.1,20,698,Good (680-739)
BOR107635,47,MA,28600.0,Full-time,Own,32.0,0.4,27,676,Fair (620-679)
BOR107636,48,GA,31200.0,Full-time,Own,32.7,1.9,25,684,Good (680-739)
BOR107637,52,NV,34400.0,Full-time,Mortgage,14.9,6.2,30,696,Good (680-739)
BOR107638,40,FL,26100.0,Full-time,Rent,56.8,0.3,17,684,Good (680-739)
BOR107639,36,MA,21800.0,Full-time,Own,27.2,13.1,18,732,Good (680-739)
BOR107640,61,PA,58500.0,Unemployed,Mortgage,46.9,1.1,39,678,Fair (620-679)
BOR107641,19,WA,82700.0,Full-time,Mortgage,16.2,0.8,1,793,Very Good (740-799)
BOR107642,42,AZ,59900.0,Retired,Rent,26.0,0.4,25,683,Good (680-739)
BOR107643,46,IN,37500.0,Full-time,Mortgage,40.4,4.6,23,569,Poor (<620)
BOR107644,63,NJ,21500.0,Self-employed,Rent,30.0,5.1,45,721,Good (680-739)
BOR107645,21,WA,50800.0,Full-time,Own,40.4,2.1,4,705,Good (680-739)
BOR107646,36,PA,22600.0,Full-time,Rent,38.7,5.4,16,682,Good (680-739)
BOR107647,25,VA,44800.0,Full-time,Mortgage,24.1,4.0,2,663,Fair (620-679)
BOR107648,19,MI,32500.0,Full-time,Mortgage,44.6,0.1,1,543,Poor (<620)
BOR107649,39,IN,18000.0,Retired,Mortgage,38.1,0.1,18,553,Poor (<620)
BOR107650,51,NJ,90800.0,Full-time,Rent,17.9,1.3,28,787,Very Good (740-799)
BOR107651,55,MN,26500.0,Full-time,Mortgage,33.4,4.3,37,642,Fair (620-679)
BOR107652,35,NJ,39700.0,Full-time,Own,38.9,4.0,19,743,Very Good (740-799)
BOR107653,49,IL,44000.0,Full-time,Rent,31.3,3.5,26,576,Poor (<620)
BOR107654,39,OH,37700.0,Retired,Other,32.8,0.3,18,612,Poor (<620)
BOR107655,48,TX,57500.0,Full-time,Rent,37.2,6.3,29,724,Good (680-739)
BOR107656,55,AZ,33400.0,Full-time,Other,16.0,3.5,33,673,Fair (620-679)
BOR107657,39,NV,55400.0,Full-time,Mortgage,30.3,4.7,20,715,Good (680-739)
BOR107658,54,MN,53800.0,Full-time,Rent,28.6,1.9,31,679,Fair (620-679)
BOR107659,26,NJ,25100.0,Full-time,Rent,39.9,4.3,7,667,Fair (620-679)
BOR107660,49,PA,51900.0,Full-time,Mortgage,26.7,0.4,31,636,Fair (620-679)
BOR107661,53,LA,29000.0,Self-employed,Own,51.8,5.9,36,602,Poor (<620)
BOR107662,52,TX,27600.0,Retired,Own,26.5,1.7,35,771,Very Good (740-799)
BOR107663,27,MI,53100.0,Full-time,Other,21.1,2.7,6,782,Very Good (740-799)
BOR107664,39,LA,38800.0,Full-time,Rent,44.6,1.2,22,612,Poor (<620)
BOR107665,45,MI,55200.0,Self-employed,Mortgage,38.3,0.7,25,608,Poor (<620)
BOR107666,46,FL,55400.0,Full-time,Rent,36.1,0.8,30,657,Fair (620-679)
BOR107667,42,OH,24500.0,Full-time,Rent,29.8,0.8,19,702,Good (680-739)
BOR107668,58,TN,65100.0,Full-time,Mortgage,28.7,3.6,42,668,Fair (620-679)
BOR107669,25,NY,53000.0,Full-time,Own,36.8,5.5,3,712,Good (680-739)
BOR107670,38,IN,35800.0,Full-time,Rent,26.6,2.6,19,677,Fair (620-679)
BOR107671,21,NJ,43900.0,Retired,Mortgage,50.0,5.3,2,673,Fair (620-679)
BOR107672,48,NC,65900.0,Full-time,Mortgage,34.6,3.5,32,837,Exceptional (800+)
BOR107673,48,OH,40400.0,Full-time,Rent,29.5,3.7,25,646,Fair (620-679)
BOR107674,78,NV,120800.0,Full-time,Mortgage,28.1,4.7,55,787,Very Good (740-799)
BOR107675,53,MI,91200.0,Retired,Rent,20.1,6.4,30,774,Very Good (740-799)
BOR107676,45,WI,49100.0,Full-time,Mortgage,39.3,1.1,22,713,Good (680-739)
BOR107677,44,NJ,42100.0,Full-time,Rent,24.3,19.4,24,555,Poor (<620)
BOR107678,37,FL,42900.0,Full-time,Mortgage,30.7,3.4,14,682,Good (680-739)
BOR107679,43,NJ,35600.0,Retired,Rent,57.5,5.7,20,647,Fair (620-679)
BOR107680,44,WA,49300.0,Full-time,Own,14.0,9.5,23,681,Good (680-739)
BOR107681,19,NJ,63500.0,Unemployed,Own,31.0,4.4,1,611,Poor (<620)
BOR107682,43,NV,25400.0,Full-time,Mortgage,18.3,10.4,26,729,Good (680-739)
BOR107683,42,MS,62300.0,Full-time,Mortgage,26.6,2.2,25,744,Very Good (740-799)
BOR107684,62,MN,71000.0,Full-time,Own,30.6,3.5,43,756,Very Good (740-799)
BOR107685,39,MA,60300.0,Full-time,Rent,19.0,0.6,19,655,Fair (620-679)
BOR107686,32,AZ,44000.0,Unemployed,Rent,36.1,0.4,12,611,Poor (<620)
BOR107687,44,IN,59200.0,Full-time,Rent,46.7,1.0,25,703,Good (680-739)
BOR107688,42,GA,83700.0,Self-employed,Rent,35.3,4.0,20,794,Very Good (740-799)
BOR107689,39,NV,45400.0,Part-time,Mortgage,40.4,1.6,19,685,Good (680-739)
BOR107690,26,LA,47100.0,Full-time,Rent,48.2,2.1,5,709,Good (680-739)
BOR107691,39,OH,121700.0,Full-time,Mortgage,38.1,0.6,22,665,Fair (620-679)
BOR107692,34,MS,53500.0,Self-employed,Mortgage,8.4,13.5,13,647,Fair (620-679)
BOR107693,38,NV,29600.0,Full-time,Own,33.8,10.1,21,723,Good (680-739)
BOR107694,50,NJ,69100.0,Full-time,Mortgage,7.0,1.5,30,673,Fair (620-679)
BOR107695,33,MS,55900.0,Self-employed,Rent,24.8,3.5,14,706,Good (680-739)
BOR107696,38,FL,34700.0,Full-time,Mortgage,17.0,4.7,21,713,Good (680-739)
BOR107697,47,CA,28400.0,Unemployed,Mortgage,34.7,0.8,25,703,Good (680-739)
BOR107698,38,NC,51900.0,Full-time,Own,23.0,0.3,16,716,Good (680-739)
BOR107699,72,AZ,45400.0,Full-time,Mortgage,35.0,1.7,55,625,Fair (620-679)
BOR107700,44,NC,26600.0,Full-time,Rent,39.8,3.3,23,621,Fair (620-679)
BOR107701,26,NM,44800.0,Self-employed,Mortgage,22.4,19.8,10,677,Fair (620-679)
BOR107702,31,OH,43600.0,Unemployed,Own,34.5,4.4,12,679,Fair (620-679)
BOR107703,30,GA,45300.0,Full-time,Rent,5.8,1.9,12,646,Fair (620-679)
BOR107704,31,TN,58200.0,Full-time,Rent,17.1,9.3,15,696,Good (680-739)
BOR107705,47,CA,21100.0,Full-time,Other,44.7,1.9,28,739,Good (680-739)
BOR107706,28,MD,28300.0,Full-time,Own,23.2,1.5,6,757,Very Good (740-799)
BOR107707,37,MI,37500.0,Full-time,Rent,26.7,2.2,21,772,Very Good (740-799)
BOR107708,55,NH,84700.0,Full-time,Mortgage,23.8,0.2,35,595,Poor (<620)
BOR107709,35,MD,135300.0,Full-time,Rent,14.7,0.3,16,604,Poor (<620)
BOR107710,49,TX,46700.0,Full-time,Rent,21.7,15.1,32,661,Fair (620-679)
BOR107711,21,FL,47600.0,Retired,Own,31.9,3.0,1,685,Good (680-739)
BOR107712,37,FL,18000.0,Full-time,Mortgage,28.1,4.9,16,665,Fair (620-679)
BOR107713,30,UT,70100.0,Part-time,Mortgage,42.7,1.9,8,644,Fair (620-679)
BOR107714,45,MO,57100.0,Full-time,Own,25.8,4.0,26,660,Fair (620-679)
BOR107715,29,NJ,53000.0,Full-time,Rent,31.9,3.9,10,711,Good (680-739)
BOR107716,66,PA,26600.0,Retired,Mortgage,26.6,4.1,47,594,Poor (<620)
BOR107717,21,LA,113700.0,Full-time,Rent,41.3,1.6,1,832,Exceptional (800+)
BOR107718,55,PA,92400.0,Self-employed,Rent,17.7,0.5,37,681,Good (680-739)
BOR107719,52,MD,53200.0,Full-time,Mortgage,36.8,2.4,31,748,Very Good (740-799)
BOR107720,45,CO,72900.0,Full-time,Own,36.0,0.7,23,642,Fair (620-679)
BOR107721,42,GA,47700.0,Full-time,Own,23.8,4.2,22,717,Good (680-739)
BOR107722,63,WA,67500.0,Full-time,Mortgage,31.0,2.9,45,687,Good (680-739)
BOR107723,71,IL,25900.0,Full-time,Other,35.9,5.7,51,736,Good (680-739)
BOR107724,39,MI,18000.0,Part-time,Other,25.1,1.4,20,667,Fair (620-679)
BOR107725,43,UT,26300.0,Full-time,Mortgage,24.9,0.3,25,781,Very Good (740-799)
BOR107726,34,MD,32400.0,Self-employed,Mortgage,19.7,0.2,11,583,Poor (<620)
BOR107727,27,NV,34900.0,Full-time,Rent,52.2,2.9,10,742,Very Good (740-799)
BOR107728,47,AZ,57000.0,Full-time,Rent,27.3,0.9,28,688,Good (680-739)
BOR107729,44,OH,41500.0,Full-time,Rent,19.7,0.0,24,614,Poor (<620)
BOR107730,22,MD,46000.0,Full-time,Rent,14.3,0.0,1,807,Exceptional (800+)
BOR107731,46,WA,27400.0,Self-employed,Own,24.0,0.1,28,800,Exceptional (800+)
BOR107732,44,PA,26300.0,Self-employed,Rent,34.7,0.9,22,545,Poor (<620)
BOR107733,34,NJ,47500.0,Full-time,Rent,29.4,0.6,16,691,Good (680-739)
BOR107734,33,TN,36500.0,Unemployed,Mortgage,35.5,1.5,10,726,Good (680-739)
BOR107735,46,WI,46700.0,Full-time,Mortgage,39.2,0.9,25,709,Good (680-739)
BOR107736,60,OH,59600.0,Unemployed,Own,30.5,5.4,42,779,Very Good (740-799)
BOR107737,46,LA,97500.0,Full-time,Mortgage,30.7,3.3,25,765,Very Good (740-799)
BOR107738,50,MI,46200.0,Full-time,Rent,47.7,2.7,34,697,Good (680-739)
BOR107739,31,OH,105500.0,Full-time,Rent,39.4,0.6,14,828,Exceptional (800+)
BOR107740,36,PA,56000.0,Full-time,Mortgage,35.8,6.5,20,741,Very Good (740-799)
BOR107741,48,NV,63600.0,Full-time,Own,28.6,1.3,31,657,Fair (620-679)
BOR107742,25,NC,74900.0,Full-time,Own,38.8,0.1,3,644,Fair (620-679)
BOR107743,43,VA,64500.0,Full-time,Rent,35.5,1.7,21,761,Very Good (740-799)
BOR107744,47,IL,32500.0,Full-time,Other,35.1,4.5,26,628,Fair (620-679)
BOR107745,41,MD,75900.0,Full-time,Mortgage,39.2,5.0,22,653,Fair (620-679)
BOR107746,45,MN,39400.0,Retired,Mortgage,35.3,2.6,26,664,Fair (620-679)
BOR107747,42,NC,53400.0,Retired,Mortgage,16.8,3.7,25,703,Good (680-739)
BOR107748,34,NM,49500.0,Full-time,Rent,32.5,0.2,15,667,Fair (620-679)
BOR107749,27,CA,78000.0,Full-time,Rent,20.8,2.8,7,594,Poor (<620)
BOR107750,40,NY,55700.0,Part-time,Mortgage,38.3,5.7,18,756,Very Good (740-799)
BOR107751,57,MA,25000.0,Self-employed,Rent,16.3,1.2,34,654,Fair (620-679)
BOR107752,53,MD,119500.0,Part-time,Rent,31.7,1.9,34,811,Exceptional (800+)
BOR107753,37,OH,67900.0,Part-time,Own,32.6,1.0,17,700,Good (680-739)
BOR107754,37,AZ,36400.0,Full-time,Own,20.5,2.0,21,762,Very Good (740-799)
BOR107755,36,GA,28000.0,Self-employed,Rent,31.2,6.2,16,721,Good (680-739)
BOR107756,36,AZ,71500.0,Full-time,Rent,39.7,7.8,20,765,Very Good (740-799)
BOR107757,44,IN,29500.0,Full-time,Rent,26.4,14.1,21,717,Good (680-739)
BOR107758,54,UT,66900.0,Full-time,Rent,34.9,0.6,37,695,Good (680-739)
BOR107759,68,NJ,75400.0,Full-time,Own,37.1,4.8,51,751,Very Good (740-799)
BOR107760,31,IN,34800.0,Full-time,Mortgage,21.3,9.5,14,842,Exceptional (800+)
BOR107761,49,MA,33400.0,Full-time,Own,32.4,6.9,29,662,Fair (620-679)
BOR107762,48,GA,37700.0,Full-time,Mortgage,29.9,1.2,27,732,Good (680-739)
BOR107763,37,OH,29900.0,Retired,Rent,31.9,0.5,20,680,Good (680-739)
BOR107764,29,NH,51700.0,Unemployed,Rent,16.0,2.0,7,713,Good (680-739)
BOR107765,44,IL,55100.0,Full-time,Mortgage,17.9,0.1,23,683,Good (680-739)
BOR107766,66,MN,64700.0,Full-time,Mortgage,44.2,6.0,45,540,Poor (<620)
BOR107767,44,NY,32000.0,Full-time,Rent,39.6,0.5,24,667,Fair (620-679)
BOR107768,32,NV,68000.0,Unemployed,Rent,34.2,3.2,9,745,Very Good (740-799)
BOR107769,39,PA,29900.0,Full-time,Own,41.0,5.0,17,630,Fair (620-679)
BOR107770,27,UT,68000.0,Full-time,Rent,18.7,2.9,5,740,Very Good (740-799)
BOR107771,41,MD,23900.0,Full-time,Rent,29.7,1.7,21,692,Good (680-739)
BOR107772,49,FL,94400.0,Full-time,Rent,28.8,4.3,29,668,Fair (620-679)
BOR107773,33,MD,36900.0,Full-time,Other,24.3,2.0,13,739,Good (680-739)
BOR107774,19,TN,61100.0,Self-employed,Rent,20.7,1.7,1,724,Good (680-739)
BOR107775,44,NC,63300.0,Part-time,Rent,45.2,7.3,25,707,Good (680-739)
BOR107776,35,OH,26300.0,Full-time,Rent,25.7,2.5,14,746,Very Good (740-799)
BOR107777,32,MD,67900.0,Full-time,Rent,36.5,1.9,16,693,Good (680-739)
BOR107778,32,WI,36400.0,Full-time,Own,35.3,3.2,10,573,Poor (<620)
BOR107779,46,NC,40600.0,Full-time,Mortgage,42.5,7.3,27,655,Fair (620-679)
BOR107780,36,LA,34500.0,Full-time,Rent,39.3,1.5,13,563,Poor (<620)
BOR107781,52,OH,96400.0,Full-time,Own,28.9,1.9,36,723,Good (680-739)
BOR107782,52,TX,27500.0,Full-time,Other,19.3,7.4,29,738,Good (680-739)
BOR107783,38,TN,56600.0,Full-time,Own,40.9,3.9,18,741,Very Good (740-799)
BOR107784,35,FL,35200.0,Full-time,Rent,44.2,1.6,18,712,Good (680-739)
BOR107785,43,OH,76200.0,Full-time,Own,56.6,4.1,26,743,Very Good (740-799)
BOR107786,39,WA,132500.0,Full-time,Rent,41.8,10.2,22,578,Poor (<620)
BOR107787,20,GA,35100.0,Part-time,Rent,25.6,2.9,4,673,Fair (620-679)
BOR107788,64,IL,49700.0,Full-time,Mortgage,26.9,5.0,48,588,Poor (<620)
BOR107789,50,MD,39200.0,Full-time,Own,11.2,1.4,28,657,Fair (620-679)
BOR107790,35,AZ,74400.0,Full-time,Mortgage,23.9,0.8,18,785,Very Good (740-799)
BOR107791,19,NV,41700.0,Full-time,Mortgage,19.3,3.9,1,751,Very Good (740-799)
BOR107792,39,MA,70100.0,Retired,Mortgage,37.9,0.7,20,723,Good (680-739)
BOR107793,34,VA,39000.0,Self-employed,Mortgage,41.6,0.2,13,668,Fair (620-679)
BOR107794,40,OH,128000.0,Part-time,Rent,54.6,0.5,18,615,Poor (<620)
BOR107795,19,MN,18000.0,Self-employed,Mortgage,62.9,4.7,1,692,Good (680-739)
BOR107796,35,PA,55200.0,Retired,Own,34.5,0.8,13,752,Very Good (740-799)
BOR107797,36,OH,46400.0,Self-employed,Own,26.2,1.1,17,707,Good (680-739)
BOR107798,39,NV,45700.0,Full-time,Rent,28.1,1.2,20,577,Poor (<620)
BOR107799,38,WI,53000.0,Self-employed,Mortgage,25.1,2.1,22,687,Good (680-739)
BOR107800,42,TN,47900.0,Full-time,Own,55.4,1.5,22,556,Poor (<620)
BOR107801,59,TX,51500.0,Retired,Own,5.0,4.8,37,732,Good (680-739)
BOR107802,35,NY,56000.0,Full-time,Own,48.2,3.1,14,635,Fair (620-679)
BOR107803,30,WA,102400.0,Full-time,Rent,22.7,0.0,12,600,Poor (<620)
BOR107804,20,WI,18000.0,Full-time,Rent,28.1,4.2,1,733,Good (680-739)
BOR107805,35,VA,107100.0,Self-employed,Rent,6.2,6.1,17,716,Good (680-739)
BOR107806,24,CA,147500.0,Full-time,Rent,42.5,5.5,8,695,Good (680-739)
BOR107807,53,PA,21200.0,Part-time,Mortgage,39.9,2.7,32,822,Exceptional (800+)
BOR107808,40,MA,47600.0,Full-time,Mortgage,21.1,0.3,20,721,Good (680-739)
BOR107809,52,MD,86400.0,Full-time,Rent,43.1,0.8,30,638,Fair (620-679)
BOR107810,59,CA,70500.0,Self-employed,Rent,41.1,1.3,38,714,Good (680-739)
BOR107811,31,TX,99100.0,Full-time,Rent,26.7,3.2,9,661,Fair (620-679)
BOR107812,37,OH,55100.0,Full-time,Other,11.5,5.9,15,762,Very Good (740-799)
BOR107813,57,TX,18700.0,Self-employed,Rent,29.8,4.7,35,698,Good (680-739)
BOR107814,43,AZ,83900.0,Full-time,Mortgage,42.4,1.1,20,705,Good (680-739)
BOR107815,47,NY,62100.0,Full-time,Other,22.9,14.2,30,586,Poor (<620)
BOR107816,53,IN,90200.0,Full-time,Own,42.8,1.9,33,684,Good (680-739)
BOR107817,52,MN,23400.0,Full-time,Mortgage,23.4,4.1,30,676,Fair (620-679)
BOR107818,46,UT,27000.0,Self-employed,Rent,31.1,0.8,27,613,Poor (<620)
BOR107819,58,NM,47000.0,Full-time,Rent,24.6,9.6,41,666,Fair (620-679)
BOR107820,40,OH,85000.0,Full-time,Mortgage,33.6,3.1,17,708,Good (680-739)
BOR107821,47,CA,96300.0,Part-time,Rent,40.2,9.0,29,680,Good (680-739)
BOR107822,39,NC,33600.0,Part-time,Rent,48.3,2.6,20,588,Poor (<620)
BOR107823,53,MD,38800.0,Full-time,Mortgage,34.1,3.5,35,662,Fair (620-679)
BOR107824,33,TX,169800.0,Full-time,Rent,16.4,2.1,17,650,Fair (620-679)
BOR107825,21,NC,36400.0,Full-time,Mortgage,38.3,4.6,4,693,Good (680-739)
BOR107826,49,GA,63200.0,Full-time,Mortgage,29.0,7.3,30,686,Good (680-739)
BOR107827,29,IL,38100.0,Full-time,Mortgage,28.8,4.0,9,653,Fair (620-679)
BOR107828,28,MD,57700.0,Full-time,Rent,33.1,1.0,5,651,Fair (620-679)
BOR107829,56,IN,31600.0,Self-employed,Mortgage,37.6,0.0,36,684,Good (680-739)
BOR107830,53,AZ,32000.0,Full-time,Rent,27.9,0.7,35,743,Very Good (740-799)
BOR107831,37,MS,39500.0,Full-time,Rent,37.8,5.7,16,698,Good (680-739)
BOR107832,19,FL,36500.0,Full-time,Own,36.0,1.7,1,772,Very Good (740-799)
BOR107833,47,NY,40700.0,Self-employed,Rent,37.8,5.2,30,754,Very Good (740-799)
BOR107834,49,MI,59100.0,Full-time,Mortgage,40.8,0.1,27,777,Very Good (740-799)
BOR107835,47,IN,109200.0,Self-employed,Mortgage,9.9,1.0,28,769,Very Good (740-799)
BOR107836,47,MA,35700.0,Full-time,Rent,28.1,0.6,25,782,Very Good (740-799)
BOR107837,39,TX,29900.0,Full-time,Rent,30.5,14.2,19,605,Poor (<620)
BOR107838,36,UT,46800.0,Self-employed,Rent,29.5,7.7,20,722,Good (680-739)
BOR107839,28,GA,31800.0,Full-time,Rent,23.3,3.0,10,759,Very Good (740-799)
BOR107840,33,NC,22300.0,Full-time,Own,25.5,6.3,17,771,Very Good (740-799)
BOR107841,45,TN,75300.0,Full-time,Mortgage,37.2,0.9,28,630,Fair (620-679)
BOR107842,45,NM,48400.0,Part-time,Rent,36.6,1.4,29,723,Good (680-739)
BOR107843,50,IN,50500.0,Full-time,Rent,32.3,0.1,34,685,Good (680-739)
BOR107844,24,UT,19600.0,Full-time,Mortgage,22.0,4.9,5,800,Exceptional (800+)
BOR107845,21,PA,35800.0,Full-time,Mortgage,40.6,2.0,3,590,Poor (<620)
BOR107846,36,TN,24700.0,Self-employed,Rent,39.9,11.6,15,630,Fair (620-679)
BOR107847,29,NV,46200.0,Self-employed,Rent,43.1,2.1,9,562,Poor (<620)
BOR107848,43,WA,49500.0,Part-time,Rent,24.2,1.9,20,689,Good (680-739)
BOR107849,25,NC,49500.0,Full-time,Mortgage,65.0,5.8,8,827,Exceptional (800+)
BOR107850,55,NH,34500.0,Full-time,Own,34.2,7.8,37,677,Fair (620-679)
BOR107851,31,NY,31800.0,Self-employed,Rent,24.4,0.8,8,687,Good (680-739)
BOR107852,60,NJ,42700.0,Full-time,Mortgage,55.8,1.6,37,716,Good (680-739)
BOR107853,47,LA,54800.0,Full-time,Rent,39.5,1.8,26,672,Fair (620-679)
BOR107854,28,LA,35900.0,Self-employed,Rent,34.0,5.4,5,704,Good (680-739)
BOR107855,66,NH,30600.0,Self-employed,Rent,35.2,1.2,50,705,Good (680-739)
BOR107856,44,LA,31200.0,Unemployed,Mortgage,44.8,2.4,21,625,Fair (620-679)
BOR107857,43,TX,34700.0,Full-time,Rent,34.5,1.7,26,674,Fair (620-679)
BOR107858,40,MS,38000.0,Full-time,Rent,14.8,2.5,17,728,Good (680-739)
BOR107859,47,NJ,28400.0,Full-time,Own,31.8,0.6,31,740,Very Good (740-799)
BOR107860,47,IN,38200.0,Part-time,Mortgage,41.0,0.7,24,764,Very Good (740-799)
BOR107861,31,MI,81300.0,Self-employed,Mortgage,31.5,0.8,9,702,Good (680-739)
BOR107862,38,NV,40800.0,Full-time,Mortgage,22.1,10.5,19,703,Good (680-739)
BOR107863,42,MA,26700.0,Full-time,Mortgage,31.6,6.5,25,729,Good (680-739)
BOR107864,48,NV,18000.0,Self-employed,Mortgage,40.6,4.5,32,641,Fair (620-679)
BOR107865,48,PA,106600.0,Full-time,Rent,44.8,5.3,25,639,Fair (620-679)
BOR107866,43,PA,77900.0,Full-time,Rent,20.9,7.7,20,672,Fair (620-679)
BOR107867,34,NJ,53000.0,Retired,Rent,20.2,13.8,11,597,Poor (<620)
BOR107868,34,CA,78700.0,Full-time,Rent,31.4,1.2,12,706,Good (680-739)
BOR107869,27,MD,59100.0,Self-employed,Own,25.1,2.4,10,748,Very Good (740-799)
BOR107870,48,GA,45100.0,Retired,Rent,26.2,15.7,26,634,Fair (620-679)
BOR107871,34,AZ,26700.0,Self-employed,Mortgage,29.3,0.2,11,708,Good (680-739)
BOR107872,39,TX,110100.0,Full-time,Mortgage,39.7,1.2,17,639,Fair (620-679)
BOR107873,44,PA,38300.0,Full-time,Rent,23.6,10.0,26,614,Poor (<620)
BOR107874,41,TN,39300.0,Full-time,Rent,20.3,1.6,21,814,Exceptional (800+)
BOR107875,41,GA,47400.0,Retired,Mortgage,24.6,1.6,23,615,Poor (<620)
BOR107876,30,IL,47800.0,Full-time,Rent,16.9,5.1,9,597,Poor (<620)
BOR107877,44,IL,60400.0,Part-time,Own,32.5,2.2,21,694,Good (680-739)
BOR107878,37,IL,57300.0,Self-employed,Rent,33.1,1.1,21,697,Good (680-739)
BOR107879,40,TN,36000.0,Full-time,Mortgage,42.1,2.6,20,723,Good (680-739)
BOR107880,55,PA,47200.0,Part-time,Mortgage,21.4,9.2,37,810,Exceptional (800+)
BOR107881,47,NC,59500.0,Full-time,Mortgage,33.2,12.8,26,629,Fair (620-679)
BOR107882,34,MD,34600.0,Full-time,Own,35.3,1.3,15,642,Fair (620-679)
BOR107883,39,WA,89400.0,Full-time,Rent,16.5,0.0,20,785,Very Good (740-799)
BOR107884,60,TN,46200.0,Full-time,Rent,34.2,0.0,43,741,Very Good (740-799)
BOR107885,37,OH,95700.0,Full-time,Rent,34.6,2.9,17,732,Good (680-739)
BOR107886,41,MS,24900.0,Full-time,Rent,30.7,1.1,21,642,Fair (620-679)
BOR107887,49,NJ,62600.0,Full-time,Mortgage,19.2,2.7,27,753,Very Good (740-799)
BOR107888,44,GA,31200.0,Full-time,Rent,31.2,6.0,26,732,Good (680-739)
BOR107889,37,MS,35000.0,Full-time,Mortgage,12.4,0.9,20,692,Good (680-739)
BOR107890,32,IN,70100.0,Part-time,Mortgage,35.3,3.8,15,642,Fair (620-679)
BOR107891,41,TN,42100.0,Full-time,Rent,39.4,2.5,18,687,Good (680-739)
BOR107892,49,LA,150100.0,Part-time,Rent,29.8,0.3,29,787,Very Good (740-799)
BOR107893,57,TX,58900.0,Self-employed,Mortgage,44.8,4.1,35,609,Poor (<620)
BOR107894,23,NV,34100.0,Self-employed,Rent,25.0,5.6,3,628,Fair (620-679)
BOR107895,62,MO,58900.0,Full-time,Rent,24.7,1.1,44,639,Fair (620-679)
BOR107896,38,NC,41900.0,Part-time,Mortgage,29.2,0.1,19,653,Fair (620-679)
BOR107897,52,OH,67800.0,Full-time,Rent,54.6,5.9,31,679,Fair (620-679)
BOR107898,32,FL,40800.0,Full-time,Mortgage,29.2,3.3,10,742,Very Good (740-799)
BOR107899,22,NM,56000.0,Full-time,Own,53.4,0.2,6,710,Good (680-739)
BOR107900,25,NY,51000.0,Unemployed,Rent,31.6,2.3,4,684,Good (680-739)
BOR107901,37,OH,48300.0,Self-employed,Other,23.9,3.5,15,698,Good (680-739)
BOR107902,47,MD,74500.0,Full-time,Rent,51.5,1.3,25,721,Good (680-739)
BOR107903,41,MD,20700.0,Full-time,Mortgage,33.8,0.2,19,571,Poor (<620)
BOR107904,38,PA,48700.0,Full-time,Mortgage,29.1,1.5,19,750,Very Good (740-799)
BOR107905,54,NV,34000.0,Full-time,Mortgage,40.6,3.9,37,626,Fair (620-679)
BOR107906,41,WA,25400.0,Full-time,Own,44.5,13.8,20,651,Fair (620-679)
BOR107907,44,NV,32000.0,Full-time,Own,26.2,3.4,26,702,Good (680-739)
BOR107908,78,FL,35300.0,Self-employed,Rent,41.0,0.3,55,675,Fair (620-679)
BOR107909,41,TX,41900.0,Full-time,Rent,29.7,1.9,20,712,Good (680-739)
BOR107910,33,TN,54300.0,Full-time,Rent,22.2,0.9,17,689,Good (680-739)
BOR107911,47,NY,59500.0,Full-time,Rent,24.9,0.1,26,661,Fair (620-679)
BOR107912,50,WA,38800.0,Self-employed,Own,20.3,7.0,32,779,Very Good (740-799)
BOR107913,45,CA,95100.0,Self-employed,Rent,32.9,5.1,29,726,Good (680-739)
BOR107914,43,MN,39500.0,Self-employed,Other,32.9,4.3,20,700,Good (680-739)
BOR107915,59,LA,19400.0,Full-time,Own,43.4,0.7,40,725,Good (680-739)
BOR107916,57,NV,39900.0,Full-time,Own,40.7,0.1,41,634,Fair (620-679)
BOR107917,40,UT,47600.0,Full-time,Rent,28.0,2.3,21,821,Exceptional (800+)
BOR107918,33,MS,18000.0,Full-time,Rent,30.1,2.6,15,609,Poor (<620)
BOR107919,46,NJ,80300.0,Full-time,Other,25.5,3.1,25,687,Good (680-739)
BOR107920,33,MI,44600.0,Full-time,Mortgage,33.1,0.4,11,661,Fair (620-679)
BOR107921,52,LA,27800.0,Full-time,Rent,29.8,3.5,34,659,Fair (620-679)
BOR107922,46,MS,30300.0,Full-time,Rent,32.5,0.4,27,650,Fair (620-679)
BOR107923,73,UT,65700.0,Full-time,Rent,46.6,0.5,55,630,Fair (620-679)
BOR107924,59,MN,69400.0,Full-time,Mortgage,47.1,1.3,42,757,Very Good (740-799)
BOR107925,28,PA,34800.0,Full-time,Rent,25.8,1.6,11,602,Poor (<620)
BOR107926,35,NM,25300.0,Full-time,Mortgage,39.8,8.0,15,744,Very Good (740-799)
BOR107927,19,NM,49500.0,Self-employed,Mortgage,38.5,8.5,1,722,Good (680-739)
BOR107928,19,IN,53700.0,Full-time,Rent,26.5,5.2,1,655,Fair (620-679)
BOR107929,42,LA,60100.0,Full-time,Mortgage,46.1,3.0,26,715,Good (680-739)
BOR107930,27,AZ,36200.0,Full-time,Mortgage,17.2,6.4,6,670,Fair (620-679)
BOR107931,61,NM,44100.0,Part-time,Own,42.8,0.4,42,608,Poor (<620)
BOR107932,55,FL,47100.0,Self-employed,Rent,30.8,2.0,37,609,Poor (<620)
BOR107933,38,LA,72000.0,Full-time,Mortgage,21.3,2.7,21,723,Good (680-739)
BOR107934,37,TX,84800.0,Self-employed,Other,30.2,3.2,19,719,Good (680-739)
BOR107935,59,NC,95800.0,Full-time,Rent,50.8,3.8,43,696,Good (680-739)
BOR107936,62,NY,83800.0,Retired,Rent,57.1,10.3,43,655,Fair (620-679)
BOR107937,30,VA,105500.0,Self-employed,Mortgage,24.2,7.4,9,668,Fair (620-679)
BOR107938,28,IL,73600.0,Full-time,Rent,31.6,1.8,9,659,Fair (620-679)
BOR107939,37,UT,35800.0,Full-time,Rent,30.1,3.7,20,566,Poor (<620)
BOR107940,46,AZ,93000.0,Full-time,Other,31.8,1.9,27,684,Good (680-739)
BOR107941,35,LA,25100.0,Unemployed,Rent,48.2,0.4,15,714,Good (680-739)
BOR107942,46,OH,135100.0,Full-time,Rent,28.1,11.3,26,684,Good (680-739)
BOR107943,64,CA,30100.0,Full-time,Own,24.2,0.4,44,795,Very Good (740-799)
BOR107944,24,MN,69500.0,Full-time,Own,27.6,0.9,7,615,Poor (<620)
BOR107945,36,MD,89300.0,Full-time,Mortgage,30.1,9.9,13,637,Fair (620-679)
BOR107946,24,AZ,57300.0,Self-employed,Mortgage,39.7,4.1,3,689,Good (680-739)
BOR107947,31,NV,18500.0,Part-time,Rent,33.3,9.4,12,696,Good (680-739)
BOR107948,37,NV,30400.0,Full-time,Own,38.7,0.4,15,556,Poor (<620)
BOR107949,32,MA,54800.0,Retired,Mortgage,42.6,0.6,16,719,Good (680-739)
BOR107950,47,UT,62100.0,Retired,Mortgage,29.2,17.0,29,696,Good (680-739)
BOR107951,43,MD,43000.0,Self-employed,Rent,31.3,11.7,24,542,Poor (<620)
BOR107952,45,MO,48200.0,Full-time,Own,36.9,2.5,22,672,Fair (620-679)
BOR107953,37,NC,24100.0,Self-employed,Rent,25.8,0.6,20,627,Fair (620-679)
BOR107954,38,CA,103600.0,Full-time,Rent,32.4,2.9,17,651,Fair (620-679)
BOR107955,37,OH,39300.0,Full-time,Mortgage,42.6,4.9,17,593,Poor (<620)
BOR107956,38,CO,66500.0,Unemployed,Own,33.2,0.2,19,707,Good (680-739)
BOR107957,46,MD,87700.0,Full-time,Own,44.8,3.7,27,795,Very Good (740-799)
BOR107958,19,NC,27700.0,Full-time,Mortgage,22.9,1.1,1,697,Good (680-739)
BOR107959,44,TN,49400.0,Self-employed,Own,35.4,4.1,25,540,Poor (<620)
BOR107960,31,PA,52800.0,Full-time,Rent,37.8,0.3,11,699,Good (680-739)
BOR107961,37,OH,41500.0,Full-time,Mortgage,35.2,9.2,15,667,Fair (620-679)
BOR107962,22,NM,70800.0,Full-time,Mortgage,29.1,3.5,2,608,Poor (<620)
BOR107963,37,NJ,34500.0,Part-time,Rent,17.4,4.8,19,703,Good (680-739)
BOR107964,44,OH,47800.0,Full-time,Rent,43.2,2.3,26,737,Good (680-739)
BOR107965,46,WA,39500.0,Full-time,Rent,17.9,4.1,24,637,Fair (620-679)
BOR107966,27,MI,132800.0,Retired,Rent,18.6,7.2,11,573,Poor (<620)
BOR107967,46,MD,34600.0,Part-time,Rent,37.8,0.6,24,549,Poor (<620)
BOR107968,55,UT,65200.0,Full-time,Rent,28.3,0.7,38,637,Fair (620-679)
BOR107969,35,MA,104700.0,Full-time,Own,33.4,2.3,17,670,Fair (620-679)
BOR107970,41,MA,30800.0,Self-employed,Mortgage,19.2,4.0,18,646,Fair (620-679)
BOR107971,19,NC,48700.0,Full-time,Rent,34.9,0.8,1,636,Fair (620-679)
BOR107972,30,AZ,29900.0,Retired,Mortgage,40.4,14.0,12,717,Good (680-739)
BOR107973,44,NC,18800.0,Full-time,Rent,16.4,1.2,28,710,Good (680-739)
BOR107974,52,CA,32800.0,Self-employed,Mortgage,34.5,0.7,29,693,Good (680-739)
BOR107975,34,LA,36100.0,Retired,Rent,41.0,6.5,12,733,Good (680-739)
BOR107976,73,NJ,37100.0,Full-time,Other,18.7,1.9,55,637,Fair (620-679)
BOR107977,45,WA,40700.0,Full-time,Mortgage,33.4,14.3,24,609,Poor (<620)
BOR107978,26,TX,46800.0,Full-time,Mortgage,32.5,0.6,4,646,Fair (620-679)
BOR107979,56,NV,27200.0,Full-time,Mortgage,35.6,5.6,39,642,Fair (620-679)
BOR107980,26,PA,54600.0,Full-time,Rent,29.3,0.8,10,547,Poor (<620)
BOR107981,45,NJ,80500.0,Full-time,Rent,17.4,9.8,28,645,Fair (620-679)
BOR107982,30,NV,84900.0,Full-time,Rent,28.0,3.8,11,752,Very Good (740-799)
BOR107983,25,NJ,41500.0,Full-time,Own,26.4,0.1,3,732,Good (680-739)
BOR107984,53,MS,69700.0,Full-time,Rent,31.3,4.6,34,714,Good (680-739)
BOR107985,38,IL,34300.0,Self-employed,Rent,44.1,0.7,21,689,Good (680-739)
BOR107986,62,MD,40000.0,Full-time,Mortgage,17.1,2.2,45,774,Very Good (740-799)
BOR107987,29,NH,55800.0,Full-time,Rent,41.6,1.7,7,611,Poor (<620)
BOR107988,22,AZ,40100.0,Full-time,Rent,49.7,0.5,1,617,Poor (<620)
BOR107989,35,MD,26400.0,Full-time,Rent,49.1,1.2,18,753,Very Good (740-799)
BOR107990,76,MI,67800.0,Full-time,Own,49.9,4.1,55,682,Good (680-739)
BOR107991,51,CO,32100.0,Full-time,Mortgage,33.9,4.1,32,636,Fair (620-679)
BOR107992,48,MS,36900.0,Full-time,Own,32.7,7.8,32,716,Good (680-739)
BOR107993,48,MD,75100.0,Full-time,Mortgage,13.9,1.2,31,651,Fair (620-679)
BOR107994,35,MS,59400.0,Full-time,Rent,29.8,4.6,14,626,Fair (620-679)
BOR107995,74,MA,50500.0,Full-time,Mortgage,43.3,5.9,55,624,Fair (620-679)
BOR107996,46,MA,24100.0,Self-employed,Mortgage,17.8,3.7,24,701,Good (680-739)
BOR107997,45,GA,27600.0,Part-time,Mortgage,23.4,4.9,25,693,Good (680-739)
BOR107998,53,MD,55800.0,Full-time,Own,33.1,6.1,35,779,Very Good (740-799)
BOR107999,26,LA,61900.0,Full-time,Mortgage,15.5,6.8,4,661,Fair (620-679)
BOR108000,30,IN,52300.0,Part-time,Own,50.2,13.3,11,660,Fair (620-679)
BOR108001,38,IL,37700.0,Full-time,Rent,37.8,0.7,18,774,Very Good (740-799)
BOR108002,53,AZ,37100.0,Full-time,Mortgage,35.4,6.4,33,744,Very Good (740-799)
BOR108003,25,CO,51400.0,Self-employed,Mortgage,40.1,1.5,8,689,Good (680-739)
BOR108004,40,NM,26500.0,Full-time,Mortgage,28.6,0.9,22,579,Poor (<620)
BOR108005,38,PA,48600.0,Full-time,Mortgage,34.8,0.4,18,627,Fair (620-679)
BOR108006,22,NY,25000.0,Part-time,Mortgage,22.2,4.8,6,611,Poor (<620)
BOR108007,35,NJ,29000.0,Retired,Other,8.8,1.9,18,682,Good (680-739)
BOR108008,48,NY,50500.0,Self-employed,Own,31.7,1.0,32,647,Fair (620-679)
BOR108009,23,NH,60600.0,Retired,Rent,47.8,3.6,3,784,Very Good (740-799)
BOR108010,58,NJ,54400.0,Full-time,Rent,48.7,22.9,40,578,Poor (<620)
BOR108011,47,AZ,28200.0,Full-time,Other,30.1,6.3,30,605,Poor (<620)
BOR108012,45,IL,20100.0,Full-time,Rent,29.2,4.6,22,696,Good (680-739)
BOR108013,41,NJ,46500.0,Full-time,Rent,16.4,7.2,19,714,Good (680-739)
BOR108014,28,NH,19800.0,Self-employed,Mortgage,42.6,1.1,8,512,Poor (<620)
BOR108015,33,WA,71300.0,Full-time,Mortgage,36.2,11.5,11,567,Poor (<620)
BOR108016,45,CA,28700.0,Full-time,Rent,30.1,1.5,29,663,Fair (620-679)
BOR108017,33,OH,127400.0,Retired,Rent,12.3,2.4,13,768,Very Good (740-799)
BOR108018,43,NH,30200.0,Full-time,Rent,14.0,3.5,20,803,Exceptional (800+)
BOR108019,30,NH,57400.0,Full-time,Own,33.3,0.6,11,653,Fair (620-679)
BOR108020,46,IL,33500.0,Retired,Mortgage,16.6,6.5,23,669,Fair (620-679)
BOR108021,47,TN,43200.0,Full-time,Rent,37.4,0.7,25,626,Fair (620-679)
BOR108022,21,TX,50700.0,Self-employed,Rent,37.9,12.7,1,721,Good (680-739)
BOR108023,42,MA,68700.0,Full-time,Mortgage,18.9,0.9,24,779,Very Good (740-799)
BOR108024,23,NY,73800.0,Full-time,Own,32.5,0.4,4,762,Very Good (740-799)
BOR108025,19,NV,64700.0,Full-time,Rent,22.6,9.7,1,678,Fair (620-679)
BOR108026,34,NM,74400.0,Full-time,Rent,41.4,9.4,13,625,Fair (620-679)
BOR108027,75,PA,35300.0,Full-time,Own,64.9,2.7,55,681,Good (680-739)
BOR108028,50,VA,62400.0,Part-time,Rent,30.8,5.4,29,770,Very Good (740-799)
BOR108029,58,FL,40000.0,Full-time,Own,46.8,0.8,36,654,Fair (620-679)
BOR108030,48,NC,72700.0,Full-time,Mortgage,42.3,3.1,27,562,Poor (<620)
BOR108031,43,TX,49100.0,Full-time,Mortgage,31.2,0.2,26,657,Fair (620-679)
BOR108032,52,OH,61600.0,Part-time,Mortgage,37.3,14.1,36,662,Fair (620-679)
BOR108033,33,NH,53200.0,Full-time,Mortgage,19.3,0.7,10,562,Poor (<620)
BOR108034,47,TX,65700.0,Full-time,Mortgage,33.4,3.3,29,695,Good (680-739)
BOR108035,55,LA,32400.0,Retired,Rent,29.0,0.3,34,713,Good (680-739)
BOR108036,49,TX,23000.0,Retired,Mortgage,45.6,6.2,28,801,Exceptional (800+)
BOR108037,56,AZ,72800.0,Full-time,Rent,25.7,7.8,34,593,Poor (<620)
BOR108038,43,NJ,85400.0,Full-time,Mortgage,21.5,12.3,26,727,Good (680-739)
BOR108039,61,MS,44300.0,Full-time,Other,21.8,5.4,42,743,Very Good (740-799)
BOR108040,39,PA,67200.0,Full-time,Rent,40.6,5.3,20,714,Good (680-739)
BOR108041,66,PA,22400.0,Self-employed,Rent,30.2,2.5,48,615,Poor (<620)
BOR108042,48,CO,35300.0,Full-time,Mortgage,15.2,14.9,25,611,Poor (<620)
BOR108043,36,MD,48400.0,Full-time,Mortgage,42.1,4.3,17,686,Good (680-739)
BOR108044,27,MD,21400.0,Full-time,Own,16.9,0.4,5,686,Good (680-739)
BOR108045,31,CA,23400.0,Full-time,Rent,26.5,12.0,9,644,Fair (620-679)
BOR108046,29,OH,50100.0,Full-time,Rent,29.9,0.0,11,764,Very Good (740-799)
BOR108047,40,NV,35500.0,Full-time,Rent,21.0,5.3,21,654,Fair (620-679)
BOR108048,26,TN,39900.0,Retired,Rent,15.0,1.2,7,557,Poor (<620)
BOR108049,57,TN,38800.0,Full-time,Own,40.1,16.1,39,665,Fair (620-679)
BOR108050,42,GA,26200.0,Full-time,Mortgage,38.5,9.5,26,711,Good (680-739)
BOR108051,42,OH,42300.0,Full-time,Mortgage,32.5,4.0,22,702,Good (680-739)
BOR108052,27,NM,46300.0,Self-employed,Mortgage,35.7,5.0,10,702,Good (680-739)
BOR108053,32,MD,35900.0,Full-time,Rent,15.0,3.3,16,777,Very Good (740-799)
BOR108054,19,NY,37200.0,Full-time,Rent,37.2,3.2,1,608,Poor (<620)
BOR108055,60,MS,42500.0,Full-time,Rent,36.1,4.5,39,652,Fair (620-679)
BOR108056,24,MA,67400.0,Self-employed,Mortgage,36.4,0.9,6,780,Very Good (740-799)
BOR108057,25,NC,44700.0,Full-time,Mortgage,36.4,3.7,4,552,Poor (<620)
BOR108058,58,MI,19600.0,Full-time,Mortgage,41.9,5.0,35,677,Fair (620-679)
BOR108059,46,MD,27200.0,Full-time,Rent,30.8,4.7,29,760,Very Good (740-799)
BOR108060,42,MI,70900.0,Part-time,Mortgage,32.6,7.6,19,759,Very Good (740-799)
BOR108061,45,MA,34300.0,Retired,Mortgage,18.7,5.0,28,723,Good (680-739)
BOR108062,52,MD,44800.0,Full-time,Rent,38.9,1.0,31,725,Good (680-739)
BOR108063,42,PA,110900.0,Full-time,Mortgage,25.3,1.8,20,612,Poor (<620)
BOR108064,22,NM,62000.0,Full-time,Rent,26.0,3.1,5,769,Very Good (740-799)
BOR108065,50,NC,18000.0,Full-time,Rent,27.9,2.0,32,602,Poor (<620)
BOR108066,46,NJ,89300.0,Full-time,Rent,21.3,3.6,27,606,Poor (<620)
BOR108067,55,MD,49900.0,Full-time,Rent,30.9,2.0,35,705,Good (680-739)
BOR108068,26,TN,55100.0,Self-employed,Rent,40.2,0.1,5,648,Fair (620-679)
BOR108069,32,NJ,53500.0,Full-time,Rent,20.9,3.7,12,693,Good (680-739)
BOR108070,46,IN,70300.0,Full-time,Own,31.8,4.2,30,708,Good (680-739)
BOR108071,30,MS,45000.0,Full-time,Own,38.7,1.1,10,796,Very Good (740-799)
BOR108072,19,MN,23900.0,Full-time,Rent,7.2,7.0,3,708,Good (680-739)
BOR108073,43,NV,53900.0,Unemployed,Mortgage,50.5,8.1,27,640,Fair (620-679)
BOR108074,52,OH,25000.0,Self-employed,Mortgage,27.4,2.4,31,724,Good (680-739)
BOR108075,39,NJ,105600.0,Part-time,Mortgage,22.7,2.6,20,626,Fair (620-679)
BOR108076,48,AZ,39600.0,Retired,Rent,32.8,12.2,30,739,Good (680-739)
BOR108077,46,TX,45600.0,Full-time,Rent,25.3,9.0,24,684,Good (680-739)
BOR108078,41,MN,34400.0,Full-time,Mortgage,31.3,7.3,23,706,Good (680-739)
BOR108079,43,NC,54300.0,Full-time,Mortgage,24.5,2.1,22,564,Poor (<620)
BOR108080,57,GA,57200.0,Retired,Own,43.3,14.0,39,534,Poor (<620)
BOR108081,29,OH,34400.0,Full-time,Other,58.8,7.8,10,582,Poor (<620)
BOR108082,50,GA,57200.0,Full-time,Own,39.2,1.8,32,793,Very Good (740-799)
BOR108083,27,NC,48100.0,Part-time,Own,34.0,0.8,11,605,Poor (<620)
BOR108084,31,TN,44700.0,Full-time,Mortgage,26.5,0.9,14,728,Good (680-739)
BOR108085,55,MA,33200.0,Self-employed,Mortgage,42.6,0.0,35,638,Fair (620-679)
BOR108086,26,OH,132100.0,Self-employed,Rent,24.3,2.2,7,664,Fair (620-679)
BOR108087,38,IL,79400.0,Full-time,Own,35.2,0.8,18,677,Fair (620-679)
BOR108088,69,NV,64700.0,Self-employed,Rent,26.8,4.2,46,787,Very Good (740-799)
BOR108089,53,FL,77400.0,Full-time,Mortgage,19.4,4.4,31,718,Good (680-739)
BOR108090,32,WA,53400.0,Retired,Rent,29.9,3.2,9,705,Good (680-739)
BOR108091,34,WA,39800.0,Full-time,Own,22.1,2.8,12,764,Very Good (740-799)
BOR108092,39,MA,18000.0,Full-time,Mortgage,46.8,3.8,22,639,Fair (620-679)
BOR108093,57,LA,26900.0,Full-time,Rent,24.5,7.9,39,749,Very Good (740-799)
BOR108094,29,TN,123500.0,Part-time,Rent,30.7,5.9,10,739,Good (680-739)
BOR108095,28,NH,78600.0,Part-time,Mortgage,25.5,7.8,7,738,Good (680-739)
BOR108096,50,LA,51100.0,Full-time,Rent,19.6,8.4,34,670,Fair (620-679)
BOR108097,21,IL,22900.0,Self-employed,Rent,38.8,1.9,1,652,Fair (620-679)
BOR108098,30,OH,62000.0,Full-time,Rent,31.1,0.9,7,623,Fair (620-679)
BOR108099,40,NC,41100.0,Self-employed,Rent,55.4,4.6,23,628,Fair (620-679)
BOR108100,41,MI,63800.0,Full-time,Rent,42.5,3.4,21,620,Fair (620-679)
BOR108101,25,AZ,28300.0,Unemployed,Rent,32.7,14.2,7,704,Good (680-739)
BOR108102,45,IL,37400.0,Self-employed,Rent,35.7,0.5,24,665,Fair (620-679)
BOR108103,48,IL,69400.0,Self-employed,Rent,31.1,5.5,27,708,Good (680-739)
BOR108104,33,MI,111000.0,Full-time,Mortgage,21.7,2.0,13,712,Good (680-739)
BOR108105,61,MO,34700.0,Retired,Rent,17.6,6.7,40,611,Poor (<620)
BOR108106,45,MD,29700.0,Full-time,Mortgage,21.4,4.5,27,609,Poor (<620)
BOR108107,29,NH,73900.0,Full-time,Rent,45.4,2.8,8,665,Fair (620-679)
BOR108108,60,PA,26500.0,Full-time,Rent,34.6,0.7,44,630,Fair (620-679)
BOR108109,35,MI,27300.0,Retired,Rent,37.4,16.9,17,623,Fair (620-679)
BOR108110,43,UT,52600.0,Retired,Mortgage,39.9,3.7,24,790,Very Good (740-799)
BOR108111,35,MD,119200.0,Full-time,Mortgage,30.0,0.8,15,580,Poor (<620)
BOR108112,48,TN,31800.0,Part-time,Own,25.9,5.2,28,811,Exceptional (800+)
BOR108113,35,AZ,39500.0,Full-time,Rent,52.2,16.4,18,699,Good (680-739)
BOR108114,36,TX,49000.0,Full-time,Own,37.3,0.6,16,744,Very Good (740-799)
BOR108115,39,LA,37700.0,Full-time,Other,15.4,0.7,18,736,Good (680-739)
BOR108116,35,TN,21100.0,Full-time,Other,14.4,3.4,17,720,Good (680-739)
BOR108117,54,MA,66900.0,Full-time,Rent,39.5,3.0,36,788,Very Good (740-799)
BOR108118,26,AZ,50700.0,Full-time,Own,23.2,3.0,8,610,Poor (<620)
BOR108119,41,MI,55000.0,Full-time,Own,30.7,1.4,23,670,Fair (620-679)
BOR108120,42,OH,43700.0,Full-time,Rent,10.1,4.0,21,625,Fair (620-679)
BOR108121,40,CO,92100.0,Full-time,Own,27.4,5.8,22,570,Poor (<620)
BOR108122,53,WA,37200.0,Self-employed,Rent,41.1,1.8,36,637,Fair (620-679)
BOR108123,23,CA,28700.0,Part-time,Rent,26.6,3.5,7,802,Exceptional (800+)
BOR108124,48,MI,98600.0,Full-time,Rent,20.3,7.1,28,669,Fair (620-679)
BOR108125,26,MS,18000.0,Self-employed,Other,29.6,0.0,7,809,Exceptional (800+)
BOR108126,35,MI,43500.0,Full-time,Rent,32.3,2.2,12,816,Exceptional (800+)
BOR108127,25,NJ,45100.0,Part-time,Own,28.5,6.4,5,850,Exceptional (800+)
BOR108128,37,TN,44300.0,Full-time,Other,16.2,1.8,18,804,Exceptional (800+)
BOR108129,34,MN,23200.0,Full-time,Own,35.9,5.9,18,833,Exceptional (800+)
BOR108130,61,MO,27400.0,Full-time,Rent,26.3,6.3,39,701,Good (680-739)
BOR108131,44,NV,71800.0,Self-employed,Rent,33.7,2.4,26,695,Good (680-739)
BOR108132,46,FL,87000.0,Full-time,Mortgage,22.2,0.8,29,699,Good (680-739)
BOR108133,28,MS,38600.0,Unemployed,Mortgage,44.5,1.7,5,680,Good (680-739)
BOR108134,50,MS,30700.0,Full-time,Rent,39.1,6.6,34,690,Good (680-739)
BOR108135,61,WA,20900.0,Full-time,Mortgage,28.4,2.7,42,729,Good (680-739)
BOR108136,51,TN,71200.0,Part-time,Rent,35.0,0.9,33,650,Fair (620-679)
BOR108137,25,IL,73100.0,Part-time,Own,48.4,0.1,6,590,Poor (<620)
BOR108138,35,NJ,18000.0,Full-time,Mortgage,43.8,0.4,15,704,Good (680-739)
BOR108139,42,PA,18000.0,Full-time,Rent,47.1,2.8,22,635,Fair (620-679)
BOR108140,34,CA,49600.0,Self-employed,Own,38.1,3.7,14,642,Fair (620-679)
BOR108141,71,NH,52600.0,Self-employed,Rent,26.6,10.3,53,671,Fair (620-679)
BOR108142,35,OH,37600.0,Part-time,Rent,37.9,2.5,19,656,Fair (620-679)
BOR108143,40,TN,45900.0,Part-time,Rent,49.0,17.1,24,752,Very Good (740-799)
BOR108144,34,GA,41700.0,Full-time,Other,38.1,1.2,12,669,Fair (620-679)
BOR108145,44,NC,47200.0,Full-time,Rent,23.7,4.5,22,755,Very Good (740-799)
BOR108146,58,MI,31100.0,Full-time,Rent,32.7,4.9,35,693,Good (680-739)
BOR108147,42,NC,46400.0,Full-time,Rent,39.6,3.9,20,674,Fair (620-679)
BOR108148,38,IN,34400.0,Full-time,Mortgage,33.7,2.2,20,690,Good (680-739)
BOR108149,28,UT,33200.0,Full-time,Rent,39.6,6.7,7,596,Poor (<620)
BOR108150,56,NJ,20100.0,Self-employed,Mortgage,25.8,3.9,36,702,Good (680-739)
BOR108151,39,NH,43100.0,Full-time,Mortgage,29.9,9.3,21,735,Good (680-739)
BOR108152,39,MO,66900.0,Self-employed,Mortgage,35.4,2.6,20,744,Very Good (740-799)
BOR108153,19,TN,40300.0,Full-time,Mortgage,35.9,1.6,1,592,Poor (<620)
BOR108154,39,IL,39800.0,Retired,Rent,25.7,1.4,19,581,Poor (<620)
BOR108155,36,TX,82000.0,Full-time,Mortgage,7.5,6.5,17,645,Fair (620-679)
BOR108156,19,NV,74000.0,Full-time,Mortgage,5.0,1.3,2,770,Very Good (740-799)
BOR108157,53,MA,101800.0,Full-time,Mortgage,31.5,5.8,32,694,Good (680-739)
BOR108158,35,NJ,128800.0,Full-time,Rent,33.8,3.2,16,630,Fair (620-679)
BOR108159,64,NV,47900.0,Full-time,Mortgage,29.9,0.7,43,586,Poor (<620)
BOR108160,58,GA,27700.0,Self-employed,Rent,32.4,8.9,42,636,Fair (620-679)
BOR108161,32,MN,36900.0,Self-employed,Rent,48.0,5.4,13,631,Fair (620-679)
BOR108162,57,NC,60300.0,Part-time,Rent,27.0,1.4,34,741,Very Good (740-799)
BOR108163,60,MS,89100.0,Full-time,Mortgage,35.7,0.3,38,746,Very Good (740-799)
BOR108164,34,OH,29100.0,Full-time,Rent,48.8,5.8,14,612,Poor (<620)
BOR108165,29,NY,52300.0,Full-time,Mortgage,21.6,7.6,9,729,Good (680-739)
BOR108166,19,MD,32600.0,Full-time,Rent,49.7,1.7,3,722,Good (680-739)
BOR108167,46,PA,43700.0,Full-time,Rent,41.7,10.0,25,603,Poor (<620)
BOR108168,29,NM,43400.0,Full-time,Rent,28.9,0.1,13,675,Fair (620-679)
BOR108169,46,IN,55400.0,Full-time,Rent,6.7,4.9,25,702,Good (680-739)
BOR108170,34,IL,116400.0,Full-time,Mortgage,45.9,0.3,16,691,Good (680-739)
BOR108171,32,IL,57700.0,Full-time,Rent,49.7,2.9,10,569,Poor (<620)
BOR108172,34,MS,38400.0,Self-employed,Mortgage,25.1,5.5,13,689,Good (680-739)
BOR108173,25,TN,35700.0,Full-time,Own,50.3,5.2,5,721,Good (680-739)
BOR108174,34,LA,42800.0,Full-time,Rent,15.1,7.4,17,783,Very Good (740-799)
BOR108175,32,FL,31500.0,Full-time,Rent,34.9,4.1,12,637,Fair (620-679)
BOR108176,41,MS,49700.0,Full-time,Rent,30.2,23.8,21,645,Fair (620-679)
BOR108177,42,WA,18000.0,Full-time,Rent,18.6,1.2,26,666,Fair (620-679)
BOR108178,28,MO,42400.0,Self-employed,Rent,29.5,5.6,9,699,Good (680-739)
BOR108179,54,MI,43900.0,Part-time,Rent,31.7,8.7,34,686,Good (680-739)
BOR108180,39,TX,27700.0,Unemployed,Rent,20.1,8.2,22,719,Good (680-739)
BOR108181,59,UT,39300.0,Full-time,Own,38.8,1.6,36,607,Poor (<620)
BOR108182,44,NH,77200.0,Full-time,Own,25.2,0.3,24,706,Good (680-739)
BOR108183,42,NC,79700.0,Full-time,Own,28.4,3.6,24,632,Fair (620-679)
BOR108184,35,NM,36700.0,Full-time,Mortgage,46.5,4.6,13,671,Fair (620-679)
BOR108185,48,PA,59000.0,Full-time,Rent,25.5,8.4,29,791,Very Good (740-799)
BOR108186,41,PA,23800.0,Full-time,Rent,9.4,2.9,25,589,Poor (<620)
BOR108187,51,TX,40800.0,Full-time,Rent,29.5,9.6,31,662,Fair (620-679)
BOR108188,60,MI,51700.0,Self-employed,Own,33.1,3.4,40,597,Poor (<620)
BOR108189,32,TX,92700.0,Full-time,Rent,29.6,4.3,14,690,Good (680-739)
BOR108190,48,MI,79800.0,Full-time,Rent,40.6,4.7,32,748,Very Good (740-799)
BOR108191,48,NY,51200.0,Full-time,Mortgage,36.0,1.5,31,691,Good (680-739)
BOR108192,46,MD,30900.0,Full-time,Mortgage,26.0,10.4,26,672,Fair (620-679)
BOR108193,36,NV,85900.0,Part-time,Rent,39.0,15.0,13,766,Very Good (740-799)
BOR108194,36,MD,40000.0,Full-time,Own,36.6,2.2,18,701,Good (680-739)
BOR108195,34,PA,57100.0,Self-employed,Rent,36.3,1.6,18,733,Good (680-739)
BOR108196,34,CO,44100.0,Self-employed,Other,30.4,2.5,13,726,Good (680-739)
BOR108197,31,OH,114300.0,Full-time,Own,34.9,12.3,14,500,Poor (<620)
BOR108198,40,CO,35400.0,Self-employed,Mortgage,33.1,2.7,19,675,Fair (620-679)
BOR108199,32,AZ,70400.0,Full-time,Rent,29.0,2.6,11,610,Poor (<620)
BOR108200,46,NC,44900.0,Self-employed,Own,36.8,2.4,27,626,Fair (620-679)
BOR108201,42,TX,60200.0,Full-time,Rent,37.6,6.1,20,776,Very Good (740-799)
BOR108202,43,NV,96700.0,Full-time,Own,37.6,1.5,24,656,Fair (620-679)
BOR108203,38,NM,18900.0,Full-time,Mortgage,38.2,2.8,21,803,Exceptional (800+)
BOR108204,42,IN,45300.0,Retired,Rent,9.5,1.2,24,589,Poor (<620)
BOR108205,38,UT,31200.0,Retired,Rent,41.0,3.2,20,610,Poor (<620)
BOR108206,50,MS,57000.0,Full-time,Mortgage,22.4,0.7,32,730,Good (680-739)
BOR108207,36,PA,63600.0,Full-time,Own,43.2,0.1,14,658,Fair (620-679)
BOR108208,46,MD,37700.0,Self-employed,Mortgage,18.4,2.9,26,700,Good (680-739)
BOR108209,25,NC,36900.0,Full-time,Own,47.8,0.7,8,673,Fair (620-679)
BOR108210,50,WA,51100.0,Full-time,Mortgage,10.2,4.8,32,671,Fair (620-679)
BOR108211,34,PA,26300.0,Unemployed,Mortgage,35.2,1.5,18,660,Fair (620-679)
BOR108212,30,NH,54200.0,Full-time,Rent,28.3,5.4,14,692,Good (680-739)
BOR108213,27,MD,32300.0,Full-time,Rent,36.6,1.7,11,722,Good (680-739)
BOR108214,26,OH,64900.0,Full-time,Rent,49.3,2.6,10,785,Very Good (740-799)
BOR108215,35,MI,25800.0,Full-time,Rent,34.4,0.2,12,667,Fair (620-679)
BOR108216,59,NJ,36100.0,Full-time,Rent,41.4,14.0,41,654,Fair (620-679)
BOR108217,33,WI,33300.0,Retired,Other,47.3,1.7,11,646,Fair (620-679)
BOR108218,19,MS,40800.0,Self-employed,Rent,25.8,0.9,1,776,Very Good (740-799)
BOR108219,45,NC,86600.0,Full-time,Rent,35.6,0.3,26,725,Good (680-739)
BOR108220,28,VA,68200.0,Self-employed,Mortgage,45.7,1.1,5,557,Poor (<620)
BOR108221,51,TN,37600.0,Full-time,Rent,35.5,6.8,28,554,Poor (<620)
BOR108222,36,MI,37600.0,Full-time,Rent,26.1,4.9,15,626,Fair (620-679)
BOR108223,38,WA,69500.0,Full-time,Mortgage,37.2,4.5,22,695,Good (680-739)
BOR108224,55,FL,27600.0,Full-time,Mortgage,33.1,2.1,39,678,Fair (620-679)
BOR108225,48,PA,47100.0,Full-time,Mortgage,37.1,1.4,32,713,Good (680-739)
BOR108226,26,NJ,35500.0,Full-time,Rent,26.7,1.9,7,669,Fair (620-679)
BOR108227,28,MS,43200.0,Retired,Other,34.4,1.7,9,771,Very Good (740-799)
BOR108228,20,NC,67100.0,Full-time,Mortgage,30.6,4.4,1,730,Good (680-739)
BOR108229,72,OH,34500.0,Full-time,Own,27.1,6.8,50,685,Good (680-739)
BOR108230,31,WI,72300.0,Retired,Own,45.1,7.1,15,754,Very Good (740-799)
BOR108231,55,NM,125500.0,Full-time,Rent,26.9,0.5,39,573,Poor (<620)
BOR108232,35,NJ,61200.0,Full-time,Mortgage,24.4,19.7,13,674,Fair (620-679)
BOR108233,28,CA,44900.0,Full-time,Rent,20.1,1.2,10,689,Good (680-739)
BOR108234,41,MD,78500.0,Full-time,Own,31.4,10.9,19,719,Good (680-739)
BOR108235,37,NJ,28300.0,Full-time,Own,30.5,2.1,20,569,Poor (<620)
BOR108236,51,MO,92500.0,Full-time,Mortgage,39.2,14.3,29,663,Fair (620-679)
BOR108237,51,OH,33200.0,Full-time,Mortgage,19.7,3.6,30,706,Good (680-739)
BOR108238,34,CA,123700.0,Full-time,Other,15.2,7.4,18,711,Good (680-739)
BOR108239,24,NC,33800.0,Full-time,Mortgage,13.5,4.2,6,757,Very Good (740-799)
BOR108240,27,MD,62800.0,Full-time,Rent,36.6,0.1,8,729,Good (680-739)
BOR108241,19,MI,23100.0,Full-time,Rent,42.3,5.4,1,676,Fair (620-679)
BOR108242,38,IL,42400.0,Full-time,Rent,41.5,3.5,18,724,Good (680-739)
BOR108243,41,VA,28700.0,Full-time,Other,27.0,3.6,25,667,Fair (620-679)
BOR108244,27,CO,24400.0,Part-time,Own,33.3,0.1,7,690,Good (680-739)
BOR108245,26,FL,80200.0,Unemployed,Rent,9.5,0.5,7,732,Good (680-739)
BOR108246,41,MD,26800.0,Full-time,Rent,48.2,7.8,22,677,Fair (620-679)
BOR108247,33,MO,33500.0,Full-time,Rent,43.6,5.0,17,704,Good (680-739)
BOR108248,38,NC,31800.0,Part-time,Rent,41.0,0.3,22,742,Very Good (740-799)
BOR108249,37,UT,77900.0,Full-time,Rent,23.0,4.6,14,726,Good (680-739)
BOR108250,44,LA,73700.0,Full-time,Mortgage,28.4,0.2,27,760,Very Good (740-799)
BOR108251,34,GA,82600.0,Full-time,Rent,30.1,2.3,13,831,Exceptional (800+)
BOR108252,35,CA,32700.0,Full-time,Rent,49.0,6.4,14,726,Good (680-739)
BOR108253,19,GA,85600.0,Full-time,Mortgage,42.0,6.1,1,650,Fair (620-679)
BOR108254,40,IL,32600.0,Self-employed,Own,30.1,19.1,23,713,Good (680-739)
BOR108255,42,AZ,33200.0,Full-time,Mortgage,37.8,11.7,24,710,Good (680-739)
BOR108256,39,MS,34000.0,Full-time,Rent,22.9,2.1,19,720,Good (680-739)
BOR108257,64,LA,34600.0,Full-time,Mortgage,18.2,0.2,48,777,Very Good (740-799)
BOR108258,43,GA,44800.0,Full-time,Mortgage,31.3,3.7,21,571,Poor (<620)
BOR108259,39,NJ,32000.0,Full-time,Rent,20.6,6.5,20,778,Very Good (740-799)
BOR108260,47,CA,51700.0,Full-time,Own,15.1,3.6,29,800,Exceptional (800+)
BOR108261,66,AZ,18000.0,Full-time,Rent,32.3,1.7,49,717,Good (680-739)
BOR108262,44,TX,51700.0,Self-employed,Rent,29.4,0.5,21,718,Good (680-739)
BOR108263,19,MS,28600.0,Self-employed,Rent,21.9,3.3,1,664,Fair (620-679)
BOR108264,46,LA,34500.0,Self-employed,Mortgage,28.0,3.1,27,680,Good (680-739)
BOR108265,30,IL,34900.0,Full-time,Mortgage,35.8,7.2,14,725,Good (680-739)
BOR108266,19,MD,71300.0,Self-employed,Mortgage,29.7,8.2,1,721,Good (680-739)
BOR108267,61,AZ,58500.0,Full-time,Own,33.4,4.5,41,727,Good (680-739)
BOR108268,59,MN,43300.0,Full-time,Rent,30.3,1.0,42,721,Good (680-739)
BOR108269,30,VA,33800.0,Unemployed,Mortgage,49.3,7.8,8,738,Good (680-739)
BOR108270,30,PA,66300.0,Full-time,Other,45.3,14.8,10,731,Good (680-739)
BOR108271,43,IN,104600.0,Full-time,Rent,33.2,4.8,24,613,Poor (<620)
BOR108272,30,TX,46000.0,Full-time,Own,23.8,2.9,8,734,Good (680-739)
BOR108273,39,MA,22700.0,Full-time,Rent,26.4,1.4,23,801,Exceptional (800+)
BOR108274,32,IL,34000.0,Full-time,Mortgage,19.1,0.6,12,678,Fair (620-679)
BOR108275,36,MO,60000.0,Full-time,Mortgage,24.0,1.2,16,777,Very Good (740-799)
BOR108276,24,NV,38200.0,Full-time,Mortgage,38.7,4.3,2,620,Fair (620-679)
BOR108277,51,FL,31700.0,Full-time,Mortgage,26.1,4.8,28,678,Fair (620-679)
BOR108278,55,NJ,31100.0,Full-time,Rent,30.3,0.3,36,638,Fair (620-679)
BOR108279,40,MD,48600.0,Full-time,Mortgage,43.8,1.7,17,770,Very Good (740-799)
BOR108280,41,PA,23400.0,Full-time,Own,37.5,1.1,22,787,Very Good (740-799)
BOR108281,49,AZ,45900.0,Full-time,Rent,32.7,5.0,30,674,Fair (620-679)
BOR108282,41,MO,48500.0,Unemployed,Mortgage,30.9,12.2,21,756,Very Good (740-799)
BOR108283,62,NC,38100.0,Self-employed,Mortgage,30.0,8.0,43,787,Very Good (740-799)
BOR108284,25,NV,29200.0,Full-time,Mortgage,41.3,2.2,5,678,Fair (620-679)
BOR108285,51,WA,73700.0,Full-time,Rent,35.0,1.4,33,688,Good (680-739)
BOR108286,40,TN,25600.0,Retired,Rent,29.4,8.2,17,728,Good (680-739)
BOR108287,28,NY,50400.0,Full-time,Own,19.3,1.4,5,625,Fair (620-679)
BOR108288,68,CA,64700.0,Self-employed,Mortgage,36.8,2.5,47,687,Good (680-739)
BOR108289,70,TX,50100.0,Self-employed,Rent,35.4,1.4,53,819,Exceptional (800+)
BOR108290,39,MS,81100.0,Full-time,Own,16.2,4.0,17,647,Fair (620-679)
BOR108291,46,LA,28000.0,Full-time,Own,30.5,1.5,26,735,Good (680-739)
BOR108292,35,NV,32700.0,Full-time,Rent,35.3,0.4,14,714,Good (680-739)
BOR108293,37,PA,37900.0,Full-time,Rent,29.4,2.4,18,669,Fair (620-679)
BOR108294,27,WA,205000.0,Self-employed,Own,50.1,0.5,6,694,Good (680-739)
BOR108295,26,MN,58600.0,Full-time,Rent,47.3,1.9,10,794,Very Good (740-799)
BOR108296,63,MO,63800.0,Self-employed,Own,19.4,6.1,40,716,Good (680-739)
BOR108297,41,FL,62600.0,Full-time,Mortgage,29.5,1.0,21,726,Good (680-739)
BOR108298,42,LA,48300.0,Full-time,Rent,41.7,19.1,22,784,Very Good (740-799)
BOR108299,31,PA,74800.0,Part-time,Own,31.2,1.7,11,661,Fair (620-679)
BOR108300,43,PA,20100.0,Full-time,Rent,39.4,4.7,20,612,Poor (<620)
BOR108301,23,LA,52800.0,Full-time,Mortgage,25.5,2.3,5,795,Very Good (740-799)
BOR108302,32,VA,56500.0,Self-employed,Rent,16.3,0.4,14,689,Good (680-739)
BOR108303,27,MI,73700.0,Full-time,Rent,38.9,0.3,10,738,Good (680-739)
BOR108304,57,AZ,27700.0,Full-time,Mortgage,28.7,5.2,37,630,Fair (620-679)
BOR108305,21,NH,28700.0,Full-time,Mortgage,57.8,3.9,2,705,Good (680-739)
BOR108306,27,FL,29500.0,Full-time,Rent,41.4,12.5,9,609,Poor (<620)
BOR108307,19,CO,59000.0,Self-employed,Other,21.4,5.8,1,684,Good (680-739)
BOR108308,30,NC,59400.0,Full-time,Rent,38.7,6.8,11,638,Fair (620-679)
BOR108309,35,FL,30400.0,Full-time,Rent,31.3,2.8,12,623,Fair (620-679)
BOR108310,53,NJ,110400.0,Full-time,Other,37.3,10.3,31,660,Fair (620-679)
BOR108311,38,AZ,53000.0,Self-employed,Own,24.8,1.0,19,531,Poor (<620)
BOR108312,36,IL,49300.0,Full-time,Mortgage,35.1,0.5,16,605,Poor (<620)
BOR108313,45,NJ,42500.0,Full-time,Other,42.6,6.2,23,731,Good (680-739)
BOR108314,36,TN,70900.0,Part-time,Rent,40.2,5.6,19,703,Good (680-739)
BOR108315,70,MA,55600.0,Full-time,Mortgage,42.9,4.0,48,610,Poor (<620)
BOR108316,34,MD,109100.0,Full-time,Mortgage,63.2,0.4,12,716,Good (680-739)
BOR108317,46,NV,27000.0,Full-time,Mortgage,27.3,1.0,23,623,Fair (620-679)
BOR108318,51,NJ,23300.0,Part-time,Rent,50.1,2.8,30,727,Good (680-739)
BOR108319,34,NJ,33400.0,Full-time,Rent,35.0,1.4,13,672,Fair (620-679)
BOR108320,43,WA,59800.0,Full-time,Rent,28.1,2.7,21,659,Fair (620-679)
BOR108321,35,AZ,38500.0,Part-time,Rent,31.9,0.3,17,674,Fair (620-679)
BOR108322,44,FL,82600.0,Full-time,Own,41.0,3.0,24,846,Exceptional (800+)
BOR108323,42,GA,39100.0,Full-time,Rent,28.3,1.9,19,631,Fair (620-679)
BOR108324,39,PA,75900.0,Full-time,Mortgage,12.4,2.5,23,695,Good (680-739)
BOR108325,27,MI,32100.0,Full-time,Own,40.4,5.0,9,731,Good (680-739)
BOR108326,63,NH,79400.0,Self-employed,Rent,34.3,5.9,42,617,Poor (<620)
BOR108327,48,MA,86300.0,Self-employed,Rent,26.8,1.4,31,576,Poor (<620)
BOR108328,22,NJ,36200.0,Full-time,Rent,19.4,0.4,1,641,Fair (620-679)
BOR108329,36,AZ,58100.0,Full-time,Rent,36.1,0.0,17,729,Good (680-739)
BOR108330,22,MO,52600.0,Unemployed,Mortgage,44.9,7.4,1,658,Fair (620-679)
BOR108331,50,NJ,58800.0,Full-time,Mortgage,23.0,0.5,27,665,Fair (620-679)
BOR108332,41,NJ,83100.0,Self-employed,Mortgage,34.8,2.7,18,739,Good (680-739)
BOR108333,41,MD,72300.0,Full-time,Mortgage,54.1,9.1,20,628,Fair (620-679)
BOR108334,31,TX,58800.0,Full-time,Rent,41.5,5.5,13,674,Fair (620-679)
BOR108335,37,AZ,62800.0,Full-time,Rent,32.0,0.2,17,582,Poor (<620)
BOR108336,50,AZ,26300.0,Full-time,Mortgage,31.0,4.8,29,701,Good (680-739)
BOR108337,54,CO,45800.0,Full-time,Rent,27.3,2.2,36,695,Good (680-739)
BOR108338,51,NH,28400.0,Full-time,Rent,32.8,1.0,30,732,Good (680-739)
BOR108339,22,MN,46300.0,Full-time,Mortgage,28.0,8.2,1,606,Poor (<620)
BOR108340,39,WA,77100.0,Full-time,Rent,29.4,1.3,19,668,Fair (620-679)
BOR108341,44,PA,46500.0,Self-employed,Rent,30.9,2.7,27,597,Poor (<620)
BOR108342,32,MA,18000.0,Full-time,Rent,16.1,1.3,11,664,Fair (620-679)
BOR108343,21,NV,29100.0,Full-time,Own,30.7,2.6,5,776,Very Good (740-799)
BOR108344,26,MS,60600.0,Unemployed,Rent,59.3,1.1,8,659,Fair (620-679)
BOR108345,59,NV,36600.0,Full-time,Mortgage,18.5,1.0,37,591,Poor (<620)
BOR108346,27,PA,66400.0,Full-time,Rent,47.8,4.5,11,636,Fair (620-679)
BOR108347,42,MD,27100.0,Full-time,Own,43.0,4.0,22,575,Poor (<620)
BOR108348,39,LA,55400.0,Self-employed,Mortgage,39.0,0.2,20,596,Poor (<620)
BOR108349,39,MO,56600.0,Full-time,Own,27.2,2.8,16,724,Good (680-739)
BOR108350,37,MD,66500.0,Full-time,Rent,41.8,12.6,20,586,Poor (<620)
BOR108351,50,WA,34700.0,Full-time,Mortgage,51.1,22.4,34,700,Good (680-739)
BOR108352,41,TN,66200.0,Full-time,Own,43.6,3.4,22,682,Good (680-739)
BOR108353,33,GA,91900.0,Full-time,Rent,35.4,6.1,12,645,Fair (620-679)
BOR108354,42,FL,18000.0,Full-time,Rent,33.1,2.2,26,695,Good (680-739)
BOR108355,26,NV,47700.0,Full-time,Rent,26.5,7.0,9,619,Poor (<620)
BOR108356,47,NM,20700.0,Full-time,Rent,34.0,11.0,29,735,Good (680-739)
BOR108357,33,LA,31700.0,Full-time,Rent,38.4,23.2,16,635,Fair (620-679)
BOR108358,34,NC,32800.0,Full-time,Other,33.4,6.7,15,655,Fair (620-679)
BOR108359,47,FL,45300.0,Full-time,Mortgage,32.2,0.8,30,647,Fair (620-679)
BOR108360,36,GA,55300.0,Full-time,Mortgage,32.4,4.7,14,725,Good (680-739)
BOR108361,37,NV,70100.0,Full-time,Own,51.4,1.2,21,715,Good (680-739)
BOR108362,55,IN,52500.0,Full-time,Rent,34.8,15.3,39,510,Poor (<620)
BOR108363,29,UT,63100.0,Full-time,Rent,35.2,2.0,6,697,Good (680-739)
BOR108364,47,NC,28700.0,Full-time,Mortgage,9.1,2.8,24,567,Poor (<620)
BOR108365,52,AZ,75000.0,Self-employed,Rent,42.7,1.2,31,658,Fair (620-679)
BOR108366,55,MN,18000.0,Retired,Mortgage,38.9,0.9,39,673,Fair (620-679)
BOR108367,67,IL,92700.0,Full-time,Rent,38.4,9.8,44,657,Fair (620-679)
BOR108368,33,UT,85500.0,Self-employed,Own,39.1,2.3,16,713,Good (680-739)
BOR108369,31,TN,65400.0,Full-time,Rent,23.5,0.4,14,727,Good (680-739)
BOR108370,51,CA,127100.0,Full-time,Rent,30.1,4.0,35,630,Fair (620-679)
BOR108371,52,CA,20700.0,Full-time,Mortgage,50.7,1.3,30,627,Fair (620-679)
BOR108372,32,LA,66200.0,Full-time,Rent,19.0,7.9,12,678,Fair (620-679)
BOR108373,47,IN,49600.0,Part-time,Mortgage,19.6,4.5,31,580,Poor (<620)
BOR108374,74,CO,52000.0,Full-time,Rent,18.3,4.2,54,649,Fair (620-679)
BOR108375,42,MN,27600.0,Self-employed,Own,31.2,1.3,25,768,Very Good (740-799)
BOR108376,52,NJ,55700.0,Full-time,Mortgage,49.0,7.7,31,582,Poor (<620)
BOR108377,60,MN,54500.0,Full-time,Own,35.8,1.4,38,658,Fair (620-679)
BOR108378,71,MS,34200.0,Full-time,Rent,43.9,9.9,48,642,Fair (620-679)
BOR108379,44,PA,45200.0,Full-time,Rent,13.0,0.9,27,810,Exceptional (800+)
BOR108380,56,CO,25800.0,Full-time,Mortgage,24.6,13.1,37,645,Fair (620-679)
BOR108381,32,GA,39000.0,Full-time,Rent,26.2,7.1,10,649,Fair (620-679)
BOR108382,41,NC,71900.0,Full-time,Mortgage,49.0,4.1,18,613,Poor (<620)
BOR108383,36,NJ,72500.0,Part-time,Rent,34.5,5.4,13,681,Good (680-739)
BOR108384,19,LA,65900.0,Full-time,Other,32.5,10.5,2,698,Good (680-739)
BOR108385,22,CA,71800.0,Full-time,Rent,35.0,7.5,6,622,Fair (620-679)
BOR108386,46,NJ,72300.0,Full-time,Rent,30.7,6.2,27,744,Very Good (740-799)
BOR108387,46,MO,34900.0,Full-time,Own,52.9,13.9,23,698,Good (680-739)
BOR108388,29,FL,54300.0,Full-time,Rent,52.5,5.8,13,735,Good (680-739)
BOR108389,60,MN,76000.0,Full-time,Rent,44.2,3.2,40,659,Fair (620-679)
BOR108390,28,NM,25100.0,Full-time,Rent,43.1,12.6,10,696,Good (680-739)
BOR108391,44,FL,25000.0,Full-time,Rent,27.9,1.1,24,666,Fair (620-679)
BOR108392,36,PA,24400.0,Full-time,Rent,37.7,0.0,15,775,Very Good (740-799)
BOR108393,42,NH,20900.0,Retired,Rent,13.0,3.7,20,688,Good (680-739)
BOR108394,52,PA,29100.0,Full-time,Rent,28.7,6.5,30,681,Good (680-739)
BOR108395,50,TX,36800.0,Unemployed,Rent,17.5,6.0,29,650,Fair (620-679)
BOR108396,49,UT,92100.0,Full-time,Rent,38.0,3.3,30,646,Fair (620-679)
BOR108397,48,LA,38300.0,Full-time,Own,32.0,2.2,25,695,Good (680-739)
BOR108398,26,IN,23600.0,Full-time,Rent,40.7,2.0,8,733,Good (680-739)
BOR108399,55,AZ,50300.0,Self-employed,Rent,39.6,1.7,32,636,Fair (620-679)
BOR108400,28,MS,42800.0,Retired,Rent,44.3,2.0,12,688,Good (680-739)
BOR108401,40,IN,32800.0,Full-time,Mortgage,25.4,1.5,22,692,Good (680-739)
BOR108402,37,IN,35800.0,Full-time,Mortgage,15.1,6.5,21,703,Good (680-739)
BOR108403,45,NV,75400.0,Full-time,Rent,52.5,5.6,24,569,Poor (<620)
BOR108404,35,IN,24700.0,Full-time,Rent,27.6,2.8,14,620,Fair (620-679)
BOR108405,39,WA,22000.0,Full-time,Rent,32.6,0.9,20,591,Poor (<620)
BOR108406,60,MI,57500.0,Full-time,Mortgage,43.8,30.0,41,682,Good (680-739)
BOR108407,25,WA,35400.0,Full-time,Mortgage,30.1,5.1,9,621,Fair (620-679)
BOR108408,41,WA,93800.0,Full-time,Rent,21.6,4.4,20,648,Fair (620-679)
BOR108409,28,NC,43500.0,Retired,Other,54.2,0.5,10,602,Poor (<620)
BOR108410,49,NJ,44600.0,Full-time,Mortgage,27.6,30.0,28,654,Fair (620-679)
BOR108411,32,MN,66400.0,Part-time,Mortgage,51.5,0.5,16,607,Poor (<620)
BOR108412,41,NJ,22000.0,Self-employed,Rent,36.8,6.5,25,729,Good (680-739)
BOR108413,25,CA,54300.0,Full-time,Mortgage,43.2,3.6,5,711,Good (680-739)
BOR108414,56,GA,39600.0,Full-time,Mortgage,43.0,4.9,38,690,Good (680-739)
BOR108415,42,IL,74000.0,Part-time,Other,29.0,0.4,26,660,Fair (620-679)
BOR108416,43,MN,34900.0,Full-time,Rent,39.1,12.0,21,548,Poor (<620)
BOR108417,51,NJ,50500.0,Full-time,Mortgage,52.9,6.1,34,650,Fair (620-679)
BOR108418,26,GA,39700.0,Part-time,Other,46.3,1.9,5,631,Fair (620-679)
BOR108419,34,NV,56200.0,Self-employed,Rent,44.7,2.5,11,696,Good (680-739)
BOR108420,43,CA,41600.0,Full-time,Other,40.0,0.6,24,720,Good (680-739)
BOR108421,20,PA,52500.0,Full-time,Mortgage,32.2,0.2,1,701,Good (680-739)
BOR108422,21,NV,102600.0,Full-time,Rent,24.6,0.5,4,762,Very Good (740-799)
BOR108423,31,AZ,41000.0,Retired,Mortgage,49.1,2.6,11,643,Fair (620-679)
BOR108424,27,MN,55900.0,Self-employed,Mortgage,27.5,1.3,4,640,Fair (620-679)
BOR108425,37,NV,130500.0,Full-time,Rent,28.3,4.4,14,747,Very Good (740-799)
BOR108426,47,NM,55600.0,Full-time,Mortgage,33.4,9.5,29,691,Good (680-739)
BOR108427,50,TX,18000.0,Retired,Mortgage,18.5,15.2,31,664,Fair (620-679)
BOR108428,63,MN,34600.0,Full-time,Rent,29.5,3.0,42,800,Exceptional (800+)
BOR108429,41,MD,27100.0,Part-time,Own,25.6,1.4,22,718,Good (680-739)
BOR108430,43,IL,70600.0,Full-time,Other,18.8,3.9,24,668,Fair (620-679)
BOR108431,41,MS,44700.0,Full-time,Rent,20.6,2.7,22,635,Fair (620-679)
BOR108432,45,NJ,75300.0,Full-time,Mortgage,32.8,12.4,28,766,Very Good (740-799)
BOR108433,46,LA,61400.0,Full-time,Rent,43.3,1.2,30,693,Good (680-739)
BOR108434,52,TN,61300.0,Full-time,Other,32.2,0.0,29,682,Good (680-739)
BOR108435,52,WA,26900.0,Part-time,Rent,22.1,0.6,34,724,Good (680-739)
BOR108436,47,PA,58500.0,Full-time,Rent,26.5,3.1,27,737,Good (680-739)
BOR108437,59,MS,86200.0,Retired,Own,36.5,1.2,39,716,Good (680-739)
BOR108438,41,AZ,24300.0,Full-time,Other,44.6,3.1,25,737,Good (680-739)
BOR108439,34,CA,40400.0,Part-time,Own,42.7,0.3,14,709,Good (680-739)
BOR108440,36,CA,54700.0,Full-time,Rent,35.5,2.1,14,716,Good (680-739)
BOR108441,40,MN,48700.0,Part-time,Mortgage,48.2,1.3,20,632,Fair (620-679)
BOR108442,28,PA,89000.0,Self-employed,Rent,27.8,1.2,7,798,Very Good (740-799)
BOR108443,34,TN,64700.0,Self-employed,Rent,21.3,7.1,16,600,Poor (<620)
BOR108444,27,MO,56000.0,Full-time,Mortgage,30.2,0.6,5,700,Good (680-739)
BOR108445,45,OH,67400.0,Full-time,Other,45.7,3.0,24,593,Poor (<620)
BOR108446,45,MA,65800.0,Retired,Mortgage,40.1,0.2,25,674,Fair (620-679)
BOR108447,20,OH,47500.0,Full-time,Mortgage,44.0,0.7,1,643,Fair (620-679)
BOR108448,33,NM,39700.0,Full-time,Rent,32.2,2.8,17,689,Good (680-739)
BOR108449,63,LA,72800.0,Full-time,Mortgage,34.6,1.1,41,702,Good (680-739)
BOR108450,49,GA,33400.0,Part-time,Own,31.0,1.6,29,618,Poor (<620)
BOR108451,46,AZ,45100.0,Self-employed,Own,24.5,4.2,28,678,Fair (620-679)
BOR108452,33,WA,27700.0,Self-employed,Mortgage,33.5,4.2,11,771,Very Good (740-799)
BOR108453,44,UT,64800.0,Full-time,Rent,30.9,8.8,26,595,Poor (<620)
BOR108454,41,MI,81200.0,Full-time,Rent,28.3,2.2,20,624,Fair (620-679)
BOR108455,31,AZ,30600.0,Self-employed,Own,39.2,5.5,8,736,Good (680-739)
BOR108456,35,MS,43500.0,Full-time,Rent,34.5,1.1,15,685,Good (680-739)
BOR108457,35,PA,37600.0,Full-time,Rent,46.7,3.5,18,690,Good (680-739)
BOR108458,23,AZ,75700.0,Retired,Rent,24.5,1.6,2,746,Very Good (740-799)
BOR108459,25,FL,88200.0,Retired,Rent,29.1,2.5,9,628,Fair (620-679)
BOR108460,39,TN,37600.0,Full-time,Mortgage,15.5,5.6,22,646,Fair (620-679)
BOR108461,31,NC,18000.0,Full-time,Other,23.3,2.3,13,638,Fair (620-679)
BOR108462,37,UT,78300.0,Retired,Mortgage,39.5,0.6,19,657,Fair (620-679)
BOR108463,22,NJ,47600.0,Self-employed,Other,41.3,13.5,2,767,Very Good (740-799)
BOR108464,51,NY,47700.0,Full-time,Mortgage,40.1,10.4,31,569,Poor (<620)
BOR108465,66,NV,71900.0,Retired,Rent,46.2,7.4,50,602,Poor (<620)
BOR108466,53,NV,39600.0,Part-time,Own,38.6,3.9,31,591,Poor (<620)
BOR108467,55,MD,35100.0,Part-time,Rent,33.8,2.5,38,771,Very Good (740-799)
BOR108468,49,CO,39700.0,Full-time,Mortgage,39.9,0.7,26,640,Fair (620-679)
BOR108469,44,OH,58100.0,Full-time,Rent,25.7,7.0,26,659,Fair (620-679)
BOR108470,42,IN,69300.0,Full-time,Rent,16.8,3.8,19,575,Poor (<620)
BOR108471,30,CA,97200.0,Full-time,Mortgage,29.3,1.5,10,663,Fair (620-679)
BOR108472,49,PA,55900.0,Full-time,Own,30.5,0.8,27,736,Good (680-739)
BOR108473,49,MS,43700.0,Part-time,Rent,34.4,2.7,28,696,Good (680-739)
BOR108474,35,WI,69500.0,Full-time,Rent,25.3,3.0,15,673,Fair (620-679)
BOR108475,47,IL,30100.0,Full-time,Rent,27.3,4.4,24,578,Poor (<620)
BOR108476,33,FL,88300.0,Full-time,Rent,41.2,3.8,14,659,Fair (620-679)
BOR108477,33,NM,51300.0,Part-time,Rent,21.1,2.3,16,690,Good (680-739)
BOR108478,50,FL,42100.0,Self-employed,Mortgage,32.3,1.7,30,616,Poor (<620)
BOR108479,46,OH,30200.0,Full-time,Rent,27.1,7.8,25,723,Good (680-739)
BOR108480,38,PA,61800.0,Full-time,Rent,16.4,0.9,17,738,Good (680-739)
BOR108481,37,CA,41100.0,Full-time,Rent,29.3,2.9,20,646,Fair (620-679)
BOR108482,43,GA,44700.0,Full-time,Rent,24.4,0.0,21,727,Good (680-739)
BOR108483,19,NH,22000.0,Self-employed,Mortgage,29.2,9.6,1,673,Fair (620-679)
BOR108484,32,NC,38300.0,Self-employed,Rent,34.2,2.6,15,755,Very Good (740-799)
BOR108485,26,WA,36100.0,Self-employed,Rent,11.6,2.5,8,812,Exceptional (800+)
BOR108486,41,WI,56300.0,Part-time,Own,43.7,4.5,19,609,Poor (<620)
BOR108487,54,AZ,41300.0,Full-time,Rent,63.4,3.4,35,730,Good (680-739)
BOR108488,47,WI,18000.0,Full-time,Rent,23.9,0.2,27,765,Very Good (740-799)
BOR108489,35,IN,38700.0,Full-time,Other,27.5,1.6,16,617,Poor (<620)
BOR108490,33,TN,24200.0,Full-time,Rent,25.1,2.3,13,643,Fair (620-679)
BOR108491,32,IN,29200.0,Full-time,Own,22.5,8.6,9,642,Fair (620-679)
BOR108492,65,MN,73300.0,Full-time,Other,53.3,8.6,44,671,Fair (620-679)
BOR108493,42,MD,21800.0,Full-time,Mortgage,30.2,3.0,24,657,Fair (620-679)
BOR108494,43,MN,53200.0,Full-time,Rent,40.3,1.4,23,667,Fair (620-679)
BOR108495,19,NY,37100.0,Self-employed,Rent,45.1,10.6,1,734,Good (680-739)
BOR108496,27,MO,34000.0,Full-time,Mortgage,43.8,0.7,4,557,Poor (<620)
BOR108497,40,WI,30000.0,Full-time,Mortgage,44.6,0.8,19,617,Poor (<620)
BOR108498,35,GA,53800.0,Full-time,Rent,20.2,0.5,16,724,Good (680-739)
BOR108499,43,LA,56600.0,Full-time,Rent,42.5,0.4,23,716,Good (680-739)
BOR108500,42,GA,21500.0,Unemployed,Rent,29.5,0.2,20,611,Poor (<620)
BOR108501,48,OH,78300.0,Full-time,Other,49.8,0.4,27,716,Good (680-739)
BOR108502,19,LA,27300.0,Self-employed,Own,24.5,1.7,1,766,Very Good (740-799)
BOR108503,28,OH,55500.0,Retired,Mortgage,21.4,5.9,10,677,Fair (620-679)
BOR108504,40,NJ,27400.0,Self-employed,Mortgage,32.8,1.7,19,614,Poor (<620)
BOR108505,33,NC,37900.0,Full-time,Other,39.2,4.6,12,737,Good (680-739)
BOR108506,37,LA,26200.0,Full-time,Own,14.9,0.5,16,792,Very Good (740-799)
BOR108507,42,NJ,36800.0,Full-time,Rent,28.7,14.2,25,622,Fair (620-679)
BOR108508,32,MD,42600.0,Part-time,Other,21.8,4.2,9,683,Good (680-739)
BOR108509,43,MN,27800.0,Retired,Rent,42.0,7.9,21,751,Very Good (740-799)
BOR108510,48,TN,53700.0,Part-time,Own,27.1,2.3,26,687,Good (680-739)
BOR108511,42,NM,57000.0,Full-time,Own,44.0,3.9,24,566,Poor (<620)
BOR108512,50,NV,157600.0,Full-time,Rent,25.6,1.4,34,709,Good (680-739)
BOR108513,19,NJ,70800.0,Full-time,Mortgage,35.8,23.2,1,616,Poor (<620)
BOR108514,34,UT,79200.0,Unemployed,Rent,18.9,2.9,14,597,Poor (<620)
BOR108515,52,WA,21000.0,Full-time,Own,31.7,0.4,33,568,Poor (<620)
BOR108516,31,CA,19300.0,Full-time,Rent,21.8,3.5,14,757,Very Good (740-799)
BOR108517,29,OH,40800.0,Full-time,Rent,48.0,17.3,6,626,Fair (620-679)
BOR108518,39,TN,104200.0,Full-time,Rent,43.5,9.8,19,702,Good (680-739)
BOR108519,41,PA,142000.0,Full-time,Mortgage,34.9,0.8,23,718,Good (680-739)
BOR108520,35,MA,34200.0,Full-time,Mortgage,43.0,0.6,17,691,Good (680-739)
BOR108521,63,NC,35800.0,Full-time,Mortgage,27.7,1.6,45,699,Good (680-739)
BOR108522,44,AZ,59600.0,Full-time,Rent,38.9,0.4,24,705,Good (680-739)
BOR108523,30,CA,42700.0,Full-time,Mortgage,32.0,3.1,8,689,Good (680-739)
BOR108524,24,NV,43200.0,Full-time,Own,37.9,1.4,5,631,Fair (620-679)
BOR108525,46,NC,62100.0,Part-time,Rent,34.0,5.1,23,625,Fair (620-679)
BOR108526,30,NY,158300.0,Full-time,Other,32.2,4.4,9,673,Fair (620-679)
BOR108527,67,NJ,83900.0,Part-time,Mortgage,14.6,7.8,48,672,Fair (620-679)
BOR108528,46,WA,108100.0,Full-time,Rent,26.3,1.7,23,708,Good (680-739)
BOR108529,48,IN,20300.0,Self-employed,Other,50.9,0.9,32,752,Very Good (740-799)
BOR108530,44,WA,75600.0,Full-time,Own,31.6,5.4,27,702,Good (680-739)
BOR108531,54,TX,30400.0,Full-time,Rent,25.6,3.5,36,627,Fair (620-679)
BOR108532,19,LA,99200.0,Part-time,Mortgage,33.3,2.5,3,538,Poor (<620)
BOR108533,27,NJ,85900.0,Full-time,Rent,17.5,0.8,5,630,Fair (620-679)
BOR108534,53,TX,61200.0,Full-time,Mortgage,28.0,1.0,33,593,Poor (<620)
BOR108535,59,MN,33400.0,Full-time,Mortgage,34.7,9.0,40,633,Fair (620-679)
BOR108536,26,IN,37500.0,Self-employed,Rent,37.7,2.4,7,696,Good (680-739)
BOR108537,19,IN,38900.0,Self-employed,Mortgage,36.3,1.4,1,685,Good (680-739)
BOR108538,43,NJ,65700.0,Full-time,Rent,47.9,1.6,22,801,Exceptional (800+)
BOR108539,47,NJ,55900.0,Full-time,Own,26.1,13.3,28,711,Good (680-739)
BOR108540,43,AZ,88300.0,Full-time,Rent,17.8,5.6,23,804,Exceptional (800+)
BOR108541,40,TX,96300.0,Full-time,Mortgage,29.2,3.1,24,726,Good (680-739)
BOR108542,19,GA,31900.0,Full-time,Rent,27.1,6.2,1,751,Very Good (740-799)
BOR108543,36,NH,57700.0,Full-time,Own,34.6,4.2,15,657,Fair (620-679)
BOR108544,38,IN,57400.0,Part-time,Rent,29.9,5.0,20,610,Poor (<620)
BOR108545,34,NJ,44700.0,Retired,Own,34.2,8.6,16,651,Fair (620-679)
BOR108546,19,IL,71200.0,Full-time,Own,33.8,2.1,3,679,Fair (620-679)
BOR108547,48,WI,58200.0,Full-time,Mortgage,41.6,1.5,29,639,Fair (620-679)
BOR108548,51,OH,36000.0,Full-time,Rent,32.6,0.9,29,615,Poor (<620)
BOR108549,31,PA,43700.0,Full-time,Own,34.8,3.4,8,707,Good (680-739)
BOR108550,39,PA,39800.0,Full-time,Rent,50.6,0.6,18,615,Poor (<620)
BOR108551,35,MD,33600.0,Full-time,Mortgage,16.4,21.1,18,580,Poor (<620)
BOR108552,35,IN,44900.0,Full-time,Other,34.6,2.6,18,607,Poor (<620)
BOR108553,47,TX,26000.0,Full-time,Mortgage,31.6,1.2,29,665,Fair (620-679)
BOR108554,47,FL,57700.0,Full-time,Own,33.2,20.5,30,616,Poor (<620)
BOR108555,54,TN,87700.0,Part-time,Rent,38.6,4.7,37,665,Fair (620-679)
BOR108556,54,MA,47700.0,Full-time,Mortgage,24.4,1.3,37,719,Good (680-739)
BOR108557,39,MD,71400.0,Self-employed,Rent,27.0,3.3,23,717,Good (680-739)
BOR108558,75,PA,50000.0,Full-time,Rent,40.1,1.7,55,637,Fair (620-679)
BOR108559,60,MD,29400.0,Full-time,Rent,31.2,2.9,41,595,Poor (<620)
BOR108560,33,MS,115100.0,Full-time,Mortgage,23.2,3.9,10,643,Fair (620-679)
BOR108561,43,TN,18000.0,Self-employed,Mortgage,40.6,7.6,27,723,Good (680-739)
BOR108562,19,PA,46800.0,Full-time,Mortgage,39.1,4.3,1,738,Good (680-739)
BOR108563,41,MO,33000.0,Full-time,Mortgage,34.3,4.4,23,703,Good (680-739)
BOR108564,61,NC,95000.0,Full-time,Rent,36.8,9.0,40,758,Very Good (740-799)
BOR108565,74,TX,51400.0,Unemployed,Rent,38.3,6.2,52,792,Very Good (740-799)
BOR108566,40,GA,147300.0,Unemployed,Rent,31.8,5.8,20,649,Fair (620-679)
BOR108567,45,MS,47400.0,Part-time,Rent,35.8,1.3,29,777,Very Good (740-799)
BOR108568,48,NJ,33100.0,Full-time,Rent,20.8,1.9,32,663,Fair (620-679)
BOR108569,65,LA,21600.0,Full-time,Rent,30.6,2.0,44,746,Very Good (740-799)
BOR108570,29,WA,76700.0,Full-time,Mortgage,42.3,0.8,9,726,Good (680-739)
BOR108571,73,WA,32000.0,Full-time,Mortgage,54.6,2.4,54,551,Poor (<620)
BOR108572,37,CA,38600.0,Retired,Own,33.9,0.2,17,617,Poor (<620)
BOR108573,27,TN,81000.0,Full-time,Mortgage,23.6,0.2,8,601,Poor (<620)
BOR108574,37,FL,74900.0,Full-time,Rent,29.1,0.4,21,564,Poor (<620)
BOR108575,31,VA,35400.0,Self-employed,Rent,18.2,7.3,11,737,Good (680-739)
BOR108576,46,OH,38000.0,Full-time,Own,39.4,1.5,29,814,Exceptional (800+)
BOR108577,21,MI,21200.0,Full-time,Mortgage,33.1,0.6,3,663,Fair (620-679)
BOR108578,43,AZ,18500.0,Full-time,Rent,23.1,0.5,24,736,Good (680-739)
BOR108579,49,CA,65800.0,Full-time,Rent,30.8,16.0,33,777,Very Good (740-799)
BOR108580,59,GA,69100.0,Full-time,Own,39.7,4.2,37,694,Good (680-739)
BOR108581,49,NH,54800.0,Full-time,Rent,33.2,2.4,26,678,Fair (620-679)
BOR108582,58,TX,50700.0,Retired,Rent,25.8,1.1,42,664,Fair (620-679)
BOR108583,34,NC,33900.0,Retired,Mortgage,42.9,4.3,17,715,Good (680-739)
BOR108584,46,NC,90300.0,Full-time,Rent,36.1,1.3,28,737,Good (680-739)
BOR108585,19,MI,20900.0,Self-employed,Rent,25.0,5.1,1,710,Good (680-739)
BOR108586,40,MO,37800.0,Full-time,Rent,32.9,2.3,24,708,Good (680-739)
BOR108587,46,OH,50100.0,Full-time,Rent,11.5,4.0,24,677,Fair (620-679)
BOR108588,47,NJ,46600.0,Full-time,Own,35.3,3.9,27,576,Poor (<620)
BOR108589,22,IN,46600.0,Full-time,Rent,60.6,1.9,5,738,Good (680-739)
BOR108590,36,NC,36900.0,Full-time,Rent,43.6,3.9,17,596,Poor (<620)
BOR108591,38,NM,59500.0,Part-time,Mortgage,31.0,1.4,21,720,Good (680-739)
BOR108592,36,NH,27000.0,Part-time,Mortgage,35.1,6.0,18,729,Good (680-739)
BOR108593,50,FL,43700.0,Full-time,Rent,38.1,1.1,27,606,Poor (<620)
BOR108594,38,NC,56600.0,Full-time,Rent,38.7,1.2,22,640,Fair (620-679)
BOR108595,42,IL,40100.0,Full-time,Rent,31.5,18.4,26,818,Exceptional (800+)
BOR108596,35,PA,46700.0,Retired,Rent,10.8,1.6,16,675,Fair (620-679)
BOR108597,54,WA,51400.0,Full-time,Rent,29.1,0.9,35,601,Poor (<620)
BOR108598,55,AZ,21100.0,Full-time,Other,26.6,1.4,33,732,Good (680-739)
BOR108599,37,NJ,22000.0,Self-employed,Rent,31.6,7.9,21,630,Fair (620-679)
BOR108600,75,OH,49500.0,Full-time,Mortgage,25.1,1.6,55,555,Poor (<620)
BOR108601,32,OH,35500.0,Self-employed,Mortgage,38.7,8.6,13,714,Good (680-739)
BOR108602,53,NH,36400.0,Full-time,Own,52.9,3.3,33,620,Fair (620-679)
BOR108603,30,MS,60200.0,Retired,Mortgage,42.3,13.8,13,701,Good (680-739)
BOR108604,50,TX,29900.0,Self-employed,Mortgage,31.9,3.1,27,627,Fair (620-679)
BOR108605,49,IN,18000.0,Full-time,Rent,47.7,9.4,26,726,Good (680-739)
BOR108606,29,NJ,98300.0,Full-time,Other,42.0,6.4,9,692,Good (680-739)
BOR108607,39,MD,80400.0,Full-time,Rent,39.9,0.5,21,512,Poor (<620)
BOR108608,63,TN,79900.0,Full-time,Rent,26.9,0.9,45,705,Good (680-739)
BOR108609,31,LA,28200.0,Full-time,Mortgage,31.1,0.6,9,661,Fair (620-679)
BOR108610,46,TX,45000.0,Full-time,Own,38.4,1.4,29,772,Very Good (740-799)
BOR108611,45,NC,26300.0,Full-time,Own,54.1,30.0,27,706,Good (680-739)
BOR108612,40,NH,45400.0,Self-employed,Rent,47.0,6.0,24,729,Good (680-739)
BOR108613,20,PA,39900.0,Full-time,Own,38.5,3.2,1,634,Fair (620-679)
BOR108614,51,NY,28700.0,Full-time,Mortgage,34.2,3.9,32,629,Fair (620-679)
BOR108615,41,MD,58500.0,Full-time,Own,40.2,1.6,20,678,Fair (620-679)
BOR108616,54,MN,41500.0,Full-time,Rent,37.9,5.1,32,657,Fair (620-679)
BOR108617,44,MO,101200.0,Full-time,Other,47.9,1.6,23,767,Very Good (740-799)
BOR108618,42,MN,48500.0,Full-time,Own,21.6,2.0,26,670,Fair (620-679)
BOR108619,45,MD,18000.0,Full-time,Own,32.9,5.4,23,600,Poor (<620)
BOR108620,29,NY,20600.0,Self-employed,Mortgage,40.2,1.3,12,626,Fair (620-679)
BOR108621,60,TN,119700.0,Full-time,Rent,46.8,0.9,42,743,Very Good (740-799)
BOR108622,36,MN,39700.0,Full-time,Mortgage,52.1,6.8,17,669,Fair (620-679)
BOR108623,37,LA,51900.0,Retired,Mortgage,18.0,5.1,18,666,Fair (620-679)
BOR108624,57,OH,46800.0,Full-time,Own,25.4,2.7,35,749,Very Good (740-799)
BOR108625,44,NY,88200.0,Self-employed,Mortgage,31.9,3.7,22,621,Fair (620-679)
BOR108626,38,MN,19800.0,Part-time,Own,20.2,1.2,21,535,Poor (<620)
BOR108627,46,OH,84800.0,Full-time,Rent,49.3,0.1,28,625,Fair (620-679)
BOR108628,49,CA,82200.0,Retired,Rent,33.9,10.1,29,696,Good (680-739)
BOR108629,40,NV,46800.0,Full-time,Other,44.4,0.4,23,664,Fair (620-679)
BOR108630,52,WA,56200.0,Self-employed,Mortgage,30.8,6.3,34,579,Poor (<620)
BOR108631,26,NC,39500.0,Full-time,Rent,36.7,22.8,8,746,Very Good (740-799)
BOR108632,44,CA,21800.0,Full-time,Rent,19.0,6.0,26,691,Good (680-739)
BOR108633,51,CA,60500.0,Full-time,Mortgage,22.0,2.3,33,705,Good (680-739)
BOR108634,48,MN,52100.0,Full-time,Own,22.2,2.0,27,707,Good (680-739)
BOR108635,19,WA,52600.0,Full-time,Mortgage,15.5,18.8,2,596,Poor (<620)
BOR108636,39,NY,57900.0,Full-time,Rent,42.9,9.1,17,700,Good (680-739)
BOR108637,26,NC,35500.0,Full-time,Rent,32.5,0.6,9,739,Good (680-739)
BOR108638,56,PA,91300.0,Full-time,Mortgage,43.2,0.1,34,754,Very Good (740-799)
BOR108639,36,FL,46800.0,Full-time,Rent,31.5,4.1,20,727,Good (680-739)
BOR108640,55,OH,59500.0,Part-time,Mortgage,43.9,2.3,32,713,Good (680-739)
BOR108641,26,AZ,41300.0,Full-time,Rent,42.1,3.7,9,567,Poor (<620)
BOR108642,46,IL,74800.0,Full-time,Own,31.4,2.6,30,679,Fair (620-679)
BOR108643,41,NC,48900.0,Full-time,Mortgage,34.6,1.6,18,618,Poor (<620)
BOR108644,74,VA,44900.0,Full-time,Rent,36.1,3.1,55,763,Very Good (740-799)
BOR108645,55,NJ,80300.0,Full-time,Mortgage,43.8,0.4,35,753,Very Good (740-799)
BOR108646,54,NY,21500.0,Part-time,Own,32.3,3.7,33,618,Poor (<620)
BOR108647,65,TX,41100.0,Full-time,Other,36.2,0.3,47,677,Fair (620-679)
BOR108648,44,CA,35400.0,Full-time,Mortgage,17.9,9.5,21,696,Good (680-739)
BOR108649,40,NC,55200.0,Full-time,Own,23.8,4.4,18,739,Good (680-739)
BOR108650,38,MD,53800.0,Full-time,Mortgage,25.3,12.5,22,571,Poor (<620)
BOR108651,45,NY,46400.0,Full-time,Rent,37.8,7.0,25,536,Poor (<620)
BOR108652,19,MN,33800.0,Part-time,Mortgage,25.6,2.9,1,682,Good (680-739)
BOR108653,41,MD,46100.0,Retired,Rent,33.7,15.8,24,515,Poor (<620)
BOR108654,44,CA,53900.0,Full-time,Mortgage,31.0,0.4,22,690,Good (680-739)
BOR108655,39,CA,43000.0,Part-time,Rent,32.6,5.7,19,718,Good (680-739)
BOR108656,23,PA,76800.0,Full-time,Own,41.3,0.7,3,760,Very Good (740-799)
BOR108657,39,TX,61400.0,Self-employed,Own,34.2,0.1,16,640,Fair (620-679)
BOR108658,23,AZ,47000.0,Self-employed,Mortgage,30.1,6.7,2,690,Good (680-739)
BOR108659,62,TX,18000.0,Full-time,Mortgage,36.6,1.7,46,722,Good (680-739)
BOR108660,38,NV,42300.0,Full-time,Rent,48.8,4.8,16,604,Poor (<620)
BOR108661,19,WA,61900.0,Retired,Rent,33.1,1.1,1,739,Good (680-739)
BOR108662,39,MD,41100.0,Full-time,Rent,19.8,5.6,19,698,Good (680-739)
BOR108663,52,CO,53400.0,Full-time,Rent,18.8,6.6,33,641,Fair (620-679)
BOR108664,43,WA,42100.0,Part-time,Mortgage,29.2,1.2,26,689,Good (680-739)
BOR108665,30,MS,51800.0,Full-time,Mortgage,20.6,4.0,11,671,Fair (620-679)
BOR108666,33,NH,87600.0,Self-employed,Mortgage,8.1,5.8,17,731,Good (680-739)
BOR108667,38,NC,66400.0,Full-time,Mortgage,29.1,2.0,22,657,Fair (620-679)
BOR108668,36,NY,26000.0,Self-employed,Rent,35.8,8.7,19,695,Good (680-739)
BOR108669,26,NC,22100.0,Full-time,Rent,45.8,7.8,8,640,Fair (620-679)
BOR108670,40,IL,56900.0,Full-time,Rent,31.8,2.9,20,619,Poor (<620)
BOR108671,25,AZ,78900.0,Retired,Own,35.1,10.5,6,691,Good (680-739)
BOR108672,52,MI,22100.0,Full-time,Own,37.2,9.1,30,622,Fair (620-679)
BOR108673,54,VA,42400.0,Part-time,Other,32.8,3.4,31,732,Good (680-739)
BOR108674,29,CO,135700.0,Full-time,Mortgage,25.3,2.0,7,718,Good (680-739)
BOR108675,32,OH,41300.0,Full-time,Other,53.7,3.5,11,630,Fair (620-679)
BOR108676,36,AZ,145300.0,Part-time,Mortgage,22.1,4.9,16,694,Good (680-739)
BOR108677,41,NC,32200.0,Part-time,Own,36.2,2.7,18,630,Fair (620-679)
BOR108678,44,MN,34900.0,Retired,Rent,24.2,0.1,27,576,Poor (<620)
BOR108679,47,IN,34000.0,Self-employed,Mortgage,33.1,0.6,26,641,Fair (620-679)
BOR108680,46,CA,26200.0,Full-time,Rent,36.1,22.1,23,677,Fair (620-679)
BOR108681,60,IN,21800.0,Self-employed,Mortgage,30.0,6.2,38,714,Good (680-739)
BOR108682,42,PA,42200.0,Retired,Mortgage,19.9,0.2,24,690,Good (680-739)
BOR108683,25,MD,49800.0,Retired,Mortgage,28.5,1.7,9,739,Good (680-739)
BOR108684,22,AZ,33800.0,Self-employed,Own,43.2,12.9,1,616,Poor (<620)
BOR108685,61,NJ,37600.0,Part-time,Rent,17.0,3.9,39,656,Fair (620-679)
BOR108686,47,MD,89400.0,Self-employed,Own,48.3,9.8,26,787,Very Good (740-799)
BOR108687,43,LA,72200.0,Full-time,Rent,32.9,18.0,21,554,Poor (<620)
BOR108688,46,MN,41500.0,Full-time,Mortgage,39.1,2.1,26,651,Fair (620-679)
BOR108689,43,AZ,56600.0,Self-employed,Rent,21.5,6.4,23,610,Poor (<620)
BOR108690,46,MD,22300.0,Full-time,Rent,30.5,4.3,29,667,Fair (620-679)
BOR108691,37,NJ,52600.0,Full-time,Rent,25.3,1.5,16,652,Fair (620-679)
BOR108692,54,MN,45300.0,Full-time,Own,35.0,9.4,32,719,Good (680-739)
BOR108693,35,NV,39400.0,Full-time,Rent,21.1,1.6,13,697,Good (680-739)
BOR108694,30,NY,47300.0,Self-employed,Rent,25.8,3.0,14,595,Poor (<620)
BOR108695,21,OH,44000.0,Full-time,Own,52.7,2.1,5,642,Fair (620-679)
BOR108696,38,OH,25800.0,Full-time,Own,38.5,3.9,16,680,Good (680-739)
BOR108697,56,PA,99300.0,Full-time,Rent,35.8,9.4,39,728,Good (680-739)
BOR108698,36,MI,71500.0,Part-time,Mortgage,35.6,2.7,15,838,Exceptional (800+)
BOR108699,24,PA,39200.0,Full-time,Own,46.6,10.6,1,726,Good (680-739)
BOR108700,44,TN,21100.0,Full-time,Rent,30.7,1.7,24,614,Poor (<620)
BOR108701,33,FL,18000.0,Full-time,Mortgage,41.4,1.0,15,674,Fair (620-679)
BOR108702,60,OH,114900.0,Unemployed,Mortgage,8.4,0.7,37,692,Good (680-739)
BOR108703,54,IN,43100.0,Full-time,Own,30.8,8.3,38,646,Fair (620-679)
BOR108704,26,MI,65700.0,Retired,Mortgage,28.9,3.6,7,711,Good (680-739)
BOR108705,39,NJ,30400.0,Full-time,Rent,26.8,1.3,18,532,Poor (<620)
BOR108706,32,MN,40600.0,Full-time,Rent,39.4,6.4,16,716,Good (680-739)
BOR108707,27,NH,41500.0,Self-employed,Mortgage,30.7,4.5,8,649,Fair (620-679)
BOR108708,40,AZ,52000.0,Full-time,Mortgage,30.4,0.4,24,673,Fair (620-679)
BOR108709,51,TX,48600.0,Full-time,Rent,24.2,2.1,29,775,Very Good (740-799)
BOR108710,40,FL,30800.0,Full-time,Rent,28.1,1.3,21,598,Poor (<620)
BOR108711,35,UT,30600.0,Full-time,Mortgage,11.9,6.5,15,698,Good (680-739)
BOR108712,19,MO,44900.0,Full-time,Rent,28.8,0.6,1,732,Good (680-739)
BOR108713,33,CO,21200.0,Full-time,Rent,17.8,1.7,10,691,Good (680-739)
BOR108714,48,MO,32200.0,Full-time,Mortgage,47.4,6.4,32,575,Poor (<620)
BOR108715,25,PA,43500.0,Full-time,Rent,39.3,4.8,4,768,Very Good (740-799)
BOR108716,56,NJ,55800.0,Full-time,Rent,41.1,4.8,40,666,Fair (620-679)
BOR108717,34,MN,91700.0,Self-employed,Rent,18.8,0.2,13,646,Fair (620-679)
BOR108718,43,LA,37600.0,Full-time,Mortgage,40.4,1.9,20,660,Fair (620-679)
BOR108719,36,IL,47400.0,Full-time,Mortgage,25.3,4.3,17,655,Fair (620-679)
BOR108720,27,TN,20100.0,Full-time,Rent,34.8,2.1,6,603,Poor (<620)
BOR108721,46,PA,54200.0,Unemployed,Mortgage,30.1,6.4,30,691,Good (680-739)
BOR108722,34,UT,31000.0,Full-time,Rent,18.2,1.6,18,641,Fair (620-679)
BOR108723,31,OH,40600.0,Full-time,Rent,21.6,2.1,15,724,Good (680-739)
BOR108724,19,MD,57800.0,Retired,Mortgage,38.6,0.9,1,714,Good (680-739)
BOR108725,57,IL,58900.0,Full-time,Rent,38.3,1.0,36,786,Very Good (740-799)
BOR108726,41,TN,24200.0,Full-time,Own,18.3,6.6,21,666,Fair (620-679)
BOR108727,54,IN,66900.0,Part-time,Rent,43.4,2.3,32,628,Fair (620-679)
BOR108728,48,NC,45800.0,Full-time,Rent,28.2,1.7,31,584,Poor (<620)
BOR108729,54,NV,82500.0,Full-time,Mortgage,19.2,2.3,37,823,Exceptional (800+)
BOR108730,34,LA,90000.0,Full-time,Rent,26.5,9.7,17,723,Good (680-739)
BOR108731,25,LA,96100.0,Unemployed,Mortgage,18.4,0.5,5,635,Fair (620-679)
BOR108732,50,NC,24600.0,Retired,Mortgage,24.7,0.1,32,790,Very Good (740-799)
BOR108733,43,WI,55900.0,Full-time,Own,27.2,2.8,25,768,Very Good (740-799)
BOR108734,35,AZ,22900.0,Full-time,Rent,37.2,1.2,14,592,Poor (<620)
BOR108735,50,TN,83800.0,Full-time,Rent,40.1,1.0,29,631,Fair (620-679)
BOR108736,45,VA,89300.0,Retired,Rent,42.6,0.7,25,671,Fair (620-679)
BOR108737,49,TN,72400.0,Full-time,Mortgage,39.9,0.2,27,610,Poor (<620)
BOR108738,29,NY,38500.0,Full-time,Rent,13.0,0.5,7,674,Fair (620-679)
BOR108739,53,NJ,59600.0,Unemployed,Rent,17.6,2.8,34,726,Good (680-739)
BOR108740,41,PA,36400.0,Self-employed,Rent,43.0,3.1,24,591,Poor (<620)
BOR108741,54,GA,46900.0,Full-time,Rent,27.3,7.1,33,699,Good (680-739)
BOR108742,53,NY,44700.0,Full-time,Mortgage,30.6,7.7,33,756,Very Good (740-799)
BOR108743,49,IL,19000.0,Self-employed,Rent,38.3,5.7,31,706,Good (680-739)
BOR108744,40,MN,32400.0,Full-time,Mortgage,44.9,3.0,17,675,Fair (620-679)
BOR108745,50,AZ,129600.0,Retired,Mortgage,36.7,0.1,30,637,Fair (620-679)
BOR108746,54,CA,44800.0,Full-time,Mortgage,23.4,9.1,37,734,Good (680-739)
BOR108747,48,MN,50100.0,Full-time,Rent,19.8,1.1,27,604,Poor (<620)
BOR108748,43,MS,46400.0,Retired,Rent,21.3,1.7,24,696,Good (680-739)
BOR108749,50,LA,38800.0,Retired,Mortgage,44.2,6.2,34,682,Good (680-739)
BOR108750,35,NV,47400.0,Full-time,Own,40.6,1.6,14,753,Very Good (740-799)
BOR108751,59,NH,38800.0,Self-employed,Own,32.5,1.3,43,642,Fair (620-679)
BOR108752,21,MA,18000.0,Part-time,Mortgage,17.7,5.2,1,648,Fair (620-679)
BOR108753,41,UT,66400.0,Self-employed,Rent,40.9,1.7,20,599,Poor (<620)
BOR108754,36,NM,96400.0,Full-time,Rent,33.9,0.6,15,708,Good (680-739)
BOR108755,33,GA,27600.0,Unemployed,Own,24.3,0.9,11,652,Fair (620-679)
BOR108756,45,LA,38700.0,Part-time,Mortgage,31.5,7.2,29,624,Fair (620-679)
BOR108757,27,MN,91600.0,Part-time,Rent,37.1,8.5,6,630,Fair (620-679)
BOR108758,67,MN,33000.0,Full-time,Mortgage,27.5,14.2,46,715,Good (680-739)
BOR108759,25,LA,55500.0,Full-time,Rent,21.6,1.2,8,608,Poor (<620)
BOR108760,30,MI,326800.0,Full-time,Rent,33.9,3.7,7,614,Poor (<620)
BOR108761,28,NJ,62000.0,Full-time,Rent,34.5,1.9,8,738,Good (680-739)
BOR108762,43,IN,48100.0,Self-employed,Rent,13.1,2.8,22,669,Fair (620-679)
BOR108763,53,WI,69300.0,Full-time,Rent,31.3,5.5,34,742,Very Good (740-799)
BOR108764,47,LA,66100.0,Full-time,Rent,23.6,5.0,27,657,Fair (620-679)
BOR108765,59,LA,34600.0,Full-time,Rent,36.8,0.1,36,680,Good (680-739)
BOR108766,31,MD,21300.0,Part-time,Rent,15.0,1.7,15,690,Good (680-739)
BOR108767,49,UT,60900.0,Full-time,Mortgage,19.3,2.3,28,770,Very Good (740-799)
BOR108768,37,PA,65200.0,Self-employed,Own,8.6,5.3,15,765,Very Good (740-799)
BOR108769,44,UT,40800.0,Full-time,Mortgage,36.1,1.2,24,755,Very Good (740-799)
BOR108770,54,TX,97800.0,Full-time,Rent,17.0,5.6,32,639,Fair (620-679)
BOR108771,21,AZ,89300.0,Full-time,Rent,18.7,0.2,2,616,Poor (<620)
BOR108772,65,FL,66100.0,Full-time,Own,31.1,5.5,43,729,Good (680-739)
BOR108773,39,AZ,41100.0,Full-time,Mortgage,30.4,0.9,21,769,Very Good (740-799)
BOR108774,22,MI,18200.0,Part-time,Mortgage,38.4,7.6,2,756,Very Good (740-799)
BOR108775,33,TX,43100.0,Full-time,Mortgage,39.4,0.7,16,681,Good (680-739)
BOR108776,42,IN,20400.0,Self-employed,Rent,43.3,0.3,26,727,Good (680-739)
BOR108777,33,MD,18000.0,Retired,Own,48.1,6.0,12,728,Good (680-739)
BOR108778,19,PA,62400.0,Part-time,Mortgage,42.4,3.8,1,690,Good (680-739)
BOR108779,42,MD,79000.0,Full-time,Rent,35.3,3.0,22,693,Good (680-739)
BOR108780,32,PA,19400.0,Full-time,Other,34.2,2.5,14,686,Good (680-739)
BOR108781,49,NY,41500.0,Full-time,Rent,38.2,7.2,33,629,Fair (620-679)
BOR108782,28,NY,46300.0,Full-time,Mortgage,11.8,2.3,7,635,Fair (620-679)
BOR108783,68,TN,40900.0,Full-time,Mortgage,30.5,1.3,49,634,Fair (620-679)
BOR108784,47,MN,25100.0,Full-time,Rent,13.7,11.5,25,576,Poor (<620)
BOR108785,43,TN,84900.0,Full-time,Rent,24.7,1.5,21,689,Good (680-739)
BOR108786,48,NV,25400.0,Full-time,Rent,17.2,2.8,25,677,Fair (620-679)
BOR108787,19,MA,19400.0,Full-time,Rent,35.9,1.2,2,730,Good (680-739)
BOR108788,35,MN,25100.0,Self-employed,Rent,38.0,0.9,16,762,Very Good (740-799)
BOR108789,62,NH,57900.0,Full-time,Rent,44.2,1.6,40,766,Very Good (740-799)
BOR108790,37,MI,41300.0,Full-time,Rent,22.3,11.4,20,772,Very Good (740-799)
BOR108791,40,NY,33000.0,Full-time,Rent,25.4,4.0,21,631,Fair (620-679)
BOR108792,35,NY,59100.0,Full-time,Rent,42.8,9.8,19,587,Poor (<620)
BOR108793,59,TN,54200.0,Full-time,Rent,26.9,1.7,43,740,Very Good (740-799)
BOR108794,38,AZ,18000.0,Full-time,Rent,24.8,2.0,20,770,Very Good (740-799)
BOR108795,26,PA,58900.0,Full-time,Mortgage,39.1,5.3,3,781,Very Good (740-799)
BOR108796,72,LA,79300.0,Full-time,Other,37.2,2.1,55,712,Good (680-739)
BOR108797,24,UT,44100.0,Full-time,Mortgage,41.6,1.8,7,550,Poor (<620)
BOR108798,40,OH,42000.0,Full-time,Mortgage,36.8,2.3,21,704,Good (680-739)
BOR108799,31,IL,109300.0,Unemployed,Mortgage,28.1,9.5,15,716,Good (680-739)
BOR108800,33,IL,33900.0,Full-time,Own,45.7,6.5,16,761,Very Good (740-799)
BOR108801,28,MI,43300.0,Full-time,Mortgage,40.8,13.2,8,773,Very Good (740-799)
BOR108802,35,NV,54100.0,Full-time,Other,31.8,4.8,12,739,Good (680-739)
BOR108803,53,TN,47700.0,Self-employed,Mortgage,40.9,0.9,36,642,Fair (620-679)
BOR108804,19,TX,41300.0,Full-time,Rent,31.9,2.9,1,613,Poor (<620)
BOR108805,56,VA,48500.0,Full-time,Own,22.7,7.0,40,715,Good (680-739)
BOR108806,54,FL,94500.0,Full-time,Own,33.1,10.6,37,628,Fair (620-679)
BOR108807,47,NJ,67100.0,Retired,Own,51.3,3.1,26,776,Very Good (740-799)
BOR108808,43,NJ,45100.0,Full-time,Rent,42.4,8.3,27,569,Poor (<620)
BOR108809,44,IN,31600.0,Full-time,Other,36.2,1.3,28,717,Good (680-739)
BOR108810,58,AZ,33600.0,Full-time,Mortgage,23.0,0.9,41,701,Good (680-739)
BOR108811,20,LA,71500.0,Part-time,Mortgage,20.2,3.8,1,667,Fair (620-679)
BOR108812,50,CA,22800.0,Full-time,Rent,29.6,8.4,27,620,Fair (620-679)
BOR108813,32,MN,137500.0,Full-time,Rent,25.9,3.4,10,546,Poor (<620)
BOR108814,51,CA,46000.0,Full-time,Mortgage,32.2,1.2,34,645,Fair (620-679)
BOR108815,34,GA,25100.0,Full-time,Mortgage,33.5,0.5,12,647,Fair (620-679)
BOR108816,49,LA,50600.0,Full-time,Rent,17.8,8.8,27,752,Very Good (740-799)
BOR108817,22,MD,32500.0,Retired,Mortgage,23.6,5.1,1,629,Fair (620-679)
BOR108818,21,PA,38600.0,Full-time,Rent,28.5,10.4,1,709,Good (680-739)
BOR108819,40,WA,23600.0,Full-time,Rent,36.4,3.1,20,596,Poor (<620)
BOR108820,58,MD,41900.0,Full-time,Own,36.7,1.9,40,711,Good (680-739)
BOR108821,47,MS,18000.0,Full-time,Rent,21.7,5.5,26,535,Poor (<620)
BOR108822,47,TN,35600.0,Full-time,Rent,19.8,2.4,29,816,Exceptional (800+)
BOR108823,51,CA,32100.0,Full-time,Own,22.5,2.9,31,671,Fair (620-679)
BOR108824,36,WA,37200.0,Full-time,Own,40.0,4.8,15,500,Poor (<620)
BOR108825,48,PA,33100.0,Unemployed,Rent,27.3,2.5,26,633,Fair (620-679)
BOR108826,34,TX,47300.0,Full-time,Rent,33.1,0.1,11,623,Fair (620-679)
BOR108827,37,TN,69500.0,Part-time,Mortgage,36.2,0.1,20,637,Fair (620-679)
BOR108828,39,MN,54800.0,Self-employed,Rent,44.3,7.7,23,656,Fair (620-679)
BOR108829,34,CA,83700.0,Full-time,Own,19.8,4.3,17,637,Fair (620-679)
BOR108830,40,MN,37300.0,Part-time,Own,44.1,1.4,22,627,Fair (620-679)
BOR108831,38,MD,54000.0,Full-time,Own,37.8,8.7,17,605,Poor (<620)
BOR108832,33,CO,54900.0,Full-time,Rent,48.7,0.5,11,733,Good (680-739)
BOR108833,39,OH,78300.0,Full-time,Own,46.1,3.9,22,758,Very Good (740-799)
BOR108834,43,MI,33600.0,Full-time,Rent,33.1,1.0,20,663,Fair (620-679)
BOR108835,28,FL,66500.0,Full-time,Rent,24.5,2.4,5,679,Fair (620-679)
BOR108836,46,OH,31700.0,Full-time,Own,38.6,7.2,25,607,Poor (<620)
BOR108837,35,GA,36100.0,Full-time,Own,20.8,1.0,18,685,Good (680-739)
BOR108838,43,NC,39700.0,Full-time,Rent,34.2,0.3,22,695,Good (680-739)
BOR108839,33,PA,57200.0,Full-time,Mortgage,24.6,0.7,12,666,Fair (620-679)
BOR108840,54,PA,28600.0,Full-time,Mortgage,29.6,8.0,36,706,Good (680-739)
BOR108841,52,MS,30400.0,Self-employed,Rent,10.2,0.2,30,700,Good (680-739)
BOR108842,28,MN,34900.0,Unemployed,Rent,31.2,5.5,12,611,Poor (<620)
BOR108843,47,NC,47700.0,Full-time,Mortgage,33.2,6.8,29,758,Very Good (740-799)
BOR108844,58,NM,30600.0,Unemployed,Rent,26.7,3.1,42,667,Fair (620-679)
BOR108845,30,OH,52500.0,Unemployed,Rent,31.2,3.1,9,789,Very Good (740-799)
BOR108846,31,NJ,39700.0,Full-time,Own,21.2,4.7,10,707,Good (680-739)
BOR108847,50,NV,62700.0,Retired,Own,39.8,0.2,27,808,Exceptional (800+)
BOR108848,25,NJ,48000.0,Self-employed,Rent,32.2,0.6,6,756,Very Good (740-799)
BOR108849,32,IL,102600.0,Self-employed,Mortgage,54.4,4.9,9,695,Good (680-739)
BOR108850,29,NC,49200.0,Full-time,Mortgage,34.9,7.2,11,633,Fair (620-679)
BOR108851,50,WA,26900.0,Self-employed,Mortgage,35.8,1.2,33,634,Fair (620-679)
BOR108852,33,TN,42400.0,Full-time,Rent,27.3,0.3,10,715,Good (680-739)
BOR108853,38,NJ,47100.0,Part-time,Own,43.9,7.4,22,689,Good (680-739)
BOR108854,32,NJ,31000.0,Full-time,Mortgage,27.7,3.0,10,642,Fair (620-679)
BOR108855,55,OH,92300.0,Self-employed,Rent,49.3,14.6,37,734,Good (680-739)
BOR108856,31,AZ,40600.0,Self-employed,Other,49.0,1.4,13,683,Good (680-739)
BOR108857,24,IL,34900.0,Full-time,Mortgage,26.9,0.1,8,735,Good (680-739)
BOR108858,24,LA,50600.0,Full-time,Rent,29.2,0.0,6,617,Poor (<620)
BOR108859,49,WI,31000.0,Full-time,Own,24.7,2.3,32,745,Very Good (740-799)
BOR108860,50,NJ,72000.0,Full-time,Mortgage,18.6,4.9,30,713,Good (680-739)
BOR108861,56,WI,65800.0,Unemployed,Own,34.9,10.2,37,758,Very Good (740-799)
BOR108862,26,CA,49500.0,Part-time,Rent,32.0,0.7,8,744,Very Good (740-799)
BOR108863,38,NC,60900.0,Part-time,Mortgage,38.6,10.4,22,674,Fair (620-679)
BOR108864,70,NJ,37200.0,Self-employed,Rent,31.5,1.2,48,669,Fair (620-679)
BOR108865,37,VA,23700.0,Full-time,Own,40.7,1.1,21,796,Very Good (740-799)
BOR108866,34,CO,40300.0,Full-time,Rent,31.5,1.6,17,661,Fair (620-679)
BOR108867,41,UT,37200.0,Full-time,Rent,30.1,2.1,18,729,Good (680-739)
BOR108868,47,MI,18600.0,Full-time,Rent,32.9,7.2,25,655,Fair (620-679)
BOR108869,47,NC,29000.0,Self-employed,Other,39.6,5.3,26,559,Poor (<620)
BOR108870,34,TN,26800.0,Self-employed,Other,28.3,7.1,18,600,Poor (<620)
BOR108871,34,GA,29000.0,Full-time,Rent,41.1,13.8,16,706,Good (680-739)
BOR108872,37,NY,85000.0,Full-time,Mortgage,24.6,7.2,19,726,Good (680-739)
BOR108873,32,UT,58700.0,Full-time,Rent,28.9,14.6,16,707,Good (680-739)
BOR108874,26,NV,72000.0,Full-time,Other,13.3,9.4,8,754,Very Good (740-799)
BOR108875,63,UT,58600.0,Full-time,Mortgage,28.6,0.5,44,705,Good (680-739)
BOR108876,36,IL,75900.0,Full-time,Mortgage,20.8,6.6,18,630,Fair (620-679)
BOR108877,37,CA,47200.0,Part-time,Mortgage,37.5,12.1,17,719,Good (680-739)
BOR108878,37,NJ,92200.0,Part-time,Rent,37.1,4.5,17,691,Good (680-739)
BOR108879,40,MS,26800.0,Full-time,Mortgage,44.2,1.6,22,643,Fair (620-679)
BOR108880,46,NY,45200.0,Full-time,Own,48.6,2.9,24,711,Good (680-739)
BOR108881,35,FL,29400.0,Full-time,Mortgage,30.4,8.1,15,685,Good (680-739)
BOR108882,55,TX,81500.0,Self-employed,Rent,24.6,6.5,32,641,Fair (620-679)
BOR108883,48,CO,56300.0,Retired,Own,36.7,1.6,29,668,Fair (620-679)
BOR108884,39,MN,79500.0,Full-time,Rent,28.1,3.9,18,772,Very Good (740-799)
BOR108885,33,MD,24800.0,Full-time,Rent,26.0,1.4,12,770,Very Good (740-799)
BOR108886,54,TX,35600.0,Retired,Own,31.8,0.6,38,692,Good (680-739)
BOR108887,39,MD,20900.0,Full-time,Rent,26.1,2.1,20,684,Good (680-739)
BOR108888,26,NJ,54900.0,Full-time,Mortgage,52.6,2.2,7,587,Poor (<620)
BOR108889,53,PA,38500.0,Full-time,Rent,29.4,0.3,33,792,Very Good (740-799)
BOR108890,32,GA,65500.0,Full-time,Rent,31.7,6.4,10,747,Very Good (740-799)
BOR108891,51,WA,47300.0,Self-employed,Rent,40.1,3.2,35,729,Good (680-739)
BOR108892,19,NC,18000.0,Full-time,Mortgage,53.9,0.6,1,532,Poor (<620)
BOR108893,37,UT,22100.0,Self-employed,Mortgage,29.7,0.3,20,683,Good (680-739)
BOR108894,55,VA,48400.0,Part-time,Rent,13.3,17.1,36,672,Fair (620-679)
BOR108895,41,MI,57500.0,Full-time,Mortgage,31.2,2.5,22,724,Good (680-739)
BOR108896,48,MO,18000.0,Full-time,Rent,14.9,2.1,25,651,Fair (620-679)
BOR108897,30,IN,44900.0,Full-time,Mortgage,26.8,0.9,10,665,Fair (620-679)
BOR108898,45,CA,29500.0,Retired,Rent,47.0,4.2,25,720,Good (680-739)
BOR108899,41,TN,28300.0,Full-time,Mortgage,24.0,6.0,19,630,Fair (620-679)
BOR108900,44,OH,34700.0,Full-time,Rent,21.5,0.8,26,643,Fair (620-679)
BOR108901,65,MI,49300.0,Part-time,Own,40.6,3.2,48,693,Good (680-739)
BOR108902,57,MD,33900.0,Part-time,Mortgage,29.8,0.1,39,767,Very Good (740-799)
BOR108903,51,AZ,19100.0,Full-time,Mortgage,44.1,4.1,30,733,Good (680-739)
BOR108904,51,NC,49100.0,Full-time,Rent,29.2,3.0,31,750,Very Good (740-799)
BOR108905,30,PA,39800.0,Full-time,Other,38.5,0.6,11,684,Good (680-739)
BOR108906,35,WA,30600.0,Full-time,Own,16.6,0.7,16,777,Very Good (740-799)
BOR108907,23,NC,40600.0,Full-time,Rent,22.7,10.2,7,567,Poor (<620)
BOR108908,26,MS,39900.0,Unemployed,Mortgage,30.2,2.8,9,811,Exceptional (800+)
BOR108909,30,AZ,47600.0,Self-employed,Other,28.0,4.9,14,820,Exceptional (800+)
BOR108910,41,LA,41700.0,Full-time,Own,57.0,3.6,23,710,Good (680-739)
BOR108911,26,MI,50200.0,Full-time,Rent,42.2,6.0,6,734,Good (680-739)
BOR108912,41,NV,45600.0,Part-time,Rent,41.9,5.7,18,678,Fair (620-679)
BOR108913,39,TX,67400.0,Full-time,Mortgage,30.3,5.3,18,666,Fair (620-679)
BOR108914,27,GA,95100.0,Self-employed,Other,18.1,4.2,7,640,Fair (620-679)
BOR108915,59,TX,46300.0,Full-time,Rent,48.7,9.2,37,677,Fair (620-679)
BOR108916,25,CA,35300.0,Full-time,Mortgage,15.8,10.9,4,716,Good (680-739)
BOR108917,54,MS,24400.0,Full-time,Own,26.5,1.0,37,707,Good (680-739)
BOR108918,19,MD,62400.0,Full-time,Own,37.7,9.7,1,809,Exceptional (800+)
BOR108919,39,TN,31100.0,Full-time,Own,58.1,3.6,17,687,Good (680-739)
BOR108920,27,AZ,134100.0,Self-employed,Rent,49.4,1.8,9,583,Poor (<620)
BOR108921,33,MA,162900.0,Part-time,Own,38.2,3.3,16,787,Very Good (740-799)
BOR108922,63,IN,42400.0,Full-time,Mortgage,53.5,1.5,43,601,Poor (<620)
BOR108923,37,NV,22000.0,Part-time,Mortgage,27.1,6.9,16,644,Fair (620-679)
BOR108924,28,TN,62600.0,Full-time,Rent,36.5,3.2,7,698,Good (680-739)
BOR108925,47,CO,119900.0,Full-time,Mortgage,46.6,2.8,30,707,Good (680-739)
BOR108926,37,GA,25800.0,Full-time,Rent,18.0,2.7,19,586,Poor (<620)
BOR108927,43,NH,109500.0,Full-time,Rent,35.8,17.4,22,631,Fair (620-679)
BOR108928,30,CA,20300.0,Self-employed,Mortgage,36.4,11.0,11,584,Poor (<620)
BOR108929,31,MI,24200.0,Full-time,Rent,36.1,0.1,13,720,Good (680-739)
BOR108930,32,LA,53600.0,Part-time,Own,21.6,1.4,12,757,Very Good (740-799)
BOR108931,51,PA,73700.0,Part-time,Rent,36.4,0.6,32,601,Poor (<620)
BOR108932,38,NY,45300.0,Part-time,Own,34.9,2.5,19,745,Very Good (740-799)
BOR108933,28,NC,57100.0,Retired,Own,26.5,1.4,7,741,Very Good (740-799)
BOR108934,43,NJ,76600.0,Full-time,Other,39.8,1.5,25,637,Fair (620-679)
BOR108935,42,MS,80700.0,Full-time,Own,45.5,8.8,22,551,Poor (<620)
BOR108936,48,NV,35200.0,Part-time,Mortgage,25.0,6.5,31,610,Poor (<620)
BOR108937,35,VA,31600.0,Full-time,Own,37.0,3.8,19,641,Fair (620-679)
BOR108938,40,UT,74900.0,Self-employed,Rent,45.8,5.2,19,780,Very Good (740-799)
BOR108939,46,IN,57200.0,Self-employed,Rent,46.0,4.7,26,672,Fair (620-679)
BOR108940,29,LA,60800.0,Part-time,Own,30.5,4.4,10,615,Poor (<620)
BOR108941,52,OH,34600.0,Full-time,Rent,42.7,7.1,32,690,Good (680-739)
BOR108942,41,WA,62100.0,Full-time,Rent,29.6,1.8,19,596,Poor (<620)
BOR108943,28,CA,28500.0,Retired,Rent,40.2,2.7,7,713,Good (680-739)
BOR108944,28,CA,52100.0,Full-time,Rent,24.6,7.1,6,616,Poor (<620)
BOR108945,40,MD,49000.0,Full-time,Own,16.8,12.0,18,626,Fair (620-679)
BOR108946,34,FL,49200.0,Part-time,Mortgage,37.3,0.4,13,704,Good (680-739)
BOR108947,50,AZ,66300.0,Full-time,Rent,40.8,0.9,33,794,Very Good (740-799)
BOR108948,38,MD,29500.0,Part-time,Rent,39.1,2.2,19,823,Exceptional (800+)
BOR108949,45,CA,63200.0,Full-time,Rent,23.8,1.1,24,612,Poor (<620)
BOR108950,31,NJ,47100.0,Unemployed,Rent,7.3,5.0,12,641,Fair (620-679)
BOR108951,41,MO,32700.0,Full-time,Rent,40.7,0.0,23,714,Good (680-739)
BOR108952,57,LA,25700.0,Full-time,Mortgage,46.6,0.1,38,756,Very Good (740-799)
BOR108953,39,GA,109100.0,Self-employed,Rent,13.1,2.2,22,539,Poor (<620)
BOR108954,34,NH,45200.0,Self-employed,Own,28.9,0.5,18,686,Good (680-739)
BOR108955,31,NV,39700.0,Full-time,Mortgage,22.6,2.4,10,648,Fair (620-679)
BOR108956,41,IN,27900.0,Full-time,Own,34.5,7.9,18,555,Poor (<620)
BOR108957,58,MI,76100.0,Full-time,Rent,45.4,9.7,38,593,Poor (<620)
BOR108958,25,MD,73500.0,Full-time,Rent,29.7,15.6,5,643,Fair (620-679)
BOR108959,40,NV,67400.0,Full-time,Other,26.9,9.4,17,684,Good (680-739)
BOR108960,20,GA,45400.0,Full-time,Mortgage,35.9,5.1,1,746,Very Good (740-799)
BOR108961,36,NH,65400.0,Full-time,Own,10.8,1.6,19,703,Good (680-739)
BOR108962,44,MS,32200.0,Self-employed,Own,40.4,13.5,25,742,Very Good (740-799)
BOR108963,22,WA,51400.0,Self-employed,Rent,42.6,3.3,5,682,Good (680-739)
BOR108964,36,MD,45500.0,Full-time,Mortgage,32.0,2.3,17,634,Fair (620-679)
BOR108965,44,WA,52600.0,Part-time,Mortgage,27.6,2.5,24,668,Fair (620-679)
BOR108966,43,CO,20600.0,Full-time,Own,29.2,17.4,25,725,Good (680-739)
BOR108967,45,NV,108200.0,Full-time,Rent,29.2,2.3,23,747,Very Good (740-799)
BOR108968,29,CA,96600.0,Full-time,Mortgage,31.4,1.5,6,670,Fair (620-679)
BOR108969,44,TX,27800.0,Part-time,Mortgage,16.4,1.2,24,620,Fair (620-679)
BOR108970,34,NC,60500.0,Self-employed,Rent,36.1,8.5,16,702,Good (680-739)
BOR108971,50,MS,23900.0,Full-time,Rent,28.3,7.5,31,711,Good (680-739)
BOR108972,19,MI,48400.0,Full-time,Rent,32.2,1.0,3,760,Very Good (740-799)
BOR108973,38,LA,18000.0,Full-time,Own,26.2,8.7,17,636,Fair (620-679)
BOR108974,42,VA,40900.0,Unemployed,Mortgage,35.8,0.1,24,637,Fair (620-679)
BOR108975,57,GA,37400.0,Full-time,Mortgage,45.3,9.0,37,729,Good (680-739)
BOR108976,42,LA,78500.0,Full-time,Other,34.1,1.7,21,654,Fair (620-679)
BOR108977,43,AZ,98800.0,Self-employed,Mortgage,15.6,8.3,22,651,Fair (620-679)
BOR108978,46,NC,99800.0,Full-time,Mortgage,32.0,8.9,26,762,Very Good (740-799)
BOR108979,56,TX,78500.0,Full-time,Mortgage,34.1,7.8,34,591,Poor (<620)
BOR108980,36,FL,48400.0,Full-time,Mortgage,31.5,3.5,20,814,Exceptional (800+)
BOR108981,24,NY,55500.0,Full-time,Own,24.3,0.3,1,640,Fair (620-679)
BOR108982,22,NC,55400.0,Full-time,Rent,31.5,4.4,2,736,Good (680-739)
BOR108983,49,TN,27400.0,Self-employed,Rent,40.4,3.6,32,673,Fair (620-679)
BOR108984,44,GA,78100.0,Part-time,Mortgage,29.0,1.1,28,698,Good (680-739)
BOR108985,38,TX,63600.0,Retired,Rent,45.8,9.1,18,663,Fair (620-679)
BOR108986,34,OH,65000.0,Full-time,Own,25.5,3.5,14,736,Good (680-739)
BOR108987,43,NJ,18000.0,Full-time,Mortgage,21.7,6.1,23,657,Fair (620-679)
BOR108988,44,NH,57200.0,Full-time,Own,29.7,0.7,28,643,Fair (620-679)
BOR108989,47,MI,73300.0,Full-time,Mortgage,11.7,0.4,30,798,Very Good (740-799)
BOR108990,28,FL,46300.0,Full-time,Mortgage,31.9,1.3,7,682,Good (680-739)
BOR108991,20,MA,37200.0,Self-employed,Rent,28.7,2.5,1,636,Fair (620-679)
BOR108992,30,MS,25300.0,Full-time,Rent,38.9,6.8,10,583,Poor (<620)
BOR108993,25,MN,24500.0,Retired,Rent,14.9,2.1,3,801,Exceptional (800+)
BOR108994,24,NV,50000.0,Self-employed,Mortgage,39.7,2.5,1,644,Fair (620-679)
BOR108995,60,MS,42000.0,Full-time,Rent,33.5,3.6,43,814,Exceptional (800+)
BOR108996,19,TN,41700.0,Full-time,Rent,47.9,16.8,1,706,Good (680-739)
BOR108997,47,NH,92800.0,Part-time,Mortgage,30.3,0.9,24,689,Good (680-739)
BOR108998,52,CA,26500.0,Full-time,Rent,35.4,3.5,31,691,Good (680-739)
BOR108999,53,NV,39900.0,Full-time,Rent,38.3,1.5,36,824,Exceptional (800+)
BOR109000,44,LA,99900.0,Full-time,Own,11.7,4.4,27,538,Poor (<620)
BOR109001,57,MS,40500.0,Self-employed,Rent,43.1,0.2,39,694,Good (680-739)
BOR109002,62,VA,48000.0,Full-time,Rent,30.7,2.7,43,663,Fair (620-679)
BOR109003,37,MN,43100.0,Full-time,Mortgage,19.3,0.9,21,666,Fair (620-679)
BOR109004,46,PA,64100.0,Unemployed,Other,31.2,1.2,30,690,Good (680-739)
BOR109005,56,TN,18500.0,Self-employed,Own,43.7,1.4,40,663,Fair (620-679)
BOR109006,31,NC,42600.0,Part-time,Other,28.6,1.3,8,692,Good (680-739)
BOR109007,38,TN,47800.0,Self-employed,Rent,33.0,0.9,22,678,Fair (620-679)
BOR109008,33,MO,29800.0,Unemployed,Own,12.0,1.6,11,595,Poor (<620)
BOR109009,47,NC,54400.0,Self-employed,Mortgage,23.4,7.6,24,705,Good (680-739)
BOR109010,19,IL,66400.0,Self-employed,Rent,39.1,15.9,1,727,Good (680-739)
BOR109011,58,NC,57100.0,Full-time,Mortgage,42.6,2.7,36,645,Fair (620-679)
BOR109012,47,IN,103800.0,Self-employed,Own,34.1,10.1,26,801,Exceptional (800+)
BOR109013,48,MO,38400.0,Self-employed,Rent,37.8,1.0,27,767,Very Good (740-799)
BOR109014,19,WI,58400.0,Full-time,Other,28.0,0.2,1,735,Good (680-739)
BOR109015,29,NY,57800.0,Full-time,Mortgage,32.2,2.7,10,734,Good (680-739)
BOR109016,59,NV,41900.0,Full-time,Mortgage,21.4,5.0,41,682,Good (680-739)
BOR109017,39,MD,77700.0,Full-time,Rent,27.1,2.0,17,754,Very Good (740-799)
BOR109018,20,CA,53100.0,Full-time,Rent,31.7,2.3,1,782,Very Good (740-799)
BOR109019,44,NC,27200.0,Full-time,Mortgage,16.4,1.5,25,733,Good (680-739)
BOR109020,49,VA,65400.0,Full-time,Rent,55.9,0.2,27,643,Fair (620-679)
BOR109021,47,NC,37200.0,Full-time,Mortgage,25.0,4.0,24,677,Fair (620-679)
BOR109022,39,FL,40300.0,Self-employed,Own,34.1,16.5,22,717,Good (680-739)
BOR109023,55,IL,41700.0,Full-time,Own,19.5,3.6,39,734,Good (680-739)
BOR109024,33,CA,64900.0,Retired,Rent,5.0,6.0,12,675,Fair (620-679)
BOR109025,47,FL,75800.0,Full-time,Own,49.1,0.6,31,643,Fair (620-679)
BOR109026,43,OH,43400.0,Retired,Rent,32.6,0.3,22,783,Very Good (740-799)
BOR109027,39,NV,42300.0,Full-time,Mortgage,10.3,4.8,20,610,Poor (<620)
BOR109028,36,WA,18600.0,Full-time,Own,21.7,3.5,20,619,Poor (<620)
BOR109029,37,NJ,33900.0,Full-time,Other,52.7,3.7,15,594,Poor (<620)
BOR109030,41,IN,30500.0,Full-time,Rent,36.8,1.9,18,619,Poor (<620)
BOR109031,37,AZ,53600.0,Part-time,Rent,6.2,0.0,16,761,Very Good (740-799)
BOR109032,50,NY,44400.0,Full-time,Rent,26.9,0.6,29,763,Very Good (740-799)
BOR109033,35,IL,31000.0,Full-time,Rent,30.2,1.4,17,675,Fair (620-679)
BOR109034,60,IL,49900.0,Self-employed,Own,37.3,20.6,41,712,Good (680-739)
BOR109035,34,TN,45200.0,Full-time,Rent,31.9,2.5,18,679,Fair (620-679)
BOR109036,52,VA,18000.0,Full-time,Mortgage,14.7,1.1,36,603,Poor (<620)
BOR109037,53,MI,76800.0,Self-employed,Rent,25.7,0.2,33,824,Exceptional (800+)
BOR109038,43,AZ,73500.0,Full-time,Mortgage,22.9,2.1,25,769,Very Good (740-799)
BOR109039,42,UT,41900.0,Full-time,Rent,39.5,0.9,22,703,Good (680-739)
BOR109040,32,GA,54600.0,Full-time,Own,26.6,7.5,12,624,Fair (620-679)
BOR109041,35,WA,40300.0,Full-time,Mortgage,26.5,2.5,19,665,Fair (620-679)
BOR109042,44,VA,22700.0,Full-time,Own,29.4,1.3,21,635,Fair (620-679)
BOR109043,40,MD,123500.0,Full-time,Mortgage,23.4,1.1,18,686,Good (680-739)
BOR109044,55,MD,65300.0,Full-time,Rent,47.1,0.3,39,700,Good (680-739)
BOR109045,36,MD,71200.0,Full-time,Rent,43.2,6.8,14,658,Fair (620-679)
BOR109046,36,PA,41000.0,Full-time,Mortgage,43.7,11.2,19,585,Poor (<620)
BOR109047,21,NJ,77400.0,Self-employed,Own,19.7,1.5,2,819,Exceptional (800+)
BOR109048,49,NV,25200.0,Self-employed,Rent,35.5,7.1,30,695,Good (680-739)
BOR109049,48,MI,41800.0,Full-time,Own,39.9,4.3,31,710,Good (680-739)
BOR109050,53,NH,65100.0,Full-time,Rent,21.7,5.3,34,653,Fair (620-679)
BOR109051,53,NC,35200.0,Full-time,Rent,20.3,1.1,33,578,Poor (<620)
BOR109052,50,WA,70300.0,Full-time,Rent,22.1,0.5,32,675,Fair (620-679)
BOR109053,51,VA,53500.0,Full-time,Other,17.4,15.9,30,659,Fair (620-679)
BOR109054,48,NJ,51200.0,Full-time,Mortgage,42.5,1.3,31,726,Good (680-739)
BOR109055,50,NV,33700.0,Full-time,Rent,41.5,9.0,27,739,Good (680-739)
BOR109056,19,PA,55900.0,Self-employed,Rent,28.8,3.4,1,730,Good (680-739)
BOR109057,28,AZ,111300.0,Self-employed,Rent,31.4,15.4,11,744,Very Good (740-799)
BOR109058,26,TN,50500.0,Part-time,Rent,25.2,2.7,7,797,Very Good (740-799)
BOR109059,56,NV,59900.0,Self-employed,Rent,55.1,1.1,34,705,Good (680-739)
BOR109060,32,TN,64000.0,Full-time,Mortgage,27.6,8.2,13,751,Very Good (740-799)
BOR109061,34,UT,27900.0,Full-time,Rent,26.7,3.4,14,712,Good (680-739)
BOR109062,41,LA,43900.0,Full-time,Rent,30.7,6.1,19,556,Poor (<620)
BOR109063,26,NC,43300.0,Full-time,Rent,18.9,2.9,10,670,Fair (620-679)
BOR109064,46,LA,18000.0,Full-time,Mortgage,34.7,2.9,26,624,Fair (620-679)
BOR109065,19,UT,66500.0,Full-time,Mortgage,46.3,22.1,1,695,Good (680-739)
BOR109066,27,OH,30700.0,Part-time,Rent,30.3,4.3,7,629,Fair (620-679)
BOR109067,43,TN,63300.0,Full-time,Rent,40.0,0.7,23,719,Good (680-739)
BOR109068,26,GA,33200.0,Full-time,Rent,12.4,7.1,5,744,Very Good (740-799)
BOR109069,57,IN,116900.0,Self-employed,Mortgage,22.5,1.0,41,758,Very Good (740-799)
BOR109070,42,FL,41100.0,Full-time,Mortgage,33.0,7.6,20,785,Very Good (740-799)
BOR109071,55,WI,110700.0,Full-time,Mortgage,13.5,1.4,34,571,Poor (<620)
BOR109072,45,NJ,43100.0,Full-time,Mortgage,35.3,4.1,25,602,Poor (<620)
BOR109073,41,MA,45500.0,Full-time,Rent,28.9,2.2,21,850,Exceptional (800+)
BOR109074,29,CA,94400.0,Self-employed,Mortgage,35.0,10.3,7,746,Very Good (740-799)
BOR109075,52,MD,30900.0,Self-employed,Mortgage,29.7,9.7,33,695,Good (680-739)
BOR109076,46,WA,47700.0,Part-time,Rent,30.4,5.2,23,682,Good (680-739)
BOR109077,66,TN,59400.0,Full-time,Rent,5.9,1.3,50,676,Fair (620-679)
BOR109078,51,GA,55900.0,Self-employed,Rent,21.1,1.7,33,554,Poor (<620)
BOR109079,36,NY,47500.0,Part-time,Mortgage,37.1,3.2,13,630,Fair (620-679)
BOR109080,44,NJ,44700.0,Self-employed,Mortgage,17.8,2.7,23,673,Fair (620-679)
BOR109081,46,NM,68200.0,Full-time,Rent,22.2,4.0,23,633,Fair (620-679)
BOR109082,55,IL,50500.0,Full-time,Rent,27.6,1.4,38,642,Fair (620-679)
BOR109083,57,MO,72000.0,Full-time,Other,28.6,2.5,34,846,Exceptional (800+)
BOR109084,39,TX,55600.0,Full-time,Rent,39.2,8.4,21,664,Fair (620-679)
BOR109085,26,MD,62500.0,Self-employed,Rent,34.3,2.6,5,698,Good (680-739)
BOR109086,19,OH,77700.0,Part-time,Rent,25.4,16.2,3,696,Good (680-739)
BOR109087,27,NJ,40600.0,Self-employed,Own,14.9,1.1,11,718,Good (680-739)
BOR109088,34,NC,76700.0,Full-time,Mortgage,62.6,1.3,16,649,Fair (620-679)
BOR109089,59,FL,43500.0,Full-time,Own,32.4,0.2,38,761,Very Good (740-799)
BOR109090,59,NC,24800.0,Unemployed,Rent,41.1,3.3,41,709,Good (680-739)
BOR109091,53,NC,40200.0,Full-time,Mortgage,8.2,2.0,31,596,Poor (<620)
BOR109092,56,WA,33700.0,Full-time,Rent,28.3,0.5,39,673,Fair (620-679)
BOR109093,33,UT,55200.0,Full-time,Mortgage,27.9,3.7,10,669,Fair (620-679)
BOR109094,23,VA,41000.0,Part-time,Rent,27.4,1.6,1,666,Fair (620-679)
BOR109095,29,MS,49400.0,Full-time,Mortgage,39.8,4.7,9,713,Good (680-739)
BOR109096,19,VA,73600.0,Full-time,Own,29.4,1.1,1,721,Good (680-739)
BOR109097,28,FL,91000.0,Full-time,Mortgage,27.7,9.5,10,714,Good (680-739)
BOR109098,35,IL,53200.0,Part-time,Mortgage,31.9,2.3,19,702,Good (680-739)
BOR109099,43,NJ,76000.0,Full-time,Mortgage,32.3,2.2,24,686,Good (680-739)
BOR109100,43,NC,43100.0,Full-time,Mortgage,19.9,11.7,26,540,Poor (<620)
BOR109101,33,LA,23100.0,Full-time,Own,41.9,2.7,13,731,Good (680-739)
BOR109102,48,MO,27400.0,Full-time,Own,26.2,3.9,32,712,Good (680-739)
BOR109103,33,MA,42700.0,Full-time,Rent,31.0,1.5,11,616,Poor (<620)
BOR109104,41,WA,66700.0,Full-time,Own,47.0,3.3,25,698,Good (680-739)
BOR109105,28,MI,42800.0,Self-employed,Mortgage,61.1,9.2,5,722,Good (680-739)
BOR109106,54,TN,79500.0,Retired,Own,36.7,4.9,31,756,Very Good (740-799)
BOR109107,41,NY,106300.0,Full-time,Own,14.6,2.1,24,713,Good (680-739)
BOR109108,49,PA,31300.0,Full-time,Rent,29.1,2.1,27,701,Good (680-739)
BOR109109,26,GA,121300.0,Full-time,Rent,49.2,0.1,9,742,Very Good (740-799)
BOR109110,43,PA,22300.0,Full-time,Mortgage,29.7,0.3,24,660,Fair (620-679)
BOR109111,48,MO,107100.0,Full-time,Rent,40.3,3.5,26,707,Good (680-739)
BOR109112,19,CA,45900.0,Full-time,Rent,40.2,5.1,2,640,Fair (620-679)
BOR109113,55,PA,42000.0,Full-time,Rent,25.0,8.9,36,752,Very Good (740-799)
BOR109114,26,MS,46500.0,Full-time,Rent,50.9,2.7,8,575,Poor (<620)
BOR109115,44,NH,32500.0,Part-time,Mortgage,36.3,5.5,26,733,Good (680-739)
BOR109116,62,WA,91600.0,Full-time,Own,31.7,3.8,43,681,Good (680-739)
BOR109117,52,WA,34200.0,Full-time,Mortgage,30.4,1.7,36,743,Very Good (740-799)
BOR109118,23,MN,36200.0,Full-time,Rent,20.3,1.8,3,629,Fair (620-679)
BOR109119,39,CA,25100.0,Full-time,Mortgage,24.1,0.9,22,686,Good (680-739)
BOR109120,56,NJ,33600.0,Full-time,Rent,21.8,8.6,38,684,Good (680-739)
BOR109121,31,FL,34000.0,Full-time,Own,54.7,0.8,13,708,Good (680-739)
BOR109122,37,NJ,33000.0,Full-time,Rent,42.4,6.7,18,612,Poor (<620)
BOR109123,36,NH,43100.0,Full-time,Mortgage,21.9,1.9,20,721,Good (680-739)
BOR109124,48,CO,28200.0,Full-time,Rent,50.4,0.6,32,560,Poor (<620)
BOR109125,23,NH,95600.0,Full-time,Mortgage,45.6,0.7,1,637,Fair (620-679)
BOR109126,49,WI,43500.0,Part-time,Rent,25.6,0.9,26,578,Poor (<620)
BOR109127,34,TN,55200.0,Self-employed,Rent,37.3,1.6,14,734,Good (680-739)
BOR109128,41,CO,68700.0,Full-time,Mortgage,25.2,6.4,25,706,Good (680-739)
BOR109129,38,IN,116000.0,Full-time,Rent,42.3,2.2,16,710,Good (680-739)
BOR109130,48,VA,70200.0,Self-employed,Rent,36.9,5.4,26,776,Very Good (740-799)
BOR109131,41,GA,41700.0,Full-time,Own,27.8,2.7,22,659,Fair (620-679)
BOR109132,58,WA,28800.0,Full-time,Rent,19.6,0.2,42,720,Good (680-739)
BOR109133,53,OH,54300.0,Part-time,Mortgage,31.4,5.9,30,684,Good (680-739)
BOR109134,31,WA,75200.0,Full-time,Rent,36.9,1.2,8,674,Fair (620-679)
BOR109135,57,NY,49700.0,Full-time,Mortgage,45.0,7.5,38,765,Very Good (740-799)
BOR109136,45,AZ,48000.0,Part-time,Rent,38.3,6.9,26,815,Exceptional (800+)
BOR109137,43,OH,51300.0,Full-time,Rent,41.3,2.2,24,652,Fair (620-679)
BOR109138,51,GA,20100.0,Full-time,Other,24.5,0.3,31,734,Good (680-739)
BOR109139,29,WA,49800.0,Full-time,Mortgage,12.2,5.6,8,701,Good (680-739)
BOR109140,24,PA,64800.0,Retired,Mortgage,15.1,1.2,4,702,Good (680-739)
BOR109141,41,UT,45700.0,Part-time,Mortgage,29.1,2.3,21,696,Good (680-739)
BOR109142,34,NJ,77300.0,Full-time,Rent,24.3,12.1,14,658,Fair (620-679)
BOR109143,66,NC,78500.0,Full-time,Mortgage,30.8,1.2,48,500,Poor (<620)
BOR109144,32,CA,37200.0,Full-time,Rent,39.3,8.8,12,780,Very Good (740-799)
BOR109145,41,NV,56900.0,Full-time,Other,38.3,7.4,25,635,Fair (620-679)
BOR109146,43,TN,47500.0,Full-time,Other,8.5,5.5,24,664,Fair (620-679)
BOR109147,56,NJ,18700.0,Unemployed,Own,57.8,6.0,40,666,Fair (620-679)
BOR109148,29,OH,42900.0,Part-time,Mortgage,35.9,3.8,11,629,Fair (620-679)
BOR109149,22,WI,29300.0,Unemployed,Mortgage,34.9,5.3,4,696,Good (680-739)
BOR109150,58,NM,49500.0,Full-time,Rent,30.5,1.7,42,677,Fair (620-679)
BOR109151,42,MI,63400.0,Full-time,Rent,29.2,2.5,26,633,Fair (620-679)
BOR109152,51,NY,42300.0,Retired,Own,43.0,10.4,29,690,Good (680-739)
BOR109153,51,FL,31100.0,Self-employed,Mortgage,22.3,0.2,31,678,Fair (620-679)
BOR109154,53,CA,51800.0,Full-time,Rent,35.1,1.0,32,740,Very Good (740-799)
BOR109155,36,WI,140000.0,Full-time,Mortgage,47.2,0.5,18,593,Poor (<620)
BOR109156,33,NH,18000.0,Part-time,Rent,33.9,0.2,17,628,Fair (620-679)
BOR109157,19,NH,51800.0,Full-time,Rent,37.1,3.6,1,727,Good (680-739)
BOR109158,29,MN,36500.0,Retired,Own,18.0,6.6,10,638,Fair (620-679)
BOR109159,42,PA,38500.0,Part-time,Mortgage,40.3,5.0,23,621,Fair (620-679)
BOR109160,33,NH,44500.0,Full-time,Rent,35.7,11.1,17,642,Fair (620-679)
BOR109161,27,NC,39900.0,Full-time,Own,31.0,14.3,10,673,Fair (620-679)
BOR109162,42,NC,61100.0,Full-time,Rent,39.2,4.6,22,674,Fair (620-679)
BOR109163,57,MD,41800.0,Self-employed,Rent,20.6,6.6,38,666,Fair (620-679)
BOR109164,40,TX,18000.0,Full-time,Mortgage,50.0,0.4,20,613,Poor (<620)
BOR109165,27,NV,82900.0,Full-time,Mortgage,60.9,5.2,6,730,Good (680-739)
BOR109166,56,NH,77500.0,Full-time,Rent,26.0,1.1,36,766,Very Good (740-799)
BOR109167,32,MN,35500.0,Full-time,Mortgage,43.8,5.1,12,556,Poor (<620)
BOR109168,59,MN,47700.0,Part-time,Mortgage,30.6,8.2,40,579,Poor (<620)
BOR109169,38,MI,80700.0,Full-time,Mortgage,19.7,0.2,19,745,Very Good (740-799)
BOR109170,42,TX,74200.0,Full-time,Other,45.0,17.3,21,782,Very Good (740-799)
BOR109171,60,MN,85900.0,Full-time,Rent,29.2,4.0,42,542,Poor (<620)
BOR109172,25,TN,55200.0,Retired,Own,38.1,3.4,6,733,Good (680-739)
BOR109173,28,MS,65900.0,Full-time,Mortgage,51.1,7.0,7,786,Very Good (740-799)
BOR109174,37,FL,87900.0,Full-time,Rent,37.3,1.1,14,624,Fair (620-679)
BOR109175,39,GA,40000.0,Full-time,Rent,34.1,9.3,18,783,Very Good (740-799)
BOR109176,73,NC,56900.0,Full-time,Mortgage,22.4,7.5,53,668,Fair (620-679)
BOR109177,30,MO,18000.0,Part-time,Rent,22.4,0.3,9,700,Good (680-739)
BOR109178,25,MN,22900.0,Full-time,Own,30.6,8.4,9,633,Fair (620-679)
BOR109179,30,UT,58400.0,Unemployed,Own,28.2,1.9,10,745,Very Good (740-799)
BOR109180,44,GA,62500.0,Full-time,Rent,38.8,1.2,24,734,Good (680-739)
BOR109181,47,WA,39200.0,Full-time,Rent,21.1,3.9,29,792,Very Good (740-799)
BOR109182,33,CA,35500.0,Full-time,Own,24.2,4.0,12,774,Very Good (740-799)
BOR109183,41,OH,39700.0,Full-time,Mortgage,30.5,6.8,20,679,Fair (620-679)
BOR109184,64,MI,50800.0,Full-time,Mortgage,33.0,10.5,41,850,Exceptional (800+)
BOR109185,41,TN,18000.0,Self-employed,Other,32.6,4.3,18,768,Very Good (740-799)
BOR109186,45,VA,57500.0,Unemployed,Own,30.0,3.8,26,715,Good (680-739)
BOR109187,64,NC,47300.0,Full-time,Rent,24.2,4.3,47,615,Poor (<620)
BOR109188,33,TN,52100.0,Unemployed,Rent,37.8,1.7,16,581,Poor (<620)
BOR109189,32,NV,44100.0,Full-time,Rent,43.8,4.6,9,586,Poor (<620)
BOR109190,35,OH,25000.0,Self-employed,Rent,35.1,1.7,17,619,Poor (<620)
BOR109191,35,NC,28400.0,Unemployed,Rent,26.2,1.4,18,770,Very Good (740-799)
BOR109192,19,MD,92600.0,Unemployed,Mortgage,12.8,7.5,1,712,Good (680-739)
BOR109193,43,MN,34900.0,Full-time,Own,48.6,1.0,26,640,Fair (620-679)
BOR109194,44,NV,67100.0,Full-time,Other,30.3,0.4,28,671,Fair (620-679)
BOR109195,39,IL,28700.0,Full-time,Mortgage,45.2,10.2,18,663,Fair (620-679)
BOR109196,44,AZ,46300.0,Full-time,Mortgage,48.4,8.6,28,732,Good (680-739)
BOR109197,44,LA,38200.0,Full-time,Own,40.0,4.1,25,623,Fair (620-679)
BOR109198,25,MI,41000.0,Self-employed,Mortgage,41.5,2.3,5,703,Good (680-739)
BOR109199,44,NJ,40000.0,Full-time,Mortgage,40.8,4.1,21,700,Good (680-739)
BOR109200,48,NH,89300.0,Full-time,Mortgage,29.8,2.9,30,625,Fair (620-679)
BOR109201,22,FL,111000.0,Full-time,Mortgage,20.5,1.3,3,783,Very Good (740-799)
BOR109202,59,MD,51900.0,Full-time,Rent,40.0,4.4,39,661,Fair (620-679)
BOR109203,26,NV,38700.0,Full-time,Other,16.7,1.0,5,615,Poor (<620)
BOR109204,27,NY,25600.0,Retired,Rent,28.1,3.6,10,735,Good (680-739)
BOR109205,43,MD,24900.0,Self-employed,Other,25.6,1.6,26,684,Good (680-739)
BOR109206,47,VA,89500.0,Full-time,Own,37.7,1.6,26,707,Good (680-739)
BOR109207,50,NV,24100.0,Full-time,Mortgage,34.3,1.7,31,603,Poor (<620)
BOR109208,48,MS,38200.0,Full-time,Own,25.6,3.4,29,733,Good (680-739)
BOR109209,35,LA,50000.0,Full-time,Rent,27.8,6.6,14,821,Exceptional (800+)
BOR109210,42,TX,18000.0,Full-time,Other,51.6,10.6,23,598,Poor (<620)
BOR109211,37,CO,26600.0,Full-time,Mortgage,24.2,0.2,21,703,Good (680-739)
BOR109212,43,MS,25500.0,Full-time,Rent,30.2,1.2,24,629,Fair (620-679)
BOR109213,42,TN,34600.0,Full-time,Rent,37.8,1.7,22,850,Exceptional (800+)
BOR109214,35,TN,52400.0,Full-time,Own,32.7,0.0,15,761,Very Good (740-799)
BOR109215,37,TX,74100.0,Retired,Mortgage,38.1,0.6,14,698,Good (680-739)
BOR109216,19,LA,34600.0,Self-employed,Own,43.0,7.0,1,600,Poor (<620)
BOR109217,51,TX,37900.0,Full-time,Mortgage,46.4,0.3,33,616,Poor (<620)
BOR109218,45,GA,44200.0,Full-time,Rent,32.5,7.8,23,729,Good (680-739)
BOR109219,19,MS,32500.0,Full-time,Mortgage,36.1,1.8,1,591,Poor (<620)
BOR109220,51,NM,56300.0,Self-employed,Rent,34.1,0.2,34,593,Poor (<620)
BOR109221,40,NH,57100.0,Self-employed,Rent,23.0,1.9,19,681,Good (680-739)
BOR109222,30,VA,18000.0,Full-time,Mortgage,34.0,0.1,8,689,Good (680-739)
BOR109223,29,PA,62200.0,Full-time,Mortgage,15.5,0.2,7,705,Good (680-739)
BOR109224,33,WA,49400.0,Self-employed,Rent,35.7,15.6,13,651,Fair (620-679)
BOR109225,30,FL,52400.0,Full-time,Rent,10.7,5.0,13,740,Very Good (740-799)
BOR109226,31,LA,79300.0,Part-time,Rent,22.1,19.8,12,624,Fair (620-679)
BOR109227,61,AZ,20900.0,Full-time,Mortgage,40.6,6.7,40,721,Good (680-739)
BOR109228,45,NJ,26500.0,Full-time,Rent,36.7,0.6,23,694,Good (680-739)
BOR109229,65,TX,45200.0,Full-time,Own,31.8,5.8,45,719,Good (680-739)
BOR109230,44,NJ,18000.0,Full-time,Rent,27.5,2.6,27,757,Very Good (740-799)
BOR109231,48,LA,42400.0,Full-time,Own,23.4,0.3,28,650,Fair (620-679)
BOR109232,30,MD,68200.0,Full-time,Rent,26.3,1.5,13,637,Fair (620-679)
BOR109233,39,TX,55700.0,Unemployed,Mortgage,38.9,0.9,18,570,Poor (<620)
BOR109234,40,PA,48300.0,Full-time,Own,29.5,0.1,18,549,Poor (<620)
BOR109235,48,MI,42000.0,Full-time,Own,11.2,0.5,26,669,Fair (620-679)
BOR109236,40,FL,38500.0,Full-time,Other,19.7,7.7,20,673,Fair (620-679)
BOR109237,45,MS,37500.0,Retired,Own,23.9,3.1,24,609,Poor (<620)
BOR109238,45,IN,51700.0,Full-time,Mortgage,29.4,0.1,29,623,Fair (620-679)
BOR109239,37,FL,23200.0,Full-time,Mortgage,29.1,0.2,21,779,Very Good (740-799)
BOR109240,36,MN,90100.0,Full-time,Own,21.4,0.2,19,737,Good (680-739)
BOR109241,33,NC,33500.0,Part-time,Rent,38.1,4.1,14,598,Poor (<620)
BOR109242,54,OH,59900.0,Self-employed,Own,12.2,7.0,31,651,Fair (620-679)
BOR109243,37,MA,48300.0,Full-time,Rent,24.5,0.2,16,706,Good (680-739)
BOR109244,45,CA,27700.0,Full-time,Own,39.8,4.4,25,639,Fair (620-679)
BOR109245,39,VA,83400.0,Full-time,Mortgage,37.4,4.3,23,627,Fair (620-679)
BOR109246,54,NV,75900.0,Full-time,Rent,29.3,1.3,37,658,Fair (620-679)
BOR109247,19,MS,23000.0,Self-employed,Own,41.4,7.1,1,751,Very Good (740-799)
BOR109248,45,NC,45100.0,Full-time,Rent,34.6,1.0,29,757,Very Good (740-799)
BOR109249,26,IN,51200.0,Self-employed,Mortgage,32.7,3.0,10,632,Fair (620-679)
BOR109250,46,IL,18400.0,Full-time,Mortgage,38.0,5.0,27,710,Good (680-739)
BOR109251,39,AZ,18000.0,Full-time,Mortgage,36.1,3.8,21,680,Good (680-739)
BOR109252,23,OH,32000.0,Part-time,Mortgage,45.3,5.7,4,614,Poor (<620)
BOR109253,45,MA,25800.0,Part-time,Rent,29.2,0.9,23,661,Fair (620-679)
BOR109254,44,PA,29200.0,Full-time,Own,29.6,2.5,26,598,Poor (<620)
BOR109255,38,NM,25800.0,Unemployed,Mortgage,34.0,7.9,16,756,Very Good (740-799)
BOR109256,40,LA,44100.0,Full-time,Mortgage,32.2,0.5,17,781,Very Good (740-799)
BOR109257,43,NC,31200.0,Self-employed,Mortgage,50.6,13.5,22,653,Fair (620-679)
BOR109258,55,MN,77000.0,Full-time,Mortgage,37.2,5.5,34,638,Fair (620-679)
BOR109259,37,FL,50600.0,Full-time,Own,24.8,6.2,20,749,Very Good (740-799)
BOR109260,53,WI,66700.0,Self-employed,Own,17.1,1.8,37,759,Very Good (740-799)
BOR109261,41,GA,21800.0,Full-time,Rent,47.7,1.3,20,608,Poor (<620)
BOR109262,57,NY,35100.0,Full-time,Rent,28.2,6.7,37,670,Fair (620-679)
BOR109263,38,MO,49600.0,Self-employed,Rent,35.3,1.0,17,676,Fair (620-679)
BOR109264,33,VA,57200.0,Full-time,Rent,31.8,5.0,12,630,Fair (620-679)
BOR109265,28,AZ,34800.0,Part-time,Mortgage,40.1,1.1,12,705,Good (680-739)
BOR109266,41,WA,37200.0,Full-time,Own,26.5,15.3,21,635,Fair (620-679)
BOR109267,31,TX,39100.0,Full-time,Rent,33.2,12.3,11,645,Fair (620-679)
BOR109268,58,TX,40800.0,Full-time,Mortgage,26.5,9.9,37,673,Fair (620-679)
BOR109269,31,TN,123500.0,Full-time,Rent,59.8,2.6,11,583,Poor (<620)
BOR109270,33,TN,53700.0,Full-time,Mortgage,24.5,4.6,14,546,Poor (<620)
BOR109271,48,TX,47500.0,Full-time,Rent,37.6,1.4,27,740,Very Good (740-799)
BOR109272,55,MI,26500.0,Part-time,Rent,60.5,1.8,35,632,Fair (620-679)
BOR109273,50,TN,26700.0,Full-time,Mortgage,43.0,0.8,29,819,Exceptional (800+)
BOR109274,54,IN,42400.0,Full-time,Mortgage,31.8,4.2,36,808,Exceptional (800+)
BOR109275,40,NV,77500.0,Self-employed,Own,33.7,0.6,24,647,Fair (620-679)
BOR109276,40,NJ,42600.0,Full-time,Mortgage,23.9,1.9,21,832,Exceptional (800+)
BOR109277,65,AZ,43500.0,Unemployed,Own,48.8,5.7,48,741,Very Good (740-799)
BOR109278,61,MA,33400.0,Full-time,Mortgage,29.7,1.0,44,638,Fair (620-679)
BOR109279,50,GA,21300.0,Retired,Own,31.3,3.3,28,512,Poor (<620)
BOR109280,54,TX,56800.0,Self-employed,Rent,23.2,8.7,34,725,Good (680-739)
BOR109281,51,CA,41600.0,Full-time,Rent,28.9,2.8,31,682,Good (680-739)
BOR109282,27,NV,57000.0,Full-time,Rent,32.7,1.7,9,708,Good (680-739)
BOR109283,41,PA,50000.0,Full-time,Rent,42.9,0.9,19,665,Fair (620-679)
BOR109284,59,TN,30200.0,Full-time,Rent,34.7,2.8,37,606,Poor (<620)
BOR109285,50,MA,51600.0,Full-time,Rent,42.9,2.3,32,652,Fair (620-679)
BOR109286,40,NJ,26100.0,Full-time,Mortgage,9.2,7.9,21,726,Good (680-739)
BOR109287,59,NV,51400.0,Full-time,Rent,46.0,4.6,36,657,Fair (620-679)
BOR109288,45,MD,45300.0,Self-employed,Rent,18.6,1.2,25,657,Fair (620-679)
BOR109289,50,CA,93300.0,Full-time,Rent,39.7,8.9,31,581,Poor (<620)
BOR109290,45,MN,31600.0,Self-employed,Mortgage,5.0,1.6,24,686,Good (680-739)
BOR109291,47,WA,25700.0,Retired,Rent,32.7,7.7,28,608,Poor (<620)
BOR109292,48,NC,38700.0,Full-time,Rent,41.5,5.5,32,740,Very Good (740-799)
BOR109293,57,MD,61300.0,Full-time,Mortgage,23.6,0.5,39,632,Fair (620-679)
BOR109294,58,MD,18000.0,Full-time,Rent,32.4,0.6,36,661,Fair (620-679)
BOR109295,36,GA,69100.0,Unemployed,Mortgage,41.3,0.5,14,821,Exceptional (800+)
BOR109296,45,NH,42500.0,Self-employed,Rent,39.3,0.6,23,660,Fair (620-679)
BOR109297,56,IN,27900.0,Full-time,Rent,16.4,2.9,35,651,Fair (620-679)
BOR109298,39,TN,39500.0,Retired,Rent,42.0,0.8,21,718,Good (680-739)
BOR109299,25,TX,33400.0,Full-time,Rent,49.1,0.9,3,564,Poor (<620)
BOR109300,30,OH,26900.0,Full-time,Mortgage,44.2,2.4,11,761,Very Good (740-799)
BOR109301,31,NJ,19500.0,Full-time,Rent,19.7,4.6,12,745,Very Good (740-799)
BOR109302,36,TN,64800.0,Self-employed,Rent,21.1,1.6,14,714,Good (680-739)
BOR109303,32,WA,36300.0,Full-time,Own,32.8,0.3,10,500,Poor (<620)
BOR109304,53,CO,39100.0,Part-time,Rent,37.9,7.1,31,663,Fair (620-679)
BOR109305,38,OH,68200.0,Full-time,Own,40.7,0.9,19,597,Poor (<620)
BOR109306,56,MD,47800.0,Full-time,Mortgage,24.1,1.9,35,753,Very Good (740-799)
BOR109307,27,NV,23100.0,Unemployed,Own,31.3,2.2,9,748,Very Good (740-799)
BOR109308,37,CO,63100.0,Full-time,Rent,23.8,2.9,18,705,Good (680-739)
BOR109309,42,MN,90900.0,Full-time,Own,21.9,1.6,19,602,Poor (<620)
BOR109310,51,LA,58500.0,Part-time,Rent,36.1,0.2,28,777,Very Good (740-799)
BOR109311,55,TX,31600.0,Full-time,Mortgage,31.3,1.6,37,663,Fair (620-679)
BOR109312,35,MD,24000.0,Full-time,Mortgage,36.6,0.0,17,797,Very Good (740-799)
BOR109313,53,UT,31100.0,Full-time,Other,26.3,0.0,36,697,Good (680-739)
BOR109314,21,MA,48800.0,Retired,Mortgage,38.7,1.0,2,713,Good (680-739)
BOR109315,51,IL,88600.0,Full-time,Mortgage,20.7,5.1,31,650,Fair (620-679)
BOR109316,25,NH,33100.0,Full-time,Mortgage,27.4,3.2,3,771,Very Good (740-799)
BOR109317,46,PA,34800.0,Part-time,Mortgage,20.9,3.4,24,720,Good (680-739)
BOR109318,55,NC,73800.0,Full-time,Rent,34.8,8.6,34,774,Very Good (740-799)
BOR109319,52,PA,38400.0,Full-time,Own,50.1,1.1,35,692,Good (680-739)
BOR109320,21,VA,100800.0,Full-time,Rent,35.7,4.8,4,677,Fair (620-679)
BOR109321,36,NJ,43600.0,Retired,Mortgage,31.0,3.4,14,719,Good (680-739)
BOR109322,50,WA,78900.0,Full-time,Rent,30.0,0.9,28,774,Very Good (740-799)
BOR109323,49,MS,55400.0,Full-time,Mortgage,26.2,1.4,26,746,Very Good (740-799)
BOR109324,44,VA,64100.0,Full-time,Own,43.1,9.2,26,689,Good (680-739)
BOR109325,19,WA,43100.0,Full-time,Rent,36.1,2.4,1,559,Poor (<620)
BOR109326,55,LA,44300.0,Full-time,Own,15.3,2.3,34,733,Good (680-739)
BOR109327,58,NV,56300.0,Full-time,Mortgage,42.9,1.6,35,586,Poor (<620)
BOR109328,43,OH,66800.0,Full-time,Rent,23.3,10.4,27,682,Good (680-739)
BOR109329,44,CA,59100.0,Full-time,Rent,25.4,2.7,27,672,Fair (620-679)
BOR109330,47,TN,21000.0,Full-time,Mortgage,36.0,10.8,24,588,Poor (<620)
BOR109331,59,NV,52400.0,Full-time,Rent,26.0,1.3,39,704,Good (680-739)
BOR109332,44,AZ,34700.0,Full-time,Rent,54.4,3.8,26,820,Exceptional (800+)
BOR109333,39,IL,36500.0,Self-employed,Rent,29.6,1.8,16,660,Fair (620-679)
BOR109334,46,WI,57300.0,Full-time,Rent,38.3,0.2,28,730,Good (680-739)
BOR109335,41,MO,100100.0,Full-time,Own,16.6,6.1,22,833,Exceptional (800+)
BOR109336,41,AZ,42000.0,Full-time,Rent,25.8,1.6,18,736,Good (680-739)
BOR109337,20,LA,113300.0,Full-time,Own,30.7,4.5,1,638,Fair (620-679)
BOR109338,47,MN,28500.0,Self-employed,Mortgage,42.0,0.9,25,695,Good (680-739)
BOR109339,55,MO,81200.0,Part-time,Mortgage,21.2,0.6,34,711,Good (680-739)
BOR109340,53,IN,56600.0,Full-time,Mortgage,44.0,0.1,31,773,Very Good (740-799)
BOR109341,52,IN,51200.0,Full-time,Mortgage,33.3,0.2,34,759,Very Good (740-799)
BOR109342,40,WA,86900.0,Full-time,Own,35.3,3.6,23,500,Poor (<620)
BOR109343,43,VA,35000.0,Full-time,Rent,24.5,1.7,20,624,Fair (620-679)
BOR109344,55,MD,82900.0,Full-time,Rent,22.3,3.1,33,675,Fair (620-679)
BOR109345,51,TN,42500.0,Full-time,Mortgage,10.2,8.5,33,614,Poor (<620)
BOR109346,59,WA,34900.0,Full-time,Rent,35.0,1.5,42,500,Poor (<620)
BOR109347,33,NY,25700.0,Full-time,Rent,38.3,2.1,17,633,Fair (620-679)
BOR109348,33,MD,95200.0,Full-time,Mortgage,28.4,1.4,13,680,Good (680-739)
BOR109349,37,IN,77900.0,Full-time,Mortgage,16.2,10.6,20,646,Fair (620-679)
BOR109350,30,NC,37600.0,Full-time,Rent,26.4,2.4,10,615,Poor (<620)
BOR109351,25,NC,59600.0,Full-time,Rent,35.7,2.9,3,683,Good (680-739)
BOR109352,47,OH,49400.0,Full-time,Mortgage,33.8,6.2,28,702,Good (680-739)
BOR109353,46,UT,39800.0,Full-time,Own,38.7,1.2,25,650,Fair (620-679)
BOR109354,44,LA,72000.0,Full-time,Other,15.8,6.4,21,769,Very Good (740-799)
BOR109355,45,AZ,35200.0,Retired,Rent,27.9,2.0,24,684,Good (680-739)
BOR109356,23,NJ,18000.0,Full-time,Rent,31.0,3.0,1,623,Fair (620-679)
BOR109357,35,WI,52400.0,Full-time,Rent,38.3,9.8,19,607,Poor (<620)
BOR109358,37,WA,48100.0,Full-time,Mortgage,26.0,0.6,16,666,Fair (620-679)
BOR109359,42,NH,35700.0,Full-time,Rent,37.3,2.0,20,752,Very Good (740-799)
BOR109360,23,TX,31200.0,Part-time,Mortgage,22.5,9.9,2,626,Fair (620-679)
BOR109361,30,CA,23100.0,Full-time,Rent,34.2,5.2,10,719,Good (680-739)
BOR109362,36,AZ,39600.0,Full-time,Mortgage,29.1,1.2,16,686,Good (680-739)
BOR109363,54,PA,31400.0,Full-time,Rent,28.5,0.5,37,810,Exceptional (800+)
BOR109364,44,TN,72000.0,Full-time,Rent,56.1,2.3,24,705,Good (680-739)
BOR109365,53,MN,58800.0,Full-time,Mortgage,28.7,12.4,34,635,Fair (620-679)
BOR109366,40,NY,37500.0,Unemployed,Rent,27.8,7.5,18,728,Good (680-739)
BOR109367,41,NJ,59000.0,Full-time,Rent,17.8,1.2,23,730,Good (680-739)
BOR109368,47,MD,44400.0,Self-employed,Rent,41.9,2.0,28,654,Fair (620-679)
BOR109369,39,NV,41300.0,Full-time,Mortgage,26.6,3.8,18,604,Poor (<620)
BOR109370,34,WA,45500.0,Full-time,Mortgage,31.7,12.6,17,715,Good (680-739)
BOR109371,23,IL,103500.0,Full-time,Own,23.6,1.0,4,684,Good (680-739)
BOR109372,34,MA,62300.0,Retired,Own,36.2,8.4,14,581,Poor (<620)
BOR109373,51,NJ,40800.0,Full-time,Rent,41.3,1.7,30,697,Good (680-739)
BOR109374,56,MN,69700.0,Full-time,Rent,45.1,0.6,33,639,Fair (620-679)
BOR109375,32,AZ,68600.0,Full-time,Rent,30.8,2.7,9,581,Poor (<620)
BOR109376,20,OH,52400.0,Full-time,Rent,26.1,3.2,4,657,Fair (620-679)
BOR109377,52,CO,40200.0,Full-time,Own,25.4,3.2,33,763,Very Good (740-799)
BOR109378,42,WA,39000.0,Full-time,Mortgage,32.2,1.6,19,759,Very Good (740-799)
BOR109379,25,PA,28700.0,Part-time,Rent,34.5,1.4,2,742,Very Good (740-799)
BOR109380,19,AZ,50600.0,Full-time,Mortgage,37.4,1.0,1,698,Good (680-739)
BOR109381,29,NM,35400.0,Full-time,Rent,23.5,1.8,11,719,Good (680-739)
BOR109382,35,MD,38300.0,Full-time,Mortgage,33.3,4.1,14,686,Good (680-739)
BOR109383,27,GA,61700.0,Full-time,Own,21.8,0.5,9,608,Poor (<620)
BOR109384,49,MD,99600.0,Full-time,Mortgage,30.7,0.8,28,621,Fair (620-679)
BOR109385,31,GA,55200.0,Full-time,Own,46.0,2.7,14,641,Fair (620-679)
BOR109386,41,AZ,44500.0,Self-employed,Rent,29.7,7.1,24,771,Very Good (740-799)
BOR109387,69,WA,46200.0,Full-time,Other,23.2,5.7,48,750,Very Good (740-799)
BOR109388,42,OH,77800.0,Self-employed,Mortgage,35.5,5.0,22,610,Poor (<620)
BOR109389,40,NC,55500.0,Self-employed,Rent,40.9,4.8,19,683,Good (680-739)
BOR109390,40,NM,50900.0,Full-time,Own,24.3,7.0,23,654,Fair (620-679)
BOR109391,49,OH,52500.0,Full-time,Rent,18.4,11.6,32,670,Fair (620-679)
BOR109392,48,MN,24500.0,Part-time,Rent,23.9,2.5,29,645,Fair (620-679)
BOR109393,29,MO,55600.0,Retired,Mortgage,27.6,2.0,6,771,Very Good (740-799)
BOR109394,36,AZ,31400.0,Full-time,Own,47.2,2.1,19,679,Fair (620-679)
BOR109395,33,NY,55700.0,Retired,Mortgage,18.0,9.0,14,694,Good (680-739)
BOR109396,38,PA,33500.0,Full-time,Own,15.1,3.4,17,695,Good (680-739)
BOR109397,63,PA,60800.0,Full-time,Rent,34.7,4.6,42,613,Poor (<620)
BOR109398,48,MA,43500.0,Self-employed,Own,24.9,6.8,28,687,Good (680-739)
BOR109399,40,NH,27800.0,Full-time,Own,22.1,0.0,18,749,Very Good (740-799)
BOR109400,56,LA,40900.0,Part-time,Rent,38.5,14.5,34,776,Very Good (740-799)
BOR109401,43,CA,125800.0,Full-time,Mortgage,32.9,0.6,23,605,Poor (<620)
BOR109402,21,OH,18000.0,Full-time,Mortgage,42.1,13.8,2,581,Poor (<620)
BOR109403,61,PA,50300.0,Retired,Mortgage,39.3,0.3,38,684,Good (680-739)
BOR109404,39,NH,29600.0,Full-time,Rent,19.9,7.2,19,752,Very Good (740-799)
BOR109405,19,IL,86600.0,Part-time,Rent,15.2,1.2,1,703,Good (680-739)
BOR109406,22,PA,67300.0,Retired,Rent,43.2,0.4,1,724,Good (680-739)
BOR109407,55,TN,50700.0,Self-employed,Mortgage,30.8,2.7,37,592,Poor (<620)
BOR109408,22,AZ,70500.0,Retired,Mortgage,62.1,1.8,2,643,Fair (620-679)
BOR109409,57,IL,52100.0,Retired,Rent,41.7,0.7,38,537,Poor (<620)
BOR109410,42,MO,46800.0,Full-time,Rent,45.7,2.7,21,671,Fair (620-679)
BOR109411,50,FL,35600.0,Full-time,Mortgage,22.6,4.4,29,539,Poor (<620)
BOR109412,38,CA,39600.0,Full-time,Rent,31.2,6.0,18,767,Very Good (740-799)
BOR109413,47,TX,37800.0,Part-time,Mortgage,40.1,1.2,24,781,Very Good (740-799)
BOR109414,45,NC,46800.0,Part-time,Own,31.2,4.6,23,689,Good (680-739)
BOR109415,41,NH,19900.0,Full-time,Mortgage,32.6,6.9,18,582,Poor (<620)
BOR109416,28,AZ,74100.0,Self-employed,Rent,34.4,1.0,10,704,Good (680-739)
BOR109417,45,CO,112000.0,Full-time,Rent,24.8,4.1,28,801,Exceptional (800+)
BOR109418,19,NC,38400.0,Full-time,Own,23.2,0.4,1,711,Good (680-739)
BOR109419,52,MD,79100.0,Full-time,Mortgage,30.2,2.9,32,757,Very Good (740-799)
BOR109420,43,UT,43900.0,Full-time,Own,27.9,0.3,24,648,Fair (620-679)
BOR109421,47,NC,35600.0,Part-time,Mortgage,23.2,3.5,24,623,Fair (620-679)
BOR109422,19,NH,39300.0,Full-time,Mortgage,30.7,5.8,1,675,Fair (620-679)
BOR109423,27,IN,48500.0,Self-employed,Own,18.9,0.5,9,555,Poor (<620)
BOR109424,35,CO,33700.0,Self-employed,Rent,39.6,7.5,12,827,Exceptional (800+)
BOR109425,49,OH,61300.0,Self-employed,Rent,37.9,0.5,29,689,Good (680-739)
BOR109426,30,IN,36900.0,Part-time,Rent,38.8,12.8,14,736,Good (680-739)
BOR109427,72,WA,28800.0,Retired,Rent,23.6,2.4,51,650,Fair (620-679)
BOR109428,38,UT,46200.0,Full-time,Rent,22.3,2.0,17,580,Poor (<620)
BOR109429,29,MS,34100.0,Full-time,Rent,45.2,1.3,10,773,Very Good (740-799)
BOR109430,39,MI,40200.0,Full-time,Rent,30.0,3.5,19,607,Poor (<620)
BOR109431,30,NM,45500.0,Full-time,Own,37.7,4.2,13,703,Good (680-739)
BOR109432,27,LA,25500.0,Self-employed,Own,20.5,0.6,8,709,Good (680-739)
BOR109433,53,MA,89900.0,Part-time,Rent,29.1,4.7,36,685,Good (680-739)
BOR109434,47,TX,67200.0,Full-time,Rent,43.9,1.0,31,629,Fair (620-679)
BOR109435,47,PA,35100.0,Part-time,Own,33.3,3.5,27,670,Fair (620-679)
BOR109436,56,TX,46200.0,Full-time,Rent,29.5,0.6,40,618,Poor (<620)
BOR109437,47,FL,62100.0,Retired,Rent,37.7,0.2,24,733,Good (680-739)
BOR109438,28,NH,51200.0,Full-time,Own,35.2,4.6,11,717,Good (680-739)
BOR109439,50,IL,108700.0,Full-time,Mortgage,52.8,3.1,34,679,Fair (620-679)
BOR109440,27,MD,41900.0,Full-time,Other,32.4,1.3,6,643,Fair (620-679)
BOR109441,35,TN,79600.0,Retired,Mortgage,38.5,0.9,16,817,Exceptional (800+)
BOR109442,40,TN,25600.0,Full-time,Own,30.7,3.9,17,595,Poor (<620)
BOR109443,39,IL,27400.0,Full-time,Rent,22.1,6.8,23,580,Poor (<620)
BOR109444,20,MA,99500.0,Full-time,Other,36.2,3.4,4,675,Fair (620-679)
BOR109445,29,TN,38400.0,Full-time,Mortgage,17.3,6.6,7,663,Fair (620-679)
BOR109446,41,MA,27600.0,Full-time,Mortgage,41.9,8.8,22,751,Very Good (740-799)
BOR109447,34,PA,45600.0,Full-time,Mortgage,18.8,5.9,12,722,Good (680-739)
BOR109448,55,MD,82400.0,Full-time,Rent,23.1,0.2,35,682,Good (680-739)
BOR109449,57,TX,33100.0,Full-time,Rent,22.3,10.9,36,713,Good (680-739)
BOR109450,28,MA,45800.0,Full-time,Other,38.2,3.6,9,711,Good (680-739)
BOR109451,42,NJ,20200.0,Full-time,Rent,20.8,2.0,21,817,Exceptional (800+)
BOR109452,60,OH,37800.0,Full-time,Mortgage,37.1,1.6,38,696,Good (680-739)
BOR109453,39,NV,73000.0,Self-employed,Rent,25.3,4.1,17,636,Fair (620-679)
BOR109454,36,PA,32800.0,Full-time,Rent,30.8,3.7,20,693,Good (680-739)
BOR109455,51,MS,26300.0,Full-time,Mortgage,26.6,0.9,30,510,Poor (<620)
BOR109456,38,LA,32900.0,Full-time,Rent,55.3,4.6,17,678,Fair (620-679)
BOR109457,56,NC,35400.0,Retired,Mortgage,15.4,0.2,36,751,Very Good (740-799)
BOR109458,34,GA,65800.0,Retired,Rent,36.9,2.8,13,719,Good (680-739)
BOR109459,35,NY,55300.0,Full-time,Rent,31.9,0.1,14,699,Good (680-739)
BOR109460,50,MS,60300.0,Full-time,Own,24.2,0.7,27,722,Good (680-739)
BOR109461,42,TN,47200.0,Full-time,Rent,35.9,0.3,26,752,Very Good (740-799)
BOR109462,42,CA,35300.0,Full-time,Own,22.4,1.0,22,773,Very Good (740-799)
BOR109463,19,WA,32900.0,Full-time,Mortgage,21.3,0.7,1,709,Good (680-739)
BOR109464,37,TX,56600.0,Full-time,Mortgage,20.5,1.8,15,659,Fair (620-679)
BOR109465,51,MA,95300.0,Full-time,Other,32.8,4.4,30,530,Poor (<620)
BOR109466,32,WA,30500.0,Full-time,Mortgage,26.0,3.0,12,744,Very Good (740-799)
BOR109467,49,TX,29500.0,Full-time,Rent,23.3,1.1,27,713,Good (680-739)
BOR109468,44,NV,28000.0,Full-time,Mortgage,35.4,0.6,25,690,Good (680-739)
BOR109469,39,OH,67800.0,Full-time,Mortgage,42.8,17.4,22,635,Fair (620-679)
BOR109470,57,AZ,45800.0,Self-employed,Mortgage,17.8,2.8,38,743,Very Good (740-799)
BOR109471,37,IN,59900.0,Full-time,Own,35.3,1.3,19,663,Fair (620-679)
BOR109472,38,UT,37100.0,Full-time,Rent,37.2,7.3,16,678,Fair (620-679)
BOR109473,38,WA,61600.0,Retired,Mortgage,44.7,0.7,19,676,Fair (620-679)
BOR109474,42,MS,41000.0,Full-time,Rent,29.1,0.8,21,709,Good (680-739)
BOR109475,50,NC,23300.0,Full-time,Rent,47.4,2.1,27,605,Poor (<620)
BOR109476,23,LA,70600.0,Full-time,Mortgage,37.8,0.1,7,717,Good (680-739)
BOR109477,51,IL,45900.0,Full-time,Mortgage,13.2,3.4,33,633,Fair (620-679)
BOR109478,42,MD,40600.0,Full-time,Mortgage,35.0,1.6,25,635,Fair (620-679)
BOR109479,48,FL,52900.0,Part-time,Rent,31.8,3.4,31,738,Good (680-739)
BOR109480,70,NH,24300.0,Full-time,Rent,41.8,3.8,49,615,Poor (<620)
BOR109481,35,UT,56600.0,Self-employed,Rent,43.8,1.9,13,737,Good (680-739)
BOR109482,26,NJ,35700.0,Full-time,Own,22.3,1.5,4,687,Good (680-739)
BOR109483,43,WA,43500.0,Full-time,Rent,41.1,3.3,24,573,Poor (<620)
BOR109484,45,TN,77900.0,Full-time,Rent,30.7,1.1,27,769,Very Good (740-799)
BOR109485,51,OH,62300.0,Full-time,Mortgage,24.9,5.0,29,700,Good (680-739)
BOR109486,35,MO,43100.0,Part-time,Mortgage,46.5,4.9,13,706,Good (680-739)
BOR109487,31,MD,44600.0,Part-time,Mortgage,27.2,9.0,15,745,Very Good (740-799)
BOR109488,23,WA,18000.0,Full-time,Rent,32.3,2.8,6,777,Very Good (740-799)
BOR109489,25,NY,32200.0,Retired,Rent,31.3,4.8,2,693,Good (680-739)
BOR109490,36,MS,50300.0,Full-time,Rent,37.1,1.0,15,720,Good (680-739)
BOR109491,40,FL,33100.0,Unemployed,Rent,45.2,8.9,17,704,Good (680-739)
BOR109492,66,TN,25700.0,Full-time,Rent,48.1,1.2,44,658,Fair (620-679)
BOR109493,21,FL,57900.0,Full-time,Own,41.0,1.8,3,577,Poor (<620)
BOR109494,45,NY,83900.0,Full-time,Own,15.1,0.7,24,694,Good (680-739)
BOR109495,32,CA,33700.0,Full-time,Mortgage,46.6,0.6,16,770,Very Good (740-799)
BOR109496,44,NC,69100.0,Self-employed,Rent,38.0,0.3,25,718,Good (680-739)
BOR109497,34,IN,64600.0,Full-time,Own,43.0,0.3,15,611,Poor (<620)
BOR109498,53,WA,30000.0,Full-time,Rent,29.0,1.1,37,751,Very Good (740-799)
BOR109499,53,MO,33600.0,Self-employed,Own,31.9,26.7,36,660,Fair (620-679)
BOR109500,40,MO,105000.0,Full-time,Rent,41.5,3.5,21,544,Poor (<620)
BOR109501,58,NY,28200.0,Full-time,Rent,52.1,10.2,36,746,Very Good (740-799)
BOR109502,50,TX,35500.0,Part-time,Own,33.9,3.6,29,619,Poor (<620)
BOR109503,58,TN,112900.0,Full-time,Rent,19.5,0.8,42,796,Very Good (740-799)
BOR109504,40,IN,36100.0,Full-time,Rent,38.0,8.5,24,755,Very Good (740-799)
BOR109505,52,AZ,85700.0,Full-time,Own,30.1,3.8,36,665,Fair (620-679)
BOR109506,32,OH,29400.0,Full-time,Mortgage,21.4,11.1,13,710,Good (680-739)
BOR109507,31,NV,49600.0,Full-time,Rent,30.7,5.7,10,838,Exceptional (800+)
BOR109508,67,TX,76000.0,Full-time,Other,36.8,3.3,49,745,Very Good (740-799)
BOR109509,28,TN,37800.0,Full-time,Mortgage,42.5,12.8,6,695,Good (680-739)
BOR109510,36,FL,48800.0,Full-time,Own,27.2,3.6,15,850,Exceptional (800+)
BOR109511,19,IN,65200.0,Full-time,Mortgage,27.6,1.9,3,688,Good (680-739)
BOR109512,31,NJ,31100.0,Retired,Mortgage,31.0,3.0,14,718,Good (680-739)
BOR109513,29,MD,127800.0,Part-time,Rent,49.6,6.1,11,619,Poor (<620)
BOR109514,33,TX,74400.0,Full-time,Rent,45.4,2.7,11,571,Poor (<620)
BOR109515,45,AZ,39700.0,Full-time,Rent,37.6,7.0,25,661,Fair (620-679)
BOR109516,47,NY,42000.0,Self-employed,Rent,37.3,10.4,26,682,Good (680-739)
BOR109517,29,MO,110200.0,Full-time,Own,28.9,0.9,11,701,Good (680-739)
BOR109518,32,FL,39700.0,Full-time,Mortgage,39.7,0.1,15,588,Poor (<620)
BOR109519,54,TX,37700.0,Full-time,Mortgage,22.1,0.4,33,723,Good (680-739)
BOR109520,61,MD,78100.0,Full-time,Rent,36.8,1.7,45,626,Fair (620-679)
BOR109521,56,TX,24800.0,Retired,Rent,11.7,13.1,36,720,Good (680-739)
BOR109522,21,IL,45000.0,Self-employed,Rent,15.6,8.6,1,741,Very Good (740-799)
BOR109523,55,NV,48400.0,Full-time,Mortgage,12.7,6.0,35,654,Fair (620-679)
BOR109524,63,NV,34000.0,Full-time,Rent,50.8,1.0,44,617,Poor (<620)
BOR109525,21,NV,23100.0,Self-employed,Rent,30.4,4.1,1,780,Very Good (740-799)
BOR109526,54,NC,48100.0,Full-time,Own,18.5,0.1,34,737,Good (680-739)
BOR109527,44,WA,63600.0,Self-employed,Rent,56.4,0.9,28,690,Good (680-739)
BOR109528,37,MN,34400.0,Full-time,Mortgage,24.2,3.2,16,775,Very Good (740-799)
BOR109529,42,NY,27400.0,Full-time,Rent,37.3,0.8,26,685,Good (680-739)
BOR109530,46,MD,82100.0,Unemployed,Rent,24.2,4.1,23,640,Fair (620-679)
BOR109531,55,FL,59100.0,Part-time,Rent,39.9,5.5,38,615,Poor (<620)
BOR109532,54,MS,39600.0,Full-time,Rent,31.9,6.0,33,673,Fair (620-679)
BOR109533,23,TN,70600.0,Full-time,Other,24.5,4.0,1,730,Good (680-739)
BOR109534,33,WA,52000.0,Full-time,Rent,18.6,0.3,11,770,Very Good (740-799)
BOR109535,42,VA,104300.0,Part-time,Own,24.9,0.3,24,682,Good (680-739)
BOR109536,60,PA,62900.0,Full-time,Other,21.9,0.5,43,759,Very Good (740-799)
BOR109537,19,NC,24900.0,Full-time,Mortgage,14.4,3.4,1,666,Fair (620-679)
BOR109538,34,MD,34700.0,Self-employed,Mortgage,39.3,12.0,14,629,Fair (620-679)
BOR109539,23,AZ,35400.0,Self-employed,Rent,43.2,2.7,5,595,Poor (<620)
BOR109540,25,AZ,53600.0,Full-time,Own,25.2,8.3,3,647,Fair (620-679)
BOR109541,53,PA,40700.0,Unemployed,Mortgage,11.2,0.0,32,598,Poor (<620)
BOR109542,35,MD,28100.0,Full-time,Rent,35.6,2.5,19,811,Exceptional (800+)
BOR109543,19,MI,60800.0,Self-employed,Own,33.6,4.9,1,709,Good (680-739)
BOR109544,39,PA,73100.0,Full-time,Rent,22.0,2.2,21,674,Fair (620-679)
BOR109545,65,NM,44500.0,Retired,Mortgage,31.4,9.6,45,792,Very Good (740-799)
BOR109546,19,WA,51200.0,Self-employed,Mortgage,5.0,2.2,1,595,Poor (<620)
BOR109547,47,WA,30200.0,Self-employed,Rent,32.1,0.1,31,671,Fair (620-679)
BOR109548,60,NH,36900.0,Full-time,Other,30.5,1.1,44,810,Exceptional (800+)
BOR109549,40,NC,37500.0,Self-employed,Rent,45.3,1.5,18,671,Fair (620-679)
BOR109550,64,NM,60000.0,Full-time,Mortgage,34.5,3.9,44,839,Exceptional (800+)
BOR109551,33,MD,52300.0,Full-time,Own,32.9,5.2,10,731,Good (680-739)
BOR109552,58,TN,40200.0,Self-employed,Mortgage,51.6,2.5,36,765,Very Good (740-799)
BOR109553,56,IL,39500.0,Part-time,Rent,24.1,5.2,38,767,Very Good (740-799)
BOR109554,41,TX,19200.0,Full-time,Rent,17.0,13.8,23,680,Good (680-739)
BOR109555,23,NJ,96100.0,Full-time,Mortgage,41.1,1.8,7,648,Fair (620-679)
BOR109556,29,CA,18200.0,Full-time,Own,42.5,0.8,8,672,Fair (620-679)
BOR109557,19,TX,56400.0,Full-time,Rent,42.7,0.1,1,616,Poor (<620)
BOR109558,48,TN,47400.0,Full-time,Rent,29.7,11.4,32,676,Fair (620-679)
BOR109559,47,MD,41400.0,Retired,Rent,24.9,15.7,30,680,Good (680-739)
BOR109560,42,PA,46500.0,Full-time,Rent,19.6,3.9,19,790,Very Good (740-799)
BOR109561,40,MD,34600.0,Full-time,Rent,23.1,0.5,17,719,Good (680-739)
BOR109562,57,NM,62600.0,Full-time,Own,17.0,3.2,35,834,Exceptional (800+)
BOR109563,45,WI,25800.0,Full-time,Rent,27.6,0.6,22,540,Poor (<620)
BOR109564,34,MN,54000.0,Full-time,Own,48.6,2.0,14,601,Poor (<620)
BOR109565,43,MD,34400.0,Self-employed,Own,26.6,1.0,25,657,Fair (620-679)
BOR109566,66,IL,38500.0,Full-time,Own,33.3,1.3,45,777,Very Good (740-799)
BOR109567,48,NC,39000.0,Full-time,Rent,37.5,0.1,26,673,Fair (620-679)
BOR109568,36,NM,43300.0,Full-time,Other,28.4,4.4,19,585,Poor (<620)
BOR109569,40,IN,58500.0,Part-time,Own,28.3,0.4,18,664,Fair (620-679)
BOR109570,47,MN,45900.0,Full-time,Mortgage,44.9,8.8,26,602,Poor (<620)
BOR109571,36,UT,71000.0,Full-time,Rent,33.9,2.7,14,589,Poor (<620)
BOR109572,35,IL,74600.0,Self-employed,Rent,43.3,23.9,14,810,Exceptional (800+)
BOR109573,41,NC,53600.0,Full-time,Mortgage,55.9,13.1,25,657,Fair (620-679)
BOR109574,59,IN,63400.0,Full-time,Rent,23.3,1.0,36,691,Good (680-739)
BOR109575,50,CA,116000.0,Self-employed,Own,30.4,7.0,28,674,Fair (620-679)
BOR109576,36,MA,24700.0,Full-time,Rent,30.3,0.8,20,664,Fair (620-679)
BOR109577,51,NV,75700.0,Self-employed,Rent,27.0,8.5,32,625,Fair (620-679)
BOR109578,41,TN,93400.0,Full-time,Rent,27.7,9.5,21,660,Fair (620-679)
BOR109579,45,GA,56700.0,Full-time,Own,46.0,2.9,23,702,Good (680-739)
BOR109580,44,MD,109800.0,Full-time,Mortgage,33.0,2.1,23,772,Very Good (740-799)
BOR109581,19,NY,103600.0,Full-time,Own,56.9,1.5,1,742,Very Good (740-799)
BOR109582,19,LA,40100.0,Full-time,Own,27.9,1.5,1,601,Poor (<620)
BOR109583,44,FL,41500.0,Full-time,Rent,47.1,0.2,21,744,Very Good (740-799)
BOR109584,31,LA,59200.0,Full-time,Mortgage,49.6,12.5,12,711,Good (680-739)
BOR109585,21,WA,35200.0,Full-time,Mortgage,31.2,0.9,4,639,Fair (620-679)
BOR109586,31,NJ,158000.0,Full-time,Rent,36.5,3.7,12,692,Good (680-739)
BOR109587,52,WA,66500.0,Full-time,Mortgage,40.8,1.2,35,717,Good (680-739)
BOR109588,45,PA,47600.0,Full-time,Mortgage,26.4,6.3,25,683,Good (680-739)
BOR109589,50,NJ,24700.0,Self-employed,Own,48.6,0.7,34,711,Good (680-739)
BOR109590,46,NV,52200.0,Unemployed,Rent,23.9,0.4,30,624,Fair (620-679)
BOR109591,30,MN,27300.0,Full-time,Other,26.8,3.6,12,810,Exceptional (800+)
BOR109592,50,PA,65600.0,Full-time,Mortgage,26.9,0.9,33,555,Poor (<620)
BOR109593,48,MO,18000.0,Full-time,Mortgage,34.3,1.8,29,718,Good (680-739)
BOR109594,40,LA,86900.0,Full-time,Rent,35.3,3.5,18,704,Good (680-739)
BOR109595,42,NV,38500.0,Full-time,Rent,25.6,1.9,20,722,Good (680-739)
BOR109596,51,NJ,21800.0,Self-employed,Own,30.9,0.5,33,634,Fair (620-679)
BOR109597,32,TX,46300.0,Retired,Mortgage,20.9,0.6,16,756,Very Good (740-799)
BOR109598,54,MS,47000.0,Full-time,Mortgage,43.6,0.8,38,673,Fair (620-679)
BOR109599,48,MI,45300.0,Full-time,Mortgage,38.9,0.7,31,603,Poor (<620)
BOR109600,41,NC,86800.0,Full-time,Mortgage,28.5,0.6,19,609,Poor (<620)
BOR109601,59,CO,55300.0,Full-time,Mortgage,30.1,1.6,39,688,Good (680-739)
BOR109602,25,OH,66700.0,Part-time,Mortgage,25.4,1.0,9,576,Poor (<620)
BOR109603,35,NV,41700.0,Full-time,Mortgage,22.7,1.9,13,797,Very Good (740-799)
BOR109604,33,TX,56500.0,Full-time,Own,21.2,3.9,14,748,Very Good (740-799)
BOR109605,45,WI,25900.0,Full-time,Own,22.7,4.6,24,799,Very Good (740-799)
BOR109606,55,UT,52400.0,Full-time,Mortgage,41.6,2.1,34,792,Very Good (740-799)
BOR109607,29,NH,33200.0,Full-time,Rent,42.4,0.6,7,657,Fair (620-679)
BOR109608,78,MS,84400.0,Full-time,Mortgage,18.3,1.6,55,623,Fair (620-679)
BOR109609,33,LA,48200.0,Full-time,Rent,39.0,1.4,11,506,Poor (<620)
BOR109610,45,OH,62800.0,Full-time,Rent,19.8,0.2,26,654,Fair (620-679)
BOR109611,41,UT,52500.0,Self-employed,Rent,39.6,7.0,24,795,Very Good (740-799)
BOR109612,42,MS,105100.0,Full-time,Rent,32.8,0.6,21,626,Fair (620-679)
BOR109613,31,AZ,23100.0,Full-time,Mortgage,26.8,5.9,13,666,Fair (620-679)
BOR109614,54,NJ,44300.0,Full-time,Rent,36.5,0.8,38,644,Fair (620-679)
BOR109615,31,FL,30300.0,Self-employed,Rent,45.5,1.3,8,704,Good (680-739)
BOR109616,20,MA,18500.0,Full-time,Mortgage,13.3,8.0,1,764,Very Good (740-799)
BOR109617,28,MD,29400.0,Self-employed,Mortgage,43.4,6.5,7,580,Poor (<620)
BOR109618,58,NJ,79000.0,Retired,Own,24.0,1.2,42,592,Poor (<620)
BOR109619,56,NJ,46000.0,Full-time,Rent,46.2,0.5,33,777,Very Good (740-799)
BOR109620,19,MA,42200.0,Retired,Rent,40.7,1.9,1,728,Good (680-739)
BOR109621,51,CA,66000.0,Full-time,Mortgage,20.8,3.0,28,663,Fair (620-679)
BOR109622,19,UT,49100.0,Part-time,Rent,26.2,5.8,1,791,Very Good (740-799)
BOR109623,41,GA,61500.0,Full-time,Rent,36.8,7.0,25,591,Poor (<620)
BOR109624,27,NY,53900.0,Full-time,Rent,41.5,0.9,8,741,Very Good (740-799)
BOR109625,52,CA,59500.0,Full-time,Mortgage,36.8,1.1,32,676,Fair (620-679)
BOR109626,48,LA,38100.0,Full-time,Mortgage,35.9,0.1,26,719,Good (680-739)
BOR109627,53,LA,74700.0,Full-time,Rent,25.6,2.9,31,525,Poor (<620)
BOR109628,37,FL,27000.0,Full-time,Rent,32.3,1.9,20,663,Fair (620-679)
BOR109629,39,NY,44900.0,Full-time,Rent,31.3,8.7,18,728,Good (680-739)
BOR109630,23,NJ,76400.0,Full-time,Rent,17.0,6.3,1,676,Fair (620-679)
BOR109631,29,PA,43500.0,Part-time,Mortgage,35.4,4.2,13,762,Very Good (740-799)
BOR109632,52,WI,38400.0,Full-time,Rent,28.3,1.2,35,759,Very Good (740-799)
BOR109633,45,TX,130600.0,Full-time,Mortgage,45.8,8.1,24,618,Poor (<620)
BOR109634,42,AZ,88300.0,Unemployed,Other,43.7,0.4,22,734,Good (680-739)
BOR109635,56,MI,49700.0,Full-time,Mortgage,33.8,5.8,37,615,Poor (<620)
BOR109636,25,VA,30100.0,Full-time,Mortgage,43.0,3.4,3,684,Good (680-739)
BOR109637,50,NJ,18700.0,Full-time,Mortgage,38.2,4.8,30,723,Good (680-739)
BOR109638,27,PA,64100.0,Full-time,Other,31.8,3.7,11,626,Fair (620-679)
BOR109639,59,IL,82400.0,Part-time,Other,17.8,8.3,37,731,Good (680-739)
BOR109640,48,TX,55700.0,Full-time,Rent,30.4,3.4,29,647,Fair (620-679)
BOR109641,53,FL,21600.0,Full-time,Mortgage,28.7,1.9,36,642,Fair (620-679)
BOR109642,33,NH,50100.0,Full-time,Rent,30.9,2.1,14,726,Good (680-739)
BOR109643,67,GA,37500.0,Full-time,Rent,29.7,0.2,49,626,Fair (620-679)
BOR109644,65,GA,50100.0,Full-time,Own,43.0,2.7,46,622,Fair (620-679)
BOR109645,46,NY,111800.0,Full-time,Own,44.1,0.4,30,748,Very Good (740-799)
BOR109646,55,CO,66500.0,Full-time,Mortgage,27.1,1.8,38,687,Good (680-739)
BOR109647,37,MS,60400.0,Full-time,Mortgage,18.8,5.5,17,585,Poor (<620)
BOR109648,26,MN,45700.0,Full-time,Mortgage,22.3,7.2,8,736,Good (680-739)
BOR109649,51,TN,56200.0,Full-time,Mortgage,44.4,0.5,35,654,Fair (620-679)
BOR109650,30,NV,33700.0,Full-time,Rent,41.6,1.9,12,589,Poor (<620)
BOR109651,57,NJ,59900.0,Full-time,Rent,20.6,11.8,39,517,Poor (<620)
BOR109652,54,LA,42700.0,Full-time,Rent,17.3,7.9,32,739,Good (680-739)
BOR109653,44,MN,32200.0,Self-employed,Mortgage,26.1,1.8,22,624,Fair (620-679)
BOR109654,43,CA,67300.0,Full-time,Mortgage,50.0,2.9,22,599,Poor (<620)
BOR109655,53,WA,18000.0,Full-time,Own,36.2,2.1,37,722,Good (680-739)
BOR109656,44,OH,36500.0,Full-time,Rent,29.6,2.5,26,732,Good (680-739)
BOR109657,36,TX,61500.0,Part-time,Own,30.7,0.6,18,629,Fair (620-679)
BOR109658,23,NV,80900.0,Self-employed,Rent,13.2,9.9,3,739,Good (680-739)
BOR109659,53,CA,57700.0,Part-time,Mortgage,29.1,8.6,31,814,Exceptional (800+)
BOR109660,45,MD,34500.0,Full-time,Rent,44.4,0.6,24,768,Very Good (740-799)
BOR109661,74,NH,45600.0,Full-time,Mortgage,28.1,2.1,52,757,Very Good (740-799)
BOR109662,40,VA,53200.0,Self-employed,Own,29.6,1.1,17,700,Good (680-739)
BOR109663,45,MI,94100.0,Self-employed,Rent,35.3,2.9,24,651,Fair (620-679)
BOR109664,45,TN,70600.0,Retired,Mortgage,20.8,6.1,27,676,Fair (620-679)
BOR109665,49,NV,70800.0,Self-employed,Mortgage,35.3,29.3,29,709,Good (680-739)
BOR109666,29,OH,48000.0,Full-time,Rent,23.7,0.7,10,598,Poor (<620)
BOR109667,40,OH,28800.0,Full-time,Mortgage,27.0,0.8,19,630,Fair (620-679)
BOR109668,51,TN,24800.0,Full-time,Rent,28.2,3.9,30,587,Poor (<620)
BOR109669,37,NM,40700.0,Full-time,Rent,28.2,7.1,16,695,Good (680-739)
BOR109670,50,GA,63900.0,Full-time,Other,33.0,5.9,32,685,Good (680-739)
BOR109671,42,MI,37200.0,Full-time,Rent,31.3,0.3,22,638,Fair (620-679)
BOR109672,46,NH,60300.0,Unemployed,Own,30.2,0.9,29,733,Good (680-739)
BOR109673,55,PA,32600.0,Full-time,Rent,33.2,4.9,36,612,Poor (<620)
BOR109674,38,TX,35000.0,Full-time,Rent,22.9,4.4,15,635,Fair (620-679)
BOR109675,24,MA,87900.0,Full-time,Own,10.4,4.3,8,731,Good (680-739)
BOR109676,38,CA,65800.0,Full-time,Rent,31.9,2.6,16,740,Very Good (740-799)
BOR109677,31,PA,40600.0,Self-employed,Mortgage,25.1,1.5,9,628,Fair (620-679)
BOR109678,19,TN,32100.0,Part-time,Rent,36.5,10.0,1,695,Good (680-739)
BOR109679,40,IN,71500.0,Full-time,Mortgage,26.5,1.0,21,629,Fair (620-679)
BOR109680,43,WA,69200.0,Self-employed,Own,13.0,5.1,20,667,Fair (620-679)
BOR109681,53,MI,62200.0,Full-time,Mortgage,30.8,1.5,31,689,Good (680-739)
BOR109682,27,MA,43000.0,Full-time,Mortgage,42.5,4.5,4,716,Good (680-739)
BOR109683,42,IN,28500.0,Part-time,Other,35.1,0.9,23,701,Good (680-739)
BOR109684,55,NV,46300.0,Self-employed,Rent,17.8,1.1,34,698,Good (680-739)
BOR109685,34,MN,87900.0,Full-time,Own,25.7,6.1,13,610,Poor (<620)
BOR109686,47,IN,31000.0,Full-time,Mortgage,27.0,15.6,25,705,Good (680-739)
BOR109687,60,LA,47600.0,Full-time,Rent,30.2,8.2,37,716,Good (680-739)
BOR109688,19,NV,97400.0,Self-employed,Rent,26.1,6.5,1,725,Good (680-739)
BOR109689,44,NY,40700.0,Self-employed,Mortgage,14.4,0.3,28,633,Fair (620-679)
BOR109690,55,UT,44000.0,Retired,Rent,30.6,3.5,35,740,Very Good (740-799)
BOR109691,37,LA,25400.0,Full-time,Mortgage,46.3,6.1,19,594,Poor (<620)
BOR109692,58,NC,61700.0,Full-time,Mortgage,25.5,2.7,41,652,Fair (620-679)
BOR109693,49,CA,33400.0,Full-time,Mortgage,19.6,1.0,31,662,Fair (620-679)
BOR109694,62,TN,23200.0,Full-time,Rent,46.2,11.4,40,598,Poor (<620)
BOR109695,48,NJ,30400.0,Self-employed,Mortgage,51.2,3.8,25,661,Fair (620-679)
BOR109696,63,CO,51200.0,Full-time,Mortgage,27.9,4.6,45,694,Good (680-739)
BOR109697,45,WA,22900.0,Full-time,Rent,34.4,5.2,29,561,Poor (<620)
BOR109698,25,TX,25000.0,Full-time,Mortgage,34.2,1.1,4,654,Fair (620-679)
BOR109699,33,OH,60000.0,Full-time,Mortgage,40.9,5.5,11,566,Poor (<620)
BOR109700,53,LA,45100.0,Full-time,Mortgage,20.8,3.3,30,813,Exceptional (800+)
BOR109701,53,CA,30900.0,Part-time,Mortgage,31.7,3.1,37,694,Good (680-739)
BOR109702,37,WI,40400.0,Self-employed,Rent,21.1,0.4,16,688,Good (680-739)
BOR109703,63,GA,101900.0,Full-time,Rent,35.5,0.6,40,695,Good (680-739)
BOR109704,37,NJ,83000.0,Full-time,Mortgage,47.1,5.4,15,719,Good (680-739)
BOR109705,47,AZ,44400.0,Full-time,Mortgage,35.3,3.2,30,744,Very Good (740-799)
BOR109706,46,OH,67300.0,Full-time,Rent,23.5,0.3,30,578,Poor (<620)
BOR109707,25,IN,49200.0,Full-time,Rent,42.0,0.7,9,765,Very Good (740-799)
BOR109708,40,MD,21000.0,Full-time,Mortgage,25.9,3.4,19,761,Very Good (740-799)
BOR109709,70,TX,19400.0,Self-employed,Rent,36.7,0.7,47,676,Fair (620-679)
BOR109710,30,MI,31000.0,Part-time,Rent,24.2,12.5,9,672,Fair (620-679)
BOR109711,49,WI,22900.0,Full-time,Mortgage,18.7,2.6,26,500,Poor (<620)
BOR109712,27,MD,52700.0,Full-time,Rent,24.4,0.7,10,599,Poor (<620)
BOR109713,30,AZ,36400.0,Full-time,Rent,5.0,3.6,11,714,Good (680-739)
BOR109714,24,MN,56500.0,Retired,Own,21.2,2.6,8,758,Very Good (740-799)
BOR109715,52,FL,56900.0,Self-employed,Other,53.4,0.4,32,727,Good (680-739)
BOR109716,31,FL,63600.0,Self-employed,Rent,5.0,7.5,8,675,Fair (620-679)
BOR109717,56,IN,30700.0,Full-time,Mortgage,16.3,5.3,39,805,Exceptional (800+)
BOR109718,35,MD,58800.0,Self-employed,Rent,49.4,14.5,12,745,Very Good (740-799)
BOR109719,43,NV,30300.0,Full-time,Mortgage,22.4,3.0,20,654,Fair (620-679)
BOR109720,46,PA,64200.0,Full-time,Mortgage,28.0,8.8,24,822,Exceptional (800+)
BOR109721,22,WA,80800.0,Full-time,Rent,31.8,7.5,1,609,Poor (<620)
BOR109722,43,IN,64600.0,Full-time,Rent,15.5,28.8,27,584,Poor (<620)
BOR109723,45,IL,43100.0,Full-time,Mortgage,42.4,0.8,22,653,Fair (620-679)
BOR109724,55,WA,60200.0,Full-time,Rent,30.8,4.0,37,631,Fair (620-679)
BOR109725,29,IN,23400.0,Full-time,Mortgage,25.7,0.5,7,656,Fair (620-679)
BOR109726,31,IL,21100.0,Full-time,Mortgage,41.4,12.3,10,732,Good (680-739)
BOR109727,49,MI,57500.0,Full-time,Own,18.7,14.7,29,678,Fair (620-679)
BOR109728,58,IL,84000.0,Full-time,Rent,32.4,13.1,35,679,Fair (620-679)
BOR109729,34,MS,26800.0,Part-time,Mortgage,21.9,3.6,16,684,Good (680-739)
BOR109730,26,IL,46900.0,Full-time,Mortgage,19.4,0.8,9,530,Poor (<620)
BOR109731,37,FL,56800.0,Full-time,Rent,52.0,3.3,14,582,Poor (<620)
BOR109732,29,CA,35400.0,Self-employed,Rent,33.3,9.8,6,655,Fair (620-679)
BOR109733,46,TX,40000.0,Full-time,Mortgage,41.5,2.2,27,625,Fair (620-679)
BOR109734,28,PA,61400.0,Full-time,Rent,26.8,5.0,6,665,Fair (620-679)
BOR109735,53,TN,49000.0,Full-time,Mortgage,21.7,0.3,30,771,Very Good (740-799)
BOR109736,44,CA,49100.0,Full-time,Own,5.0,0.6,27,675,Fair (620-679)
BOR109737,53,GA,30000.0,Full-time,Other,28.8,0.3,36,594,Poor (<620)
BOR109738,19,TX,46000.0,Self-employed,Mortgage,15.4,3.2,1,628,Fair (620-679)
BOR109739,20,NJ,39000.0,Self-employed,Rent,32.9,1.6,1,791,Very Good (740-799)
BOR109740,57,TX,39900.0,Full-time,Rent,19.1,0.1,41,780,Very Good (740-799)
BOR109741,32,TN,36500.0,Full-time,Rent,36.7,8.0,12,719,Good (680-739)
BOR109742,23,MD,46100.0,Full-time,Own,52.6,2.9,7,578,Poor (<620)
BOR109743,39,MD,31500.0,Part-time,Own,60.3,12.5,21,700,Good (680-739)
BOR109744,44,IL,46900.0,Self-employed,Own,35.2,4.0,21,705,Good (680-739)
BOR109745,39,LA,39600.0,Full-time,Mortgage,31.9,4.7,21,682,Good (680-739)
BOR109746,47,MD,30700.0,Self-employed,Rent,25.0,1.2,29,643,Fair (620-679)
BOR109747,45,TX,19400.0,Full-time,Mortgage,24.2,0.1,23,656,Fair (620-679)
BOR109748,44,NJ,71400.0,Full-time,Own,22.8,3.3,25,638,Fair (620-679)
BOR109749,57,CO,65200.0,Full-time,Own,46.8,0.2,39,606,Poor (<620)
BOR109750,41,GA,32500.0,Full-time,Mortgage,28.1,1.1,18,769,Very Good (740-799)
BOR109751,40,MI,63400.0,Full-time,Own,53.6,7.5,19,737,Good (680-739)
BOR109752,51,TN,29400.0,Full-time,Rent,22.7,4.9,32,661,Fair (620-679)
BOR109753,48,TX,40600.0,Self-employed,Mortgage,30.6,16.4,28,703,Good (680-739)
BOR109754,30,UT,36700.0,Full-time,Mortgage,19.3,4.6,14,705,Good (680-739)
BOR109755,40,PA,41200.0,Full-time,Rent,37.3,14.7,23,832,Exceptional (800+)
BOR109756,46,CA,62400.0,Part-time,Rent,30.0,0.4,23,737,Good (680-739)
BOR109757,34,CA,38900.0,Full-time,Rent,31.7,7.2,16,734,Good (680-739)
BOR109758,35,NJ,40000.0,Retired,Rent,28.9,5.0,13,682,Good (680-739)
BOR109759,24,LA,65200.0,Self-employed,Own,37.6,0.7,6,652,Fair (620-679)
BOR109760,19,NV,47900.0,Full-time,Own,38.7,3.5,1,770,Very Good (740-799)
BOR109761,37,MS,35700.0,Full-time,Rent,40.3,2.1,19,722,Good (680-739)
BOR109762,43,AZ,52000.0,Full-time,Rent,22.6,3.3,27,626,Fair (620-679)
BOR109763,28,NJ,72900.0,Full-time,Rent,35.2,2.7,12,710,Good (680-739)
BOR109764,58,MI,75000.0,Full-time,Own,27.0,3.8,42,734,Good (680-739)
BOR109765,28,TX,25700.0,Full-time,Other,45.3,3.9,12,544,Poor (<620)
BOR109766,52,MS,26300.0,Full-time,Other,34.5,3.1,30,620,Fair (620-679)
BOR109767,46,WA,73100.0,Self-employed,Mortgage,35.0,0.8,24,704,Good (680-739)
BOR109768,67,NJ,41000.0,Full-time,Own,29.2,0.5,49,555,Poor (<620)
BOR109769,47,WA,18000.0,Self-employed,Mortgage,23.9,13.2,29,565,Poor (<620)
BOR109770,24,MN,33600.0,Self-employed,Mortgage,32.7,0.3,6,662,Fair (620-679)
BOR109771,54,IL,38300.0,Self-employed,Mortgage,44.2,2.4,31,712,Good (680-739)
BOR109772,61,MD,40500.0,Part-time,Own,24.3,13.1,39,715,Good (680-739)
BOR109773,20,MD,65800.0,Full-time,Rent,45.2,1.3,4,783,Very Good (740-799)
BOR109774,49,NV,30700.0,Full-time,Mortgage,37.7,3.3,27,685,Good (680-739)
BOR109775,51,CA,71000.0,Part-time,Rent,11.7,6.7,29,656,Fair (620-679)
BOR109776,38,PA,53000.0,Full-time,Mortgage,22.8,1.2,19,595,Poor (<620)
BOR109777,19,VA,26100.0,Full-time,Rent,54.9,3.7,1,655,Fair (620-679)
BOR109778,37,NV,40400.0,Retired,Mortgage,30.8,2.0,16,726,Good (680-739)
BOR109779,34,UT,58300.0,Part-time,Own,23.0,16.3,13,729,Good (680-739)
BOR109780,59,TN,47500.0,Full-time,Rent,23.3,1.6,39,697,Good (680-739)
BOR109781,40,IL,55300.0,Part-time,Mortgage,30.6,1.7,19,716,Good (680-739)
BOR109782,36,PA,35800.0,Self-employed,Mortgage,41.2,6.2,20,763,Very Good (740-799)
BOR109783,34,IN,59900.0,Retired,Mortgage,28.6,0.9,17,685,Good (680-739)
BOR109784,45,IL,39000.0,Part-time,Rent,24.2,0.0,24,769,Very Good (740-799)
BOR109785,42,AZ,146600.0,Full-time,Rent,9.3,0.2,25,633,Fair (620-679)
BOR109786,32,NV,25800.0,Part-time,Own,22.9,4.1,16,675,Fair (620-679)
BOR109787,44,MI,157000.0,Full-time,Other,25.0,9.0,22,649,Fair (620-679)
BOR109788,34,MI,30400.0,Full-time,Own,35.2,0.0,13,732,Good (680-739)
BOR109789,19,CA,82600.0,Part-time,Rent,36.1,2.9,2,614,Poor (<620)
BOR109790,49,OH,67700.0,Full-time,Rent,46.4,5.7,26,659,Fair (620-679)
BOR109791,48,MD,31000.0,Retired,Mortgage,20.1,4.1,32,559,Poor (<620)
BOR109792,43,NC,61100.0,Retired,Rent,33.3,1.5,23,719,Good (680-739)
BOR109793,36,PA,37300.0,Full-time,Rent,33.6,0.6,15,761,Very Good (740-799)
BOR109794,40,FL,52800.0,Full-time,Rent,22.0,2.7,21,739,Good (680-739)
BOR109795,51,FL,49800.0,Full-time,Rent,41.1,0.1,34,733,Good (680-739)
BOR109796,33,IN,39800.0,Full-time,Rent,49.0,18.6,17,735,Good (680-739)
BOR109797,51,TN,38400.0,Full-time,Rent,32.2,8.7,30,725,Good (680-739)
BOR109798,23,WA,54400.0,Full-time,Mortgage,27.2,8.1,1,720,Good (680-739)
BOR109799,43,WA,31000.0,Full-time,Rent,46.9,3.1,24,724,Good (680-739)
BOR109800,41,PA,31600.0,Self-employed,Mortgage,36.4,5.7,23,637,Fair (620-679)
BOR109801,53,WA,71700.0,Full-time,Rent,19.8,6.7,35,667,Fair (620-679)
BOR109802,30,TX,56500.0,Full-time,Rent,30.1,1.4,8,685,Good (680-739)
BOR109803,31,MS,25900.0,Full-time,Own,28.4,1.5,15,658,Fair (620-679)
BOR109804,24,TX,29700.0,Full-time,Rent,23.5,3.9,1,578,Poor (<620)
BOR109805,34,NJ,18000.0,Full-time,Rent,24.0,1.0,16,600,Poor (<620)
BOR109806,44,CA,70200.0,Self-employed,Rent,25.3,3.7,21,695,Good (680-739)
BOR109807,19,MN,63600.0,Full-time,Mortgage,40.1,4.6,1,739,Good (680-739)
BOR109808,36,PA,28600.0,Retired,Rent,29.1,5.2,17,681,Good (680-739)
BOR109809,48,MS,62500.0,Full-time,Own,32.9,5.7,27,850,Exceptional (800+)
BOR109810,40,TX,113900.0,Full-time,Rent,41.7,13.7,23,620,Fair (620-679)
BOR109811,42,NV,23300.0,Self-employed,Mortgage,29.0,8.5,22,709,Good (680-739)
BOR109812,23,IN,35400.0,Full-time,Own,20.0,3.6,5,764,Very Good (740-799)
BOR109813,40,OH,23100.0,Full-time,Rent,41.4,8.0,17,749,Very Good (740-799)
BOR109814,41,PA,71500.0,Full-time,Mortgage,28.2,2.1,23,723,Good (680-739)
BOR109815,39,NC,44700.0,Self-employed,Mortgage,49.8,7.0,23,750,Very Good (740-799)
BOR109816,43,NV,39000.0,Full-time,Rent,42.1,2.1,21,684,Good (680-739)
BOR109817,37,LA,51700.0,Full-time,Mortgage,37.3,0.7,17,788,Very Good (740-799)
BOR109818,36,PA,36300.0,Self-employed,Mortgage,34.3,2.9,19,763,Very Good (740-799)
BOR109819,29,NC,38900.0,Full-time,Rent,43.2,0.1,12,625,Fair (620-679)
BOR109820,53,IL,52800.0,Self-employed,Mortgage,34.5,7.2,36,701,Good (680-739)
BOR109821,26,NY,35400.0,Full-time,Own,10.3,1.1,7,579,Poor (<620)
BOR109822,43,IN,37800.0,Part-time,Mortgage,31.0,5.1,26,779,Very Good (740-799)
BOR109823,63,NC,43500.0,Full-time,Mortgage,37.7,6.5,46,695,Good (680-739)
BOR109824,54,IL,48600.0,Full-time,Rent,22.0,8.0,37,768,Very Good (740-799)
BOR109825,47,LA,61100.0,Full-time,Mortgage,57.9,0.8,29,673,Fair (620-679)
BOR109826,44,CO,60600.0,Retired,Rent,30.5,2.5,25,559,Poor (<620)
BOR109827,39,MN,23700.0,Full-time,Mortgage,37.6,0.3,18,850,Exceptional (800+)
BOR109828,30,TX,87900.0,Full-time,Rent,43.7,2.6,8,689,Good (680-739)
BOR109829,38,MS,47900.0,Full-time,Mortgage,38.0,5.5,16,615,Poor (<620)
BOR109830,48,MA,40200.0,Part-time,Rent,30.9,8.1,26,754,Very Good (740-799)
BOR109831,46,WA,31100.0,Full-time,Rent,36.0,14.4,26,812,Exceptional (800+)
BOR109832,50,CA,114100.0,Full-time,Own,30.1,7.8,28,667,Fair (620-679)
BOR109833,56,LA,134900.0,Full-time,Mortgage,31.1,3.4,38,674,Fair (620-679)
BOR109834,39,AZ,108000.0,Full-time,Rent,20.5,1.3,22,695,Good (680-739)
BOR109835,43,NV,49200.0,Full-time,Mortgage,29.4,5.9,25,608,Poor (<620)
BOR109836,19,IN,54400.0,Part-time,Mortgage,20.0,0.2,1,635,Fair (620-679)
BOR109837,68,MN,91200.0,Full-time,Rent,32.0,3.0,48,796,Very Good (740-799)
BOR109838,36,MD,41800.0,Full-time,Rent,27.9,3.7,13,671,Fair (620-679)
BOR109839,49,MS,59500.0,Full-time,Rent,37.0,1.6,29,626,Fair (620-679)
BOR109840,36,IL,51700.0,Full-time,Rent,17.0,0.8,13,651,Fair (620-679)
BOR109841,36,PA,110600.0,Part-time,Rent,22.7,0.5,14,750,Very Good (740-799)
BOR109842,38,MD,89000.0,Full-time,Rent,22.8,2.5,21,552,Poor (<620)
BOR109843,26,WA,43800.0,Part-time,Rent,31.9,6.5,3,697,Good (680-739)
BOR109844,19,TN,92600.0,Full-time,Own,29.5,1.3,1,840,Exceptional (800+)
BOR109845,55,MD,46500.0,Part-time,Own,43.0,1.3,38,812,Exceptional (800+)
BOR109846,48,AZ,36500.0,Full-time,Rent,32.4,3.7,32,717,Good (680-739)
BOR109847,30,MN,41000.0,Full-time,Rent,32.0,2.6,7,766,Very Good (740-799)
BOR109848,46,GA,49800.0,Full-time,Mortgage,21.4,8.6,29,765,Very Good (740-799)
BOR109849,51,LA,32800.0,Full-time,Rent,29.1,1.0,31,672,Fair (620-679)
BOR109850,33,FL,36900.0,Full-time,Own,18.7,11.6,15,740,Very Good (740-799)
BOR109851,46,TN,24400.0,Full-time,Rent,36.9,2.2,28,796,Very Good (740-799)
BOR109852,53,LA,32200.0,Full-time,Mortgage,40.3,4.1,33,598,Poor (<620)
BOR109853,24,OH,51800.0,Full-time,Rent,16.9,8.3,7,717,Good (680-739)
BOR109854,47,NC,74500.0,Self-employed,Other,32.4,4.6,28,703,Good (680-739)
BOR109855,45,GA,70400.0,Full-time,Rent,31.0,0.7,24,687,Good (680-739)
BOR109856,64,AZ,56600.0,Full-time,Rent,44.0,2.9,44,681,Good (680-739)
BOR109857,48,NJ,23400.0,Full-time,Own,22.0,7.8,27,695,Good (680-739)
BOR109858,36,FL,31700.0,Self-employed,Own,24.4,2.3,13,701,Good (680-739)
BOR109859,37,LA,42700.0,Part-time,Rent,34.6,0.3,14,753,Very Good (740-799)
BOR109860,65,IL,71900.0,Full-time,Rent,27.1,15.8,48,711,Good (680-739)
BOR109861,37,AZ,36300.0,Part-time,Rent,27.6,2.6,19,668,Fair (620-679)
BOR109862,48,TN,26900.0,Full-time,Other,27.5,0.6,32,625,Fair (620-679)
BOR109863,38,TX,89500.0,Unemployed,Own,37.2,2.4,18,649,Fair (620-679)
BOR109864,54,FL,33500.0,Full-time,Rent,43.4,3.9,34,697,Good (680-739)
BOR109865,55,UT,28100.0,Full-time,Own,31.2,0.8,34,634,Fair (620-679)
BOR109866,41,IN,51700.0,Part-time,Rent,29.3,27.5,25,741,Very Good (740-799)
BOR109867,36,CA,45600.0,Full-time,Rent,38.6,11.5,14,708,Good (680-739)
BOR109868,36,MN,37200.0,Part-time,Rent,34.1,10.8,19,754,Very Good (740-799)
BOR109869,20,WA,46600.0,Full-time,Mortgage,33.6,0.5,1,638,Fair (620-679)
BOR109870,42,TX,30700.0,Full-time,Rent,43.3,1.7,24,626,Fair (620-679)
BOR109871,42,MO,37000.0,Full-time,Rent,21.3,0.3,21,754,Very Good (740-799)
BOR109872,31,WA,45900.0,Full-time,Rent,29.4,5.2,14,688,Good (680-739)
BOR109873,19,IL,18700.0,Full-time,Mortgage,22.2,4.9,1,667,Fair (620-679)
BOR109874,43,LA,71700.0,Full-time,Mortgage,26.6,5.7,25,725,Good (680-739)
BOR109875,45,GA,25100.0,Part-time,Rent,19.3,5.3,25,723,Good (680-739)
BOR109876,46,GA,30600.0,Full-time,Rent,28.2,0.3,26,598,Poor (<620)
BOR109877,29,OH,73100.0,Full-time,Own,35.7,2.6,9,770,Very Good (740-799)
BOR109878,46,CO,60200.0,Self-employed,Mortgage,5.7,8.8,25,653,Fair (620-679)
BOR109879,39,MD,48500.0,Full-time,Own,28.7,0.7,16,791,Very Good (740-799)
BOR109880,51,MS,21600.0,Self-employed,Rent,31.1,3.8,35,593,Poor (<620)
BOR109881,29,IL,35500.0,Full-time,Mortgage,29.2,6.1,9,701,Good (680-739)
BOR109882,55,MN,42300.0,Self-employed,Mortgage,15.2,6.4,32,668,Fair (620-679)
BOR109883,59,MA,43700.0,Part-time,Own,41.6,0.4,43,552,Poor (<620)
BOR109884,42,GA,77900.0,Full-time,Mortgage,41.4,2.8,20,723,Good (680-739)
BOR109885,46,CA,114400.0,Full-time,Mortgage,43.4,3.1,25,555,Poor (<620)
BOR109886,50,NV,61500.0,Full-time,Other,26.4,1.2,28,661,Fair (620-679)
BOR109887,29,OH,36700.0,Full-time,Other,33.7,3.0,10,752,Very Good (740-799)
BOR109888,35,TN,80500.0,Full-time,Mortgage,24.7,0.4,15,646,Fair (620-679)
BOR109889,43,AZ,35800.0,Full-time,Rent,21.3,0.2,23,621,Fair (620-679)
BOR109890,65,CA,18000.0,Part-time,Rent,20.8,7.1,46,732,Good (680-739)
BOR109891,27,NH,26600.0,Full-time,Rent,34.0,0.2,6,664,Fair (620-679)
BOR109892,61,NV,18000.0,Part-time,Mortgage,40.4,1.3,41,654,Fair (620-679)
BOR109893,39,WA,39200.0,Full-time,Rent,44.9,1.2,16,763,Very Good (740-799)
BOR109894,41,MO,43000.0,Full-time,Other,31.5,8.0,19,604,Poor (<620)
BOR109895,56,VA,22800.0,Full-time,Rent,25.2,2.4,34,650,Fair (620-679)
BOR109896,65,WI,31800.0,Full-time,Rent,31.0,1.7,45,736,Good (680-739)
BOR109897,46,NY,24500.0,Full-time,Own,41.7,1.1,28,600,Poor (<620)
BOR109898,55,NJ,44000.0,Full-time,Mortgage,48.2,0.6,34,795,Very Good (740-799)
BOR109899,30,NC,31800.0,Full-time,Rent,43.8,6.9,13,666,Fair (620-679)
BOR109900,35,NJ,73500.0,Retired,Own,42.8,3.5,18,737,Good (680-739)
BOR109901,25,NJ,50300.0,Full-time,Mortgage,45.6,3.1,2,737,Good (680-739)
BOR109902,35,NY,96000.0,Retired,Rent,32.7,3.2,17,670,Fair (620-679)
BOR109903,48,NH,38000.0,Full-time,Rent,34.8,4.0,31,649,Fair (620-679)
BOR109904,44,CA,122400.0,Self-employed,Rent,42.6,2.0,24,677,Fair (620-679)
BOR109905,62,CA,46700.0,Full-time,Rent,37.1,13.0,45,726,Good (680-739)
BOR109906,66,MI,36800.0,Full-time,Mortgage,40.7,15.2,43,616,Poor (<620)
BOR109907,39,TN,137900.0,Full-time,Rent,25.9,8.1,16,602,Poor (<620)
BOR109908,33,PA,20500.0,Full-time,Rent,46.0,5.0,13,776,Very Good (740-799)
BOR109909,55,AZ,36400.0,Full-time,Mortgage,27.0,0.8,36,632,Fair (620-679)
BOR109910,56,MD,22000.0,Part-time,Rent,43.1,3.8,37,703,Good (680-739)
BOR109911,46,FL,20400.0,Part-time,Mortgage,31.1,0.9,30,667,Fair (620-679)
BOR109912,49,NH,18400.0,Full-time,Rent,26.7,21.3,30,670,Fair (620-679)
BOR109913,48,NC,61500.0,Self-employed,Rent,12.1,2.2,28,773,Very Good (740-799)
BOR109914,29,IN,25600.0,Full-time,Rent,29.8,1.5,9,674,Fair (620-679)
BOR109915,26,FL,41600.0,Full-time,Mortgage,19.5,1.6,8,657,Fair (620-679)
BOR109916,40,MD,69700.0,Full-time,Mortgage,22.8,5.8,19,662,Fair (620-679)
BOR109917,39,NV,57400.0,Full-time,Rent,37.1,3.4,20,647,Fair (620-679)
BOR109918,44,FL,56200.0,Full-time,Mortgage,16.8,1.8,25,636,Fair (620-679)
BOR109919,39,NY,80500.0,Full-time,Own,44.3,1.4,19,648,Fair (620-679)
BOR109920,21,GA,96200.0,Full-time,Mortgage,57.2,0.8,1,788,Very Good (740-799)
BOR109921,19,CA,26500.0,Self-employed,Rent,27.2,8.2,1,726,Good (680-739)
BOR109922,50,NH,58000.0,Self-employed,Rent,44.0,12.7,30,658,Fair (620-679)
BOR109923,33,TN,41300.0,Unemployed,Own,18.0,0.9,17,744,Very Good (740-799)
BOR109924,38,TN,43700.0,Full-time,Rent,36.0,3.0,20,577,Poor (<620)
BOR109925,34,UT,23600.0,Full-time,Rent,35.6,0.4,17,769,Very Good (740-799)
BOR109926,30,NV,36700.0,Full-time,Rent,62.8,1.1,7,764,Very Good (740-799)
BOR109927,30,NV,38600.0,Full-time,Mortgage,28.3,0.8,8,825,Exceptional (800+)
BOR109928,53,NC,88800.0,Full-time,Rent,36.6,6.7,35,746,Very Good (740-799)
BOR109929,38,NC,27700.0,Self-employed,Rent,30.2,1.5,21,708,Good (680-739)
BOR109930,49,GA,18000.0,Retired,Own,28.3,4.8,30,764,Very Good (740-799)
BOR109931,50,NC,46500.0,Full-time,Rent,30.6,5.1,27,639,Fair (620-679)
BOR109932,45,NC,26500.0,Retired,Rent,30.1,3.0,29,654,Fair (620-679)
BOR109933,51,NY,43800.0,Full-time,Mortgage,25.7,0.3,33,676,Fair (620-679)
BOR109934,41,NC,62800.0,Full-time,Rent,34.7,2.2,24,769,Very Good (740-799)
BOR109935,57,NJ,44600.0,Full-time,Own,23.0,1.5,36,624,Fair (620-679)
BOR109936,51,GA,38400.0,Full-time,Mortgage,28.0,0.9,29,617,Poor (<620)
BOR109937,52,PA,43500.0,Full-time,Rent,51.2,4.4,35,695,Good (680-739)
BOR109938,30,MI,68300.0,Full-time,Own,30.8,6.5,11,727,Good (680-739)
BOR109939,44,VA,27700.0,Full-time,Rent,40.9,5.2,26,634,Fair (620-679)
BOR109940,19,MD,64700.0,Full-time,Rent,31.2,2.3,2,724,Good (680-739)
BOR109941,58,MD,29700.0,Part-time,Own,39.7,2.2,38,769,Very Good (740-799)
BOR109942,34,PA,61100.0,Full-time,Own,30.3,1.3,17,758,Very Good (740-799)
BOR109943,35,CA,23300.0,Full-time,Own,6.1,1.2,12,703,Good (680-739)
BOR109944,25,GA,59500.0,Unemployed,Rent,31.7,2.8,7,674,Fair (620-679)
BOR109945,41,PA,44500.0,Self-employed,Mortgage,22.0,4.6,22,793,Very Good (740-799)
BOR109946,38,MI,48700.0,Unemployed,Rent,29.0,2.7,17,681,Good (680-739)
BOR109947,63,NH,71800.0,Full-time,Rent,38.9,6.0,40,741,Very Good (740-799)
BOR109948,51,PA,32200.0,Full-time,Rent,50.2,0.2,35,807,Exceptional (800+)
BOR109949,35,GA,46100.0,Self-employed,Rent,17.9,1.4,18,734,Good (680-739)
BOR109950,21,MD,53400.0,Retired,Rent,29.6,9.9,1,615,Poor (<620)
BOR109951,19,WA,40800.0,Full-time,Own,32.2,2.7,3,599,Poor (<620)
BOR109952,29,TX,64400.0,Unemployed,Mortgage,32.5,1.1,12,661,Fair (620-679)
BOR109953,25,PA,54100.0,Full-time,Mortgage,32.6,0.2,3,726,Good (680-739)
BOR109954,45,MS,35900.0,Self-employed,Other,37.6,5.7,22,709,Good (680-739)
BOR109955,39,FL,82200.0,Full-time,Rent,27.6,0.1,18,823,Exceptional (800+)
BOR109956,41,TN,60000.0,Full-time,Mortgage,30.0,1.5,21,708,Good (680-739)
BOR109957,30,MN,31900.0,Full-time,Mortgage,35.9,1.6,14,659,Fair (620-679)
BOR109958,43,OH,31800.0,Full-time,Mortgage,25.0,5.4,27,606,Poor (<620)
BOR109959,24,MD,42200.0,Full-time,Mortgage,26.1,5.0,8,757,Very Good (740-799)
BOR109960,40,PA,57000.0,Full-time,Own,31.3,1.3,23,680,Good (680-739)
BOR109961,51,GA,18000.0,Full-time,Rent,26.1,9.0,29,582,Poor (<620)
BOR109962,37,GA,32500.0,Full-time,Rent,22.2,0.9,19,681,Good (680-739)
BOR109963,46,NH,36000.0,Full-time,Rent,21.1,4.1,29,615,Poor (<620)
BOR109964,19,IL,24400.0,Full-time,Mortgage,31.6,4.9,2,652,Fair (620-679)
BOR109965,19,NY,29400.0,Full-time,Mortgage,45.7,8.8,1,680,Good (680-739)
BOR109966,45,MS,49600.0,Full-time,Mortgage,35.9,1.6,26,621,Fair (620-679)
BOR109967,54,PA,37400.0,Full-time,Own,22.5,3.8,32,648,Fair (620-679)
BOR109968,38,LA,38800.0,Self-employed,Own,47.5,2.3,16,632,Fair (620-679)
BOR109969,67,IN,25100.0,Retired,Rent,27.0,0.6,47,633,Fair (620-679)
BOR109970,24,MA,42400.0,Full-time,Rent,47.9,0.4,1,614,Poor (<620)
BOR109971,33,CO,23700.0,Full-time,Rent,31.3,3.5,10,649,Fair (620-679)
BOR109972,43,MD,89900.0,Self-employed,Rent,34.7,1.3,27,622,Fair (620-679)
BOR109973,47,FL,102200.0,Full-time,Other,28.3,0.2,31,718,Good (680-739)
BOR109974,34,NH,37700.0,Full-time,Rent,29.0,7.1,17,693,Good (680-739)
BOR109975,28,NM,28100.0,Unemployed,Own,45.8,2.8,9,758,Very Good (740-799)
BOR109976,48,LA,68500.0,Self-employed,Mortgage,30.2,5.5,29,803,Exceptional (800+)
BOR109977,43,TN,60900.0,Retired,Rent,41.4,2.9,26,724,Good (680-739)
BOR109978,37,WA,108400.0,Full-time,Rent,32.5,6.5,16,709,Good (680-739)
BOR109979,47,AZ,122200.0,Full-time,Rent,30.8,2.5,28,728,Good (680-739)
BOR109980,39,CA,18700.0,Part-time,Rent,38.2,4.8,22,710,Good (680-739)
BOR109981,39,WA,78500.0,Full-time,Rent,30.8,0.7,17,683,Good (680-739)
BOR109982,39,TN,42200.0,Part-time,Own,24.1,0.6,18,678,Fair (620-679)
BOR109983,31,IN,59700.0,Full-time,Mortgage,24.4,0.5,8,614,Poor (<620)
BOR109984,30,NC,66200.0,Self-employed,Own,37.8,6.3,7,735,Good (680-739)
BOR109985,35,VA,64900.0,Full-time,Mortgage,9.9,6.7,18,678,Fair (620-679)
BOR109986,41,TN,73100.0,Full-time,Rent,35.8,1.8,24,774,Very Good (740-799)
BOR109987,19,NJ,36200.0,Retired,Mortgage,17.6,0.1,1,739,Good (680-739)
BOR109988,52,UT,30400.0,Part-time,Rent,33.7,5.5,29,639,Fair (620-679)
BOR109989,41,MD,79500.0,Full-time,Rent,45.4,3.2,22,761,Very Good (740-799)
BOR109990,28,CA,31500.0,Retired,Rent,23.2,4.5,5,514,Poor (<620)
BOR109991,60,CA,107800.0,Full-time,Other,37.2,9.1,43,805,Exceptional (800+)
BOR109992,42,MD,33100.0,Full-time,Rent,43.2,3.6,24,593,Poor (<620)
BOR109993,25,NJ,39300.0,Full-time,Rent,26.2,0.9,8,712,Good (680-739)
BOR109994,60,NV,42800.0,Self-employed,Rent,25.5,3.2,42,708,Good (680-739)
BOR109995,57,PA,23300.0,Full-time,Mortgage,35.8,5.3,35,753,Very Good (740-799)
BOR109996,30,CA,23300.0,Full-time,Rent,44.5,4.6,12,659,Fair (620-679)
BOR109997,37,MI,70300.0,Retired,Rent,54.8,10.1,15,541,Poor (<620)
BOR109998,36,WI,21500.0,Full-time,Mortgage,24.6,1.3,19,659,Fair (620-679)
BOR109999,19,UT,144900.0,Self-employed,Own,38.5,0.8,3,666,Fair (620-679)
